Ranking,ID_Cliente,Probabilidade_Churn,Faixa_Risco,Principais_Fatores_de_Risco,Meses_de_Contrato,Tipo_Contrato,Servico_Internet,Mensalidade,Total_Pago,Forma_Pagamento,Fatura_Sem_Papel,Genero,Idoso,Tem_Parceiro,Tem_Dependentes
1,4912-PIGUY,86.8,Alto,"Contrato mensal, Cliente novo (≤12 meses), Internet fibra óptica, Pagamento por cheque eletrônico, Mensalidade alta",1,Month-to-month,Fiber optic,84.6,84.6,Electronic check,Yes,Female,0,No,No
2,1452-VOQCH,83.8,Alto,"Contrato mensal, Cliente novo (≤12 meses), Internet fibra óptica, Pagamento por cheque eletrônico, Mensalidade alta",1,Month-to-month,Fiber optic,75.1,75.1,Electronic check,Yes,Male,0,No,No
3,2545-EBUPK,82.9,Alto,"Contrato mensal, Cliente novo (≤12 meses), Internet fibra óptica, Pagamento por cheque eletrônico, Mensalidade alta",2,Month-to-month,Fiber optic,84.05,186.05,Electronic check,Yes,Female,1,No,No
4,7439-DKZTW,82.4,Alto,"Contrato mensal, Cliente novo (≤12 meses), Internet fibra óptica, Pagamento por cheque eletrônico, Mensalidade alta",1,Month-to-month,Fiber optic,80.55,80.55,Electronic check,Yes,Male,0,No,No
5,2254-DLXRI,81.4,Alto,"Contrato mensal, Cliente novo (≤12 meses), Internet fibra óptica, Mensalidade alta",1,Month-to-month,Fiber optic,79.15,79.15,Mailed check,Yes,Female,0,No,No
6,5150-ITWWB,81.1,Alto,"Contrato mensal, Cliente novo (≤12 meses), Internet fibra óptica, Pagamento por cheque eletrônico, Mensalidade alta",3,Month-to-month,Fiber optic,94.85,335.75,Electronic check,Yes,Male,1,No,No
7,4927-WWOOZ,81.0,Alto,"Contrato mensal, Cliente novo (≤12 meses), Internet fibra óptica, Pagamento por cheque eletrônico, Mensalidade alta",2,Month-to-month,Fiber optic,91.45,171.45,Electronic check,Yes,Male,0,Yes,No
8,8161-QYMTT,80.9,Alto,"Contrato mensal, Cliente novo (≤12 meses), Internet fibra óptica, Pagamento por cheque eletrônico, Mensalidade alta",7,Month-to-month,Fiber optic,94.1,701.3,Electronic check,Yes,Male,0,No,No
9,8622-ZLFKO,80.3,Alto,"Contrato mensal, Cliente novo (≤12 meses), Internet fibra óptica, Pagamento por cheque eletrônico, Mensalidade alta",6,Month-to-month,Fiber optic,90.75,512.25,Electronic check,Yes,Female,0,Yes,No
10,1628-BIZYP,80.0,Alto,"Contrato mensal, Cliente novo (≤12 meses), Internet fibra óptica, Pagamento por cheque eletrônico, Mensalidade alta",1,Month-to-month,Fiber optic,85.0,85.0,Electronic check,Yes,Male,0,No,No
11,7577-SWIFR,79.9,Alto,"Contrato mensal, Cliente novo (≤12 meses), Internet fibra óptica, Pagamento por cheque eletrônico, Mensalidade alta",1,Month-to-month,Fiber optic,89.25,89.25,Electronic check,Yes,Male,0,No,No
12,5542-TBBWB,79.8,Alto,"Contrato mensal, Cliente novo (≤12 meses), Internet fibra óptica, Pagamento por cheque eletrônico",1,Month-to-month,Fiber optic,69.9,69.9,Electronic check,Yes,Male,0,No,No
13,9603-OAIHC,77.5,Alto,"Contrato mensal, Cliente novo (≤12 meses), Internet fibra óptica, Pagamento por cheque eletrônico, Mensalidade alta",1,Month-to-month,Fiber optic,70.05,70.05,Electronic check,Yes,Male,1,No,No
14,5032-MIYKT,77.1,Alto,"Contrato mensal, Cliente novo (≤12 meses), Internet fibra óptica, Mensalidade alta",1,Month-to-month,Fiber optic,70.7,70.7,Mailed check,Yes,Female,0,No,No
15,7465-ZZRVX,76.9,Alto,"Contrato mensal, Cliente novo (≤12 meses), Internet fibra óptica, Pagamento por cheque eletrônico, Mensalidade alta",1,Month-to-month,Fiber optic,70.35,70.35,Electronic check,Yes,Male,0,No,No
16,3462-BJQQA,76.8,Alto,"Contrato mensal, Cliente novo (≤12 meses), Internet fibra óptica, Pagamento por cheque eletrônico, Mensalidade alta",6,Month-to-month,Fiber optic,89.75,552.65,Electronic check,Yes,Female,0,No,No
17,1640-PLFMP,76.5,Alto,"Contrato mensal, Cliente novo (≤12 meses), Internet fibra óptica, Pagamento por cheque eletrônico, Mensalidade alta",1,Month-to-month,Fiber optic,70.25,70.25,Electronic check,Yes,Female,0,No,No
18,3878-AVSOQ,76.3,Alto,"Contrato mensal, Cliente novo (≤12 meses), Internet fibra óptica, Pagamento por cheque eletrônico, Mensalidade alta",1,Month-to-month,Fiber optic,71.25,71.25,Electronic check,Yes,Female,1,No,No
19,3489-HHPFY,76.1,Alto,"Contrato mensal, Cliente novo (≤12 meses), Internet fibra óptica, Pagamento por cheque eletrônico, Mensalidade alta",2,Month-to-month,Fiber optic,84.05,134.05,Electronic check,Yes,Female,0,Yes,No
20,6969-MVBAI,75.9,Alto,"Contrato mensal, Cliente novo (≤12 meses), Internet fibra óptica, Pagamento por cheque eletrônico, Mensalidade alta",9,Month-to-month,Fiber optic,90.1,816.8,Electronic check,Yes,Female,1,No,No
21,7952-OBOYL,75.8,Alto,"Contrato mensal, Cliente novo (≤12 meses), Internet fibra óptica, Mensalidade alta",3,Month-to-month,Fiber optic,89.85,244.45,Mailed check,Yes,Male,0,No,No
22,0021-IKXGC,75.1,Alto,"Contrato mensal, Cliente novo (≤12 meses), Internet fibra óptica, Pagamento por cheque eletrônico, Mensalidade alta",1,Month-to-month,Fiber optic,72.1,72.1,Electronic check,Yes,Female,1,No,No
23,9605-WGJVW,75.0,Alto,"Contrato mensal, Cliente novo (≤12 meses), Internet fibra óptica, Pagamento por cheque eletrônico, Mensalidade alta",1,Month-to-month,Fiber optic,70.2,70.2,Electronic check,Yes,Female,1,No,No
24,6856-RAURS,74.6,Alto,"Contrato mensal, Cliente novo (≤12 meses), Internet fibra óptica, Mensalidade alta",2,Month-to-month,Fiber optic,74.9,136.05,Mailed check,Yes,Female,0,No,No
25,3422-GALYP,73.9,Alto,"Contrato mensal, Cliente novo (≤12 meses), Internet fibra óptica, Pagamento por cheque eletrônico, Mensalidade alta",2,Month-to-month,Fiber optic,79.45,145.15,Electronic check,Yes,Male,0,No,No
26,8775-ERLNB,73.6,Alto,"Contrato mensal, Cliente novo (≤12 meses), Internet fibra óptica, Pagamento por cheque eletrônico, Mensalidade alta",1,Month-to-month,Fiber optic,74.3,74.3,Electronic check,No,Male,1,Yes,No
27,6630-UJZMY,73.5,Alto,"Contrato mensal, Cliente novo (≤12 meses), Internet fibra óptica, Pagamento por cheque eletrônico, Mensalidade alta",4,Month-to-month,Fiber optic,83.25,308.05,Electronic check,Yes,Female,1,Yes,No
28,4847-TAJYI,73.3,Alto,"Contrato mensal, Cliente novo (≤12 meses), Internet fibra óptica, Pagamento por cheque eletrônico, Mensalidade alta",6,Month-to-month,Fiber optic,89.35,567.8,Electronic check,Yes,Female,1,No,No
29,4115-NZRKS,73.2,Alto,"Contrato mensal, Cliente novo (≤12 meses), Internet fibra óptica, Pagamento por cheque eletrônico, Mensalidade alta",7,Month-to-month,Fiber optic,89.15,574.35,Electronic check,Yes,Female,1,No,No
30,4884-ZTHVF,72.8,Alto,"Contrato mensal, Cliente novo (≤12 meses), Internet fibra óptica, Pagamento por cheque eletrônico, Mensalidade alta",8,Month-to-month,Fiber optic,87.1,713.6,Electronic check,Yes,Female,1,No,No
31,7994-UYIVZ,72.8,Alto,"Contrato mensal, Cliente novo (≤12 meses), Internet fibra óptica, Mensalidade alta",8,Month-to-month,Fiber optic,85.65,659.45,Bank transfer (automatic),Yes,Male,0,Yes,No
32,2262-SLNVK,72.8,Alto,"Contrato mensal, Cliente novo (≤12 meses), Internet fibra óptica, Pagamento por cheque eletrônico, Mensalidade alta",1,Month-to-month,Fiber optic,70.1,70.1,Electronic check,No,Female,0,No,No
33,8739-XNIKG,72.7,Alto,"Contrato mensal, Cliente novo (≤12 meses), Internet fibra óptica, Pagamento por cheque eletrônico, Mensalidade alta",5,Month-to-month,Fiber optic,84.0,424.75,Electronic check,Yes,Female,0,No,No
34,8309-IEYJD,72.6,Alto,"Contrato mensal, Cliente novo (≤12 meses), Internet fibra óptica, Mensalidade alta",1,Month-to-month,Fiber optic,70.6,70.6,Mailed check,Yes,Female,1,No,No
35,2754-SDJRD,72.6,Alto,"Contrato mensal, Cliente novo (≤12 meses), Internet fibra óptica, Mensalidade alta",8,Month-to-month,Fiber optic,100.15,908.55,Credit card (automatic),Yes,Female,1,No,No
36,4090-KPJIP,72.6,Alto,"Contrato mensal, Cliente novo (≤12 meses), Internet fibra óptica, Pagamento por cheque eletrônico, Mensalidade alta",3,Month-to-month,Fiber optic,74.95,212.4,Electronic check,Yes,Female,0,No,No
37,9617-INGJY,72.3,Alto,"Contrato mensal, Cliente novo (≤12 meses), Internet fibra óptica, Mensalidade alta",1,Month-to-month,Fiber optic,70.6,70.6,Mailed check,Yes,Male,0,No,No
38,8040-MNRTF,72.1,Alto,"Contrato mensal, Cliente novo (≤12 meses), Internet fibra óptica, Mensalidade alta",1,Month-to-month,Fiber optic,71.1,71.1,Mailed check,No,Female,0,No,No
39,1197-BVMVG,72.1,Alto,"Contrato mensal, Cliente novo (≤12 meses), Internet fibra óptica, Pagamento por cheque eletrônico, Mensalidade alta",4,Month-to-month,Fiber optic,74.45,294.45,Electronic check,Yes,Female,1,No,No
40,6350-XFYGW,71.9,Alto,"Contrato mensal, Cliente novo (≤12 meses), Internet fibra óptica, Pagamento por cheque eletrônico, Mensalidade alta",4,Month-to-month,Fiber optic,94.75,422.4,Electronic check,Yes,Male,1,No,No
41,4234-XTNEA,71.7,Alto,"Contrato mensal, Cliente novo (≤12 meses), Internet fibra óptica, Pagamento por cheque eletrônico, Mensalidade alta",2,Month-to-month,Fiber optic,79.95,174.45,Electronic check,Yes,Male,0,No,No
42,2215-ZAFGX,71.5,Alto,"Contrato mensal, Cliente novo (≤12 meses), Internet fibra óptica, Pagamento por cheque eletrônico, Mensalidade alta",9,Month-to-month,Fiber optic,85.5,791.7,Electronic check,Yes,Male,0,No,No
43,3320-VEOYC,71.5,Alto,"Contrato mensal, Internet fibra óptica, Pagamento por cheque eletrônico, Mensalidade alta",14,Month-to-month,Fiber optic,95.6,1273.3,Electronic check,Yes,Male,1,No,No
44,4445-ZJNMU,71.3,Alto,"Contrato mensal, Cliente novo (≤12 meses), Internet fibra óptica, Mensalidade alta",9,Month-to-month,Fiber optic,99.3,918.75,Credit card (automatic),Yes,Male,0,No,No
45,1200-TUZHR,71.3,Alto,"Contrato mensal, Cliente novo (≤12 meses), Internet fibra óptica, Pagamento por cheque eletrônico, Mensalidade alta",8,Month-to-month,Fiber optic,85.2,695.75,Electronic check,No,Female,1,No,No
46,8242-SOQUO,71.3,Alto,"Contrato mensal, Cliente novo (≤12 meses), Internet fibra óptica, Pagamento por cheque eletrônico, Mensalidade alta",5,Month-to-month,Fiber optic,84.7,392.5,Electronic check,Yes,Female,1,No,No
47,3318-NMQXL,71.1,Alto,"Contrato mensal, Cliente novo (≤12 meses), Internet fibra óptica, Pagamento por cheque eletrônico, Mensalidade alta",3,Month-to-month,Fiber optic,92.0,266.8,Electronic check,Yes,Male,0,No,No
48,4749-OJKQU,71.1,Alto,"Contrato mensal, Cliente novo (≤12 meses), Internet fibra óptica, Pagamento por cheque eletrônico, Mensalidade alta",4,Month-to-month,Fiber optic,75.65,302.35,Electronic check,Yes,Female,0,No,No
49,4395-PZMSN,70.8,Alto,"Contrato mensal, Cliente novo (≤12 meses), Internet fibra óptica, Pagamento por cheque eletrônico, Mensalidade alta",5,Month-to-month,Fiber optic,85.55,408.5,Electronic check,Yes,Male,1,No,No
50,6137-NICCO,70.5,Alto,"Contrato mensal, Cliente novo (≤12 meses), Internet fibra óptica, Mensalidade alta",6,Month-to-month,Fiber optic,94.05,518.75,Mailed check,Yes,Female,0,Yes,Yes
51,9334-GWGOW,70.0,Alto,"Contrato mensal, Cliente novo (≤12 meses), Internet fibra óptica, Pagamento por cheque eletrônico, Mensalidade alta",7,Month-to-month,Fiber optic,74.85,485.25,Electronic check,Yes,Male,1,Yes,No
52,2077-MPJQO,70.0,Alto,"Contrato mensal, Cliente novo (≤12 meses), Internet fibra óptica, Pagamento por cheque eletrônico, Mensalidade alta",7,Month-to-month,Fiber optic,75.4,533.05,Electronic check,Yes,Male,1,Yes,No
53,3030-YDNRM,70.0,Alto,"Contrato mensal, Cliente novo (≤12 meses), Internet fibra óptica, Pagamento por cheque eletrônico, Mensalidade alta",8,Month-to-month,Fiber optic,74.85,572.45,Electronic check,Yes,Male,0,No,No
54,4273-MBHYA,69.9,Alto,"Contrato mensal, Cliente novo (≤12 meses), Internet fibra óptica, Pagamento por cheque eletrônico, Mensalidade alta",1,Month-to-month,Fiber optic,89.35,89.35,Electronic check,Yes,Female,0,No,Yes
55,8873-GLDMH,69.7,Alto,"Contrato mensal, Cliente novo (≤12 meses), Internet fibra óptica, Mensalidade alta",6,Month-to-month,Fiber optic,73.85,401.3,Mailed check,Yes,Female,0,No,No
56,6357-JJPQT,69.6,Alto,"Contrato mensal, Cliente novo (≤12 meses), Internet fibra óptica, Pagamento por cheque eletrônico, Mensalidade alta",3,Month-to-month,Fiber optic,80.5,232.35,Electronic check,Yes,Female,0,No,No
57,9094-AZPHK,69.4,Alto,"Contrato mensal, Internet fibra óptica, Pagamento por cheque eletrônico, Mensalidade alta",15,Month-to-month,Fiber optic,100.15,1415.0,Electronic check,Yes,Female,0,No,No
58,0187-QSXOE,69.2,Alto,"Contrato mensal, Cliente novo (≤12 meses), Internet fibra óptica, Pagamento por cheque eletrônico, Mensalidade alta",7,Month-to-month,Fiber optic,89.0,605.45,Electronic check,Yes,Male,1,Yes,No
59,7363-QTBIW,68.9,Alto,"Contrato mensal, Cliente novo (≤12 meses), Internet fibra óptica, Pagamento por cheque eletrônico, Mensalidade alta",9,Month-to-month,Fiber optic,79.75,769.1,Electronic check,Yes,Female,0,Yes,No
60,2123-AGEEN,68.9,Alto,"Contrato mensal, Cliente novo (≤12 meses), Internet fibra óptica, Pagamento por cheque eletrônico, Mensalidade alta",7,Month-to-month,Fiber optic,84.35,609.65,Electronic check,Yes,Female,1,No,No
61,0840-DFEZH,68.8,Alto,"Contrato mensal, Cliente novo (≤12 meses), Internet fibra óptica, Pagamento por cheque eletrônico, Mensalidade alta",7,Month-to-month,Fiber optic,75.35,564.65,Electronic check,Yes,Female,0,No,No
62,2789-HQBOU,68.7,Alto,"Contrato mensal, Cliente novo (≤12 meses), Internet fibra óptica, Pagamento por cheque eletrônico, Mensalidade alta",3,Month-to-month,Fiber optic,80.35,253.8,Electronic check,Yes,Male,0,No,No
63,9957-YODKZ,68.7,Alto,"Contrato mensal, Cliente novo (≤12 meses), Internet fibra óptica, Pagamento por cheque eletrônico, Mensalidade alta",6,Month-to-month,Fiber optic,80.8,457.1,Electronic check,Yes,Male,1,Yes,No
64,3199-XGZCY,68.6,Alto,"Contrato mensal, Cliente novo (≤12 meses), Internet fibra óptica, Pagamento por cheque eletrônico, Mensalidade alta",8,Month-to-month,Fiber optic,75.25,576.7,Electronic check,Yes,Female,0,No,No
65,1960-UYCNN,68.5,Alto,"Contrato mensal, Cliente novo (≤12 meses), Internet fibra óptica, Pagamento por cheque eletrônico, Mensalidade alta",10,Month-to-month,Fiber optic,95.25,1021.55,Electronic check,Yes,Male,0,No,No
66,8087-LGYHQ,68.3,Alto,"Contrato mensal, Cliente novo (≤12 meses), Internet fibra óptica, Pagamento por cheque eletrônico, Mensalidade alta",9,Month-to-month,Fiber optic,94.05,811.65,Electronic check,Yes,Male,0,No,No
67,8541-QVFKM,67.7,Alto,"Contrato mensal, Cliente novo (≤12 meses), Internet fibra óptica, Pagamento por cheque eletrônico, Mensalidade alta",8,Month-to-month,Fiber optic,73.5,632.2,Electronic check,Yes,Female,0,No,No
68,4060-LDNLU,67.6,Alto,"Contrato mensal, Cliente novo (≤12 meses), Internet fibra óptica, Pagamento por cheque eletrônico, Mensalidade alta",7,Month-to-month,Fiber optic,96.2,639.7,Electronic check,No,Male,0,No,No
69,6229-LSCKB,67.5,Alto,"Contrato mensal, Cliente novo (≤12 meses), Internet fibra óptica, Pagamento por cheque eletrônico, Mensalidade alta",6,Month-to-month,Fiber optic,79.7,497.6,Electronic check,Yes,Male,1,No,No
70,4633-MKHYU,67.4,Alto,"Contrato mensal, Cliente novo (≤12 meses), Internet fibra óptica, Mensalidade alta",9,Month-to-month,Fiber optic,88.4,788.6,Mailed check,Yes,Female,0,No,No
71,1219-NNDDO,67.1,Alto,"Contrato mensal, Cliente novo (≤12 meses), Internet fibra óptica, Pagamento por cheque eletrônico, Mensalidade alta",9,Month-to-month,Fiber optic,76.85,663.55,Electronic check,Yes,Female,0,No,No
72,1173-XZPYF,67.1,Alto,"Contrato mensal, Cliente novo (≤12 meses), Internet fibra óptica, Pagamento por cheque eletrônico, Mensalidade alta",11,Month-to-month,Fiber optic,89.2,990.3,Electronic check,Yes,Female,0,No,No
73,5429-LWCMV,67.0,Alto,"Contrato mensal, Cliente novo (≤12 meses), Internet fibra óptica, Pagamento por cheque eletrônico, Mensalidade alta",12,Month-to-month,Fiber optic,89.15,1057.55,Electronic check,Yes,Female,0,No,No
74,6860-YRJZP,67.0,Alto,"Contrato mensal, Cliente novo (≤12 meses), Internet fibra óptica, Pagamento por cheque eletrônico, Mensalidade alta",9,Month-to-month,Fiber optic,74.05,678.45,Electronic check,Yes,Male,1,No,No
75,7858-GTZSP,66.7,Alto,"Contrato mensal, Cliente novo (≤12 meses), Internet fibra óptica, Pagamento por cheque eletrônico, Mensalidade alta",12,Month-to-month,Fiber optic,86.55,1066.9,Electronic check,Yes,Female,0,No,No
76,9643-AVVWI,66.7,Alto,"Contrato mensal, Cliente novo (≤12 meses), Internet fibra óptica, Pagamento por cheque eletrônico, Mensalidade alta",3,Month-to-month,Fiber optic,80.0,241.3,Electronic check,Yes,Female,0,Yes,Yes
77,2688-BHGOG,66.5,Alto,"Contrato mensal, Cliente novo (≤12 meses), Internet fibra óptica, Pagamento por cheque eletrônico, Mensalidade alta",9,Month-to-month,Fiber optic,79.55,718.55,Electronic check,Yes,Male,1,No,No
78,5348-CAGXB,66.4,Alto,"Contrato mensal, Cliente novo (≤12 meses), Internet fibra óptica, Pagamento por cheque eletrônico, Mensalidade alta",12,Month-to-month,Fiber optic,89.55,1021.75,Electronic check,Yes,Male,0,No,No
79,5043-TRZWM,66.4,Alto,"Contrato mensal, Cliente novo (≤12 meses), Internet fibra óptica, Pagamento por cheque eletrônico, Mensalidade alta",1,Month-to-month,Fiber optic,75.55,75.55,Electronic check,No,Female,0,No,No
80,7354-OIJLX,66.4,Alto,"Contrato mensal, Cliente novo (≤12 meses), Internet fibra óptica, Pagamento por cheque eletrônico, Mensalidade alta",9,Month-to-month,Fiber optic,75.85,724.65,Electronic check,Yes,Male,0,No,No
81,5928-QLDHB,66.2,Alto,"Contrato mensal, Cliente novo (≤12 meses), Internet fibra óptica, Pagamento por cheque eletrônico, Mensalidade alta",9,Month-to-month,Fiber optic,76.25,684.85,Electronic check,Yes,Male,0,No,No
82,2018-QKYGT,66.0,Alto,"Contrato mensal, Cliente novo (≤12 meses), Internet fibra óptica, Pagamento por cheque eletrônico, Mensalidade alta",1,Month-to-month,Fiber optic,81.05,81.05,Electronic check,Yes,Male,0,Yes,Yes
83,6496-JDSSB,65.7,Alto,"Contrato mensal, Cliente novo (≤12 meses), Internet fibra óptica, Mensalidade alta",8,Month-to-month,Fiber optic,80.0,624.6,Bank transfer (automatic),Yes,Female,0,No,No
84,9696-RMYBA,65.6,Alto,"Contrato mensal, Cliente novo (≤12 meses), Internet fibra óptica, Mensalidade alta",5,Month-to-month,Fiber optic,80.1,398.55,Mailed check,Yes,Male,0,No,No
85,6851-WEFYX,65.5,Alto,"Contrato mensal, Internet fibra óptica, Pagamento por cheque eletrônico, Mensalidade alta",35,Month-to-month,Fiber optic,100.8,3437.5,Electronic check,Yes,Male,1,Yes,No
86,5168-MSWXT,65.4,Alto,"Contrato mensal, Cliente novo (≤12 meses), Internet fibra óptica, Pagamento por cheque eletrônico, Mensalidade alta",8,Month-to-month,Fiber optic,94.75,759.55,Electronic check,Yes,Male,0,Yes,Yes
87,3295-YVUSR,64.9,Alto,"Contrato mensal, Cliente novo (≤12 meses), Internet fibra óptica, Mensalidade alta",2,Month-to-month,Fiber optic,72.6,154.3,Mailed check,Yes,Male,1,No,No
88,7392-YYPYJ,64.8,Alto,"Contrato mensal, Internet fibra óptica, Pagamento por cheque eletrônico, Mensalidade alta",22,Month-to-month,Fiber optic,100.65,2415.95,Electronic check,Yes,Male,0,No,No
89,2674-MIAHT,64.8,Alto,"Contrato mensal, Cliente novo (≤12 meses), Internet fibra óptica, Mensalidade alta",4,Month-to-month,Fiber optic,80.3,324.2,Mailed check,Yes,Female,0,No,No
90,5652-MSDEY,64.6,Alto,"Contrato mensal, Cliente novo (≤12 meses), Internet fibra óptica, Mensalidade alta",10,Month-to-month,Fiber optic,75.75,777.3,Mailed check,Yes,Female,0,No,No
91,0432-CAJZV,64.6,Alto,"Contrato mensal, Cliente novo (≤12 meses), Internet fibra óptica, Mensalidade alta",3,Month-to-month,Fiber optic,90.7,237.65,Mailed check,No,Male,0,No,No
92,7394-LWLYN,64.5,Alto,"Contrato mensal, Cliente novo (≤12 meses), Internet fibra óptica, Pagamento por cheque eletrônico, Mensalidade alta",2,Month-to-month,Fiber optic,70.15,123.8,Electronic check,Yes,Female,0,No,No
93,2800-VEQXM,64.5,Alto,"Contrato mensal, Cliente novo (≤12 meses), Internet fibra óptica, Mensalidade alta",3,Month-to-month,Fiber optic,74.75,238.1,Mailed check,Yes,Female,0,No,No
94,4770-UEZOX,64.4,Alto,"Contrato mensal, Cliente novo (≤12 meses), Internet fibra óptica, Pagamento por cheque eletrônico, Mensalidade alta",2,Month-to-month,Fiber optic,74.75,144.8,Electronic check,Yes,Male,0,No,No
95,8325-QRPZR,64.4,Alto,"Contrato mensal, Cliente novo (≤12 meses), Internet fibra óptica, Pagamento por cheque eletrônico, Mensalidade alta",7,Month-to-month,Fiber optic,75.15,525.0,Electronic check,Yes,Female,0,No,No
96,5399-ZIMKF,64.2,Alto,"Contrato mensal, Cliente novo (≤12 meses), Internet fibra óptica, Pagamento por cheque eletrônico, Mensalidade alta",5,Month-to-month,Fiber optic,74.65,383.65,Electronic check,Yes,Male,0,No,No
97,6583-KQJLK,64.2,Alto,"Contrato mensal, Internet fibra óptica, Pagamento por cheque eletrônico, Mensalidade alta",15,Month-to-month,Fiber optic,94.65,1285.05,Electronic check,Yes,Female,1,Yes,No
98,2959-FENLU,64.1,Alto,"Contrato mensal, Cliente novo (≤12 meses), Internet fibra óptica, Mensalidade alta",9,Month-to-month,Fiber optic,85.3,781.4,Credit card (automatic),Yes,Female,0,No,No
99,7517-LDMPS,64.0,Alto,"Contrato mensal, Cliente novo (≤12 meses), Internet fibra óptica, Pagamento por cheque eletrônico, Mensalidade alta",12,Month-to-month,Fiber optic,84.6,1017.35,Electronic check,Yes,Female,0,No,No
100,8132-YPVBX,63.9,Alto,"Contrato mensal, Cliente novo (≤12 meses), Internet fibra óptica, Mensalidade alta",6,Month-to-month,Fiber optic,85.95,514.6,Mailed check,Yes,Female,0,No,No
101,5442-BHQNG,63.9,Alto,"Contrato mensal, Cliente novo (≤12 meses), Internet fibra óptica, Pagamento por cheque eletrônico, Mensalidade alta",2,Month-to-month,Fiber optic,70.35,139.25,Electronic check,No,Female,0,No,No
102,4059-IIEBK,63.7,Alto,"Contrato mensal, Cliente novo (≤12 meses), Internet fibra óptica, Mensalidade alta",7,Month-to-month,Fiber optic,78.55,522.95,Bank transfer (automatic),Yes,Female,0,No,No
103,7365-BVCJH,63.7,Alto,"Contrato mensal, Cliente novo (≤12 meses), Pagamento por cheque eletrônico",1,Month-to-month,DSL,24.4,24.4,Electronic check,Yes,Male,0,No,No
104,4482-EWFMI,63.5,Alto,"Contrato mensal, Cliente novo (≤12 meses), Internet fibra óptica, Pagamento por cheque eletrônico",2,Month-to-month,Fiber optic,69.7,135.2,Electronic check,Yes,Female,0,No,No
105,7402-EYFXX,63.5,Alto,"Contrato mensal, Internet fibra óptica, Pagamento por cheque eletrônico, Mensalidade alta",26,Month-to-month,Fiber optic,93.6,2404.1,Electronic check,Yes,Male,1,No,No
106,7225-CBZPL,63.4,Alto,"Contrato mensal, Internet fibra óptica, Pagamento por cheque eletrônico, Mensalidade alta",17,Month-to-month,Fiber optic,94.8,1563.9,Electronic check,Yes,Male,1,Yes,No
107,4298-OYIFC,63.3,Alto,"Contrato mensal, Internet fibra óptica, Pagamento por cheque eletrônico, Mensalidade alta",15,Month-to-month,Fiber optic,103.45,1539.8,Electronic check,Yes,Male,0,Yes,No
108,5382-SOYZL,63.3,Alto,"Contrato mensal, Internet fibra óptica, Pagamento por cheque eletrônico, Mensalidade alta",22,Month-to-month,Fiber optic,95.1,2162.6,Electronic check,Yes,Male,0,No,No
109,3370-HXOPH,63.3,Alto,"Contrato mensal, Cliente novo (≤12 meses), Internet fibra óptica, Pagamento por cheque eletrônico, Mensalidade alta",3,Month-to-month,Fiber optic,76.1,257.6,Electronic check,No,Female,0,No,No
110,9633-XQABV,63.1,Alto,"Contrato mensal, Cliente novo (≤12 meses), Internet fibra óptica, Pagamento por cheque eletrônico, Mensalidade alta",3,Month-to-month,Fiber optic,70.25,229.7,Electronic check,Yes,Female,0,No,No
111,7823-JSOAG,63.0,Alto,"Contrato mensal, Cliente novo (≤12 meses), Internet fibra óptica, Pagamento por cheque eletrônico, Mensalidade alta",3,Month-to-month,Fiber optic,74.5,217.45,Electronic check,No,Male,0,No,No
112,7321-VGNKU,63.0,Alto,"Contrato mensal, Cliente novo (≤12 meses), Internet fibra óptica, Pagamento por cheque eletrônico, Mensalidade alta",2,Month-to-month,Fiber optic,70.35,120.25,Electronic check,Yes,Female,0,Yes,No
113,1077-HUUJM,62.9,Alto,"Contrato mensal, Cliente novo (≤12 meses), Internet fibra óptica, Pagamento por cheque eletrônico, Mensalidade alta",7,Month-to-month,Fiber optic,71.05,472.65,Electronic check,Yes,Female,0,No,Yes
114,4559-UWIHT,62.9,Alto,"Contrato mensal, Internet fibra óptica, Pagamento por cheque eletrônico, Mensalidade alta",14,Month-to-month,Fiber optic,82.65,1185.0,Electronic check,Yes,Male,0,Yes,No
115,4132-KALRO,62.8,Alto,"Contrato mensal, Cliente novo (≤12 meses), Internet fibra óptica, Mensalidade alta",4,Month-to-month,Fiber optic,100.85,399.25,Mailed check,Yes,Female,0,No,No
116,1751-NCDLI,62.8,Alto,"Contrato mensal, Internet fibra óptica, Pagamento por cheque eletrônico, Mensalidade alta",46,Month-to-month,Fiber optic,98.85,4564.9,Electronic check,Yes,Male,1,Yes,No
117,6077-BDPXA,62.7,Alto,"Contrato mensal, Cliente novo (≤12 meses), Internet fibra óptica, Pagamento por cheque eletrônico, Mensalidade alta",3,Month-to-month,Fiber optic,70.15,194.2,Electronic check,Yes,Female,0,No,No
118,6407-UTSLV,62.7,Alto,"Contrato mensal, Cliente novo (≤12 meses), Internet fibra óptica, Mensalidade alta",2,Month-to-month,Fiber optic,83.8,163.7,Bank transfer (automatic),Yes,Female,1,No,No
119,6215-NQCPY,62.6,Alto,"Contrato mensal, Internet fibra óptica, Pagamento por cheque eletrônico, Mensalidade alta",15,Month-to-month,Fiber optic,99.7,1566.75,Electronic check,Yes,Male,0,No,No
120,5995-SNNEW,62.5,Alto,"Contrato mensal, Internet fibra óptica, Pagamento por cheque eletrônico, Mensalidade alta",23,Month-to-month,Fiber optic,104.45,2184.85,Electronic check,Yes,Male,1,Yes,No
121,7245-NIIWQ,62.5,Alto,"Contrato mensal, Cliente novo (≤12 meses), Internet fibra óptica, Pagamento por cheque eletrônico",3,Month-to-month,Fiber optic,69.85,199.85,Electronic check,Yes,Female,0,No,No
122,1475-VWVDO,62.4,Alto,"Contrato mensal, Cliente novo (≤12 meses), Internet fibra óptica, Pagamento por cheque eletrônico, Mensalidade alta",7,Month-to-month,Fiber optic,74.9,490.55,Electronic check,Yes,Male,0,No,No
123,8107-KNCIM,62.4,Alto,"Contrato mensal, Internet fibra óptica, Pagamento por cheque eletrônico, Mensalidade alta",14,Month-to-month,Fiber optic,75.1,1013.35,Electronic check,Yes,Male,1,Yes,No
124,9717-QEBGU,62.2,Alto,"Contrato mensal, Cliente novo (≤12 meses), Internet fibra óptica, Pagamento por cheque eletrônico, Mensalidade alta",2,Month-to-month,Fiber optic,70.3,144.0,Electronic check,Yes,Male,0,No,No
125,0722-SVSFK,62.2,Alto,"Contrato mensal, Cliente novo (≤12 meses), Internet fibra óptica, Pagamento por cheque eletrônico, Mensalidade alta",7,Month-to-month,Fiber optic,100.4,715.0,Electronic check,Yes,Female,0,No,No
126,4480-QQRHC,62.1,Alto,"Contrato mensal, Cliente novo (≤12 meses), Internet fibra óptica, Mensalidade alta",8,Month-to-month,Fiber optic,74.05,600.15,Bank transfer (automatic),Yes,Female,1,No,No
127,1379-FRVEB,62.1,Alto,"Contrato mensal, Internet fibra óptica, Pagamento por cheque eletrônico, Mensalidade alta",15,Month-to-month,Fiber optic,91.0,1430.05,Electronic check,Yes,Male,0,No,Yes
128,6198-ZFIOJ,62.0,Alto,"Contrato mensal, Cliente novo (≤12 meses), Internet fibra óptica, Pagamento por cheque eletrônico, Mensalidade alta",5,Month-to-month,Fiber optic,75.6,402.5,Electronic check,No,Female,0,No,No
129,2657-VPXTA,62.0,Alto,"Contrato mensal, Cliente novo (≤12 meses), Internet fibra óptica, Pagamento por cheque eletrônico, Mensalidade alta",10,Month-to-month,Fiber optic,88.85,929.45,Electronic check,Yes,Female,0,Yes,Yes
130,6918-UMQCG,62.0,Alto,"Contrato mensal, Cliente novo (≤12 meses), Internet fibra óptica, Pagamento por cheque eletrônico, Mensalidade alta",5,Month-to-month,Fiber optic,80.2,384.25,Electronic check,No,Female,0,No,No
131,3420-YJLQT,61.8,Alto,"Contrato mensal, Cliente novo (≤12 meses), Internet fibra óptica, Pagamento por cheque eletrônico, Mensalidade alta",2,Month-to-month,Fiber optic,79.55,151.75,Electronic check,No,Female,0,No,No
132,3292-PBZEJ,61.7,Alto,"Contrato mensal, Cliente novo (≤12 meses), Internet fibra óptica, Pagamento por cheque eletrônico, Mensalidade alta",11,Month-to-month,Fiber optic,111.4,1183.05,Electronic check,Yes,Male,1,No,No
133,0916-QOFDP,61.7,Alto,"Contrato mensal, Internet fibra óptica, Pagamento por cheque eletrônico, Mensalidade alta",14,Month-to-month,Fiber optic,95.8,1346.3,Electronic check,Yes,Female,1,Yes,Yes
134,7398-SKNQZ,61.6,Alto,"Contrato mensal, Cliente novo (≤12 meses), Internet fibra óptica, Pagamento por cheque eletrônico, Mensalidade alta",3,Month-to-month,Fiber optic,94.9,273.2,Electronic check,No,Female,0,Yes,No
135,3317-VLGQT,61.5,Alto,"Contrato mensal, Internet fibra óptica, Pagamento por cheque eletrônico, Mensalidade alta",14,Month-to-month,Fiber optic,78.1,1122.4,Electronic check,Yes,Female,0,Yes,No
136,9360-OMDZZ,61.5,Alto,"Contrato mensal, Internet fibra óptica, Pagamento por cheque eletrônico, Mensalidade alta",24,Month-to-month,Fiber optic,94.1,2322.85,Electronic check,Yes,Male,0,No,No
137,9290-SHCMB,61.5,Alto,"Contrato mensal, Internet fibra óptica, Pagamento por cheque eletrônico, Mensalidade alta",13,Month-to-month,Fiber optic,96.85,1235.55,Electronic check,Yes,Female,1,No,No
138,5501-TVMGM,61.5,Alto,"Contrato mensal, Cliente novo (≤12 meses), Pagamento por cheque eletrônico",1,Month-to-month,DSL,55.25,55.25,Electronic check,Yes,Male,0,No,No
139,4813-HQMGZ,61.4,Alto,"Contrato mensal, Cliente novo (≤12 meses), Internet fibra óptica, Pagamento por cheque eletrônico, Mensalidade alta",8,Month-to-month,Fiber optic,90.25,743.75,Electronic check,Yes,Female,0,Yes,No
140,5935-FCCNB,61.3,Alto,"Contrato mensal, Internet fibra óptica, Pagamento por cheque eletrônico, Mensalidade alta",17,Month-to-month,Fiber optic,94.2,1608.15,Electronic check,Yes,Female,1,No,No
141,8266-VBFQL,61.3,Alto,"Contrato mensal, Cliente novo (≤12 meses), Internet fibra óptica, Pagamento por cheque eletrônico, Mensalidade alta",4,Month-to-month,Fiber optic,90.4,356.65,Electronic check,Yes,Male,0,No,No
142,6435-SRWBJ,61.3,Alto,"Contrato mensal, Cliente novo (≤12 meses), Internet fibra óptica, Pagamento por cheque eletrônico, Mensalidade alta",5,Month-to-month,Fiber optic,82.75,417.75,Electronic check,Yes,Female,0,No,No
143,9840-EFJQB,61.3,Alto,"Contrato mensal, Cliente novo (≤12 meses), Internet fibra óptica, Pagamento por cheque eletrônico, Mensalidade alta",1,Month-to-month,Fiber optic,74.35,74.35,Electronic check,No,Female,0,No,No
144,2876-GZYZC,61.3,Alto,"Contrato mensal, Internet fibra óptica, Pagamento por cheque eletrônico, Mensalidade alta",13,Month-to-month,Fiber optic,85.95,1215.65,Electronic check,Yes,Female,0,No,No
145,7901-TBKJX,61.1,Alto,"Contrato mensal, Internet fibra óptica, Pagamento por cheque eletrônico, Mensalidade alta",56,Month-to-month,Fiber optic,101.05,5594.0,Electronic check,Yes,Male,1,No,No
146,5956-YHHRX,61.1,Alto,"Contrato mensal, Internet fibra óptica, Pagamento por cheque eletrônico, Mensalidade alta",21,Month-to-month,Fiber optic,104.35,2271.85,Electronic check,Yes,Male,1,No,No
147,2135-DQWAQ,61.1,Alto,"Contrato mensal, Cliente novo (≤12 meses), Internet fibra óptica, Mensalidade alta",5,Month-to-month,Fiber optic,85.3,420.45,Mailed check,Yes,Female,0,No,No
148,3191-CSNMG,61.1,Alto,"Contrato mensal, Cliente novo (≤12 meses), Internet fibra óptica, Pagamento por cheque eletrônico, Mensalidade alta",3,Month-to-month,Fiber optic,80.7,239.45,Electronic check,Yes,Female,0,Yes,Yes
149,1016-DJTSV,60.9,Alto,"Contrato mensal, Cliente novo (≤12 meses), Internet fibra óptica, Pagamento por cheque eletrônico",8,Month-to-month,Fiber optic,69.7,572.85,Electronic check,Yes,Male,1,No,No
150,2038-OEQZH,60.8,Alto,"Contrato mensal, Cliente novo (≤12 meses), Internet fibra óptica, Pagamento por cheque eletrônico, Mensalidade alta",4,Month-to-month,Fiber optic,86.05,308.1,Electronic check,No,Male,0,No,No
151,0508-OOLTO,60.8,Alto,"Contrato mensal, Cliente novo (≤12 meses), Internet fibra óptica, Pagamento por cheque eletrônico, Mensalidade alta",2,Month-to-month,Fiber optic,71.65,135.75,Electronic check,Yes,Female,0,Yes,Yes
152,2897-DOVND,60.7,Alto,"Contrato mensal, Cliente novo (≤12 meses), Internet fibra óptica, Pagamento por cheque eletrônico",2,Month-to-month,Fiber optic,69.8,146.65,Electronic check,Yes,Male,0,No,No
153,6786-OBWQR,60.7,Alto,"Contrato mensal, Cliente novo (≤12 meses), Internet fibra óptica, Pagamento por cheque eletrônico, Mensalidade alta",5,Month-to-month,Fiber optic,80.85,356.1,Electronic check,Yes,Female,0,Yes,Yes
154,1393-IMKZG,60.7,Alto,"Contrato mensal, Cliente novo (≤12 meses), Internet fibra óptica, Pagamento por cheque eletrônico, Mensalidade alta",1,Month-to-month,Fiber optic,95.85,95.85,Electronic check,Yes,Female,0,No,No
155,0644-OQMDK,60.6,Alto,"Contrato mensal, Cliente novo (≤12 meses), Internet fibra óptica, Pagamento por cheque eletrônico, Mensalidade alta",4,Month-to-month,Fiber optic,70.65,293.85,Electronic check,Yes,Male,1,No,No
156,2984-AFWNC,60.6,Alto,"Contrato mensal, Cliente novo (≤12 meses), Internet fibra óptica, Pagamento por cheque eletrônico, Mensalidade alta",3,Month-to-month,Fiber optic,95.4,293.15,Electronic check,No,Female,0,No,No
157,6175-IRFIT,60.4,Alto,"Contrato mensal, Cliente novo (≤12 meses), Internet fibra óptica, Mensalidade alta",5,Month-to-month,Fiber optic,78.75,426.35,Mailed check,No,Male,0,No,No
158,3452-GWUIN,60.3,Alto,"Contrato mensal, Internet fibra óptica, Pagamento por cheque eletrônico, Mensalidade alta",19,Month-to-month,Fiber optic,94.95,1760.25,Electronic check,Yes,Female,1,Yes,No
159,8714-CTZJW,60.3,Alto,"Contrato mensal, Cliente novo (≤12 meses), Internet fibra óptica, Mensalidade alta",4,Month-to-month,Fiber optic,82.85,319.6,Credit card (automatic),Yes,Female,0,No,No
160,0958-YHXGP,60.2,Alto,"Contrato mensal, Cliente novo (≤12 meses), Internet fibra óptica",7,Month-to-month,Fiber optic,69.9,497.3,Mailed check,Yes,Female,0,No,No
161,0928-XUTSN,60.2,Alto,"Contrato mensal, Internet fibra óptica, Pagamento por cheque eletrônico, Mensalidade alta",13,Month-to-month,Fiber optic,80.5,1011.8,Electronic check,Yes,Female,0,No,No
162,5405-ZMYXQ,60.1,Alto,"Contrato mensal, Cliente novo (≤12 meses), Internet fibra óptica, Mensalidade alta",8,Month-to-month,Fiber optic,74.6,548.9,Credit card (automatic),Yes,Female,0,No,No
163,3096-GKWEB,60.0,Alto,"Contrato mensal, Internet fibra óptica, Pagamento por cheque eletrônico, Mensalidade alta",18,Month-to-month,Fiber optic,94.75,1691.9,Electronic check,Yes,Male,0,Yes,No
164,9741-YLNTD,60.0,Alto,"Contrato mensal, Cliente novo (≤12 meses), Internet fibra óptica, Mensalidade alta",6,Month-to-month,Fiber optic,87.95,522.35,Bank transfer (automatic),Yes,Male,0,No,No
165,7668-XCFYV,59.9,Alto,"Contrato mensal, Internet fibra óptica, Pagamento por cheque eletrônico, Mensalidade alta",17,Month-to-month,Fiber optic,92.55,1614.7,Electronic check,Yes,Female,1,Yes,No
166,5117-IFGPS,59.9,Alto,"Contrato mensal, Internet fibra óptica, Pagamento por cheque eletrônico, Mensalidade alta",29,Month-to-month,Fiber optic,84.3,2357.75,Electronic check,Yes,Male,1,Yes,No
167,9822-OAOVB,59.6,Alto,"Contrato mensal, Cliente novo (≤12 meses), Pagamento por cheque eletrônico",1,Month-to-month,DSL,55.45,55.45,Electronic check,Yes,Female,0,No,No
168,9638-JIQYA,59.6,Alto,"Contrato mensal, Cliente novo (≤12 meses)",2,Month-to-month,DSL,24.9,49.7,Credit card (automatic),Yes,Male,0,No,No
169,0420-HLGXF,59.6,Alto,"Contrato mensal, Internet fibra óptica, Pagamento por cheque eletrônico, Mensalidade alta",39,Month-to-month,Fiber optic,99.75,4036.0,Electronic check,Yes,Female,1,No,No
170,2371-JQHZZ,59.5,Alto,"Contrato mensal, Internet fibra óptica, Pagamento por cheque eletrônico, Mensalidade alta",24,Month-to-month,Fiber optic,93.0,2248.05,Electronic check,Yes,Male,0,Yes,No
171,0196-JTUQI,59.4,Alto,"Contrato mensal, Cliente novo (≤12 meses), Internet fibra óptica, Mensalidade alta",9,Month-to-month,Fiber optic,75.2,633.85,Credit card (automatic),Yes,Female,0,No,No
172,9050-IKDZA,59.3,Alto,"Contrato mensal, Cliente novo (≤12 meses), Internet fibra óptica, Mensalidade alta",2,Month-to-month,Fiber optic,81.5,162.55,Mailed check,No,Female,1,No,No
173,3411-WLRSQ,59.3,Alto,"Contrato mensal, Cliente novo (≤12 meses), Internet fibra óptica, Mensalidade alta",3,Month-to-month,Fiber optic,74.6,239.05,Bank transfer (automatic),Yes,Female,1,Yes,No
174,2985-FMWYF,59.1,Alto,"Contrato mensal, Internet fibra óptica, Pagamento por cheque eletrônico, Mensalidade alta",23,Month-to-month,Fiber optic,93.5,2341.55,Electronic check,Yes,Female,0,No,No
175,2862-PFNIK,59.1,Alto,"Contrato mensal, Cliente novo (≤12 meses), Pagamento por cheque eletrônico",1,Month-to-month,DSL,24.7,24.7,Electronic check,Yes,Male,0,No,Yes
176,4029-HPFVY,59.1,Alto,"Contrato mensal, Cliente novo (≤12 meses), Internet fibra óptica, Mensalidade alta",3,Month-to-month,Fiber optic,70.3,220.4,Mailed check,Yes,Male,0,No,No
177,1508-DFXCU,59.0,Alto,"Contrato mensal, Cliente novo (≤12 meses), Internet fibra óptica, Pagamento por cheque eletrônico, Mensalidade alta",12,Month-to-month,Fiber optic,81.45,912.0,Electronic check,Yes,Male,0,No,No
178,8800-JOOCF,58.9,Alto,"Contrato mensal, Cliente novo (≤12 meses), Internet fibra óptica, Pagamento por cheque eletrônico, Mensalidade alta",12,Month-to-month,Fiber optic,84.05,966.55,Electronic check,Yes,Female,0,No,Yes
179,5022-JNQEQ,58.8,Alto,"Contrato mensal, Cliente novo (≤12 meses), Internet fibra óptica, Pagamento por cheque eletrônico, Mensalidade alta",9,Month-to-month,Fiber optic,75.85,647.5,Electronic check,Yes,Female,0,Yes,Yes
180,5605-IYGFG,58.8,Alto,"Contrato mensal, Cliente novo (≤12 meses), Internet fibra óptica",7,Month-to-month,Fiber optic,69.85,515.45,Bank transfer (automatic),Yes,Female,0,No,No
181,8313-NDOIA,58.7,Alto,"Contrato mensal, Internet fibra óptica, Pagamento por cheque eletrônico, Mensalidade alta",24,Month-to-month,Fiber optic,104.15,2494.65,Electronic check,Yes,Female,0,No,No
182,2081-VEYEH,58.7,Alto,"Contrato mensal, Cliente novo (≤12 meses), Internet fibra óptica, Pagamento por cheque eletrônico, Mensalidade alta",3,Month-to-month,Fiber optic,107.95,318.6,Electronic check,Yes,Male,0,No,No
183,8734-DKSTZ,58.6,Alto,"Contrato mensal, Cliente novo (≤12 meses), Internet fibra óptica, Pagamento por cheque eletrônico, Mensalidade alta",10,Month-to-month,Fiber optic,85.95,858.6,Electronic check,No,Female,0,Yes,Yes
184,7326-RIGQZ,58.6,Alto,"Contrato mensal, Cliente novo (≤12 meses), Internet fibra óptica, Pagamento por cheque eletrônico",6,Month-to-month,Fiber optic,69.8,377.85,Electronic check,Yes,Male,0,Yes,Yes
185,8270-RKSAP,58.6,Alto,"Contrato mensal, Cliente novo (≤12 meses), Internet fibra óptica, Pagamento por cheque eletrônico, Mensalidade alta",9,Month-to-month,Fiber optic,70.5,597.9,Electronic check,Yes,Male,0,No,No
186,3855-ONCAR,58.5,Alto,"Contrato mensal, Cliente novo (≤12 meses), Internet fibra óptica, Mensalidade alta",4,Month-to-month,Fiber optic,78.9,299.75,Mailed check,Yes,Female,0,Yes,Yes
187,8064-RAVOH,58.4,Alto,"Contrato mensal, Cliente novo (≤12 meses), Pagamento por cheque eletrônico",1,Month-to-month,DSL,49.85,49.85,Electronic check,Yes,Male,0,No,Yes
188,4706-DGAHW,58.4,Alto,"Contrato mensal, Cliente novo (≤12 meses), Pagamento por cheque eletrônico",1,Month-to-month,DSL,45.2,45.2,Electronic check,No,Male,1,No,No
189,3420-ZDBMA,58.4,Alto,"Contrato mensal, Cliente novo (≤12 meses), Internet fibra óptica, Mensalidade alta",5,Month-to-month,Fiber optic,71.45,371.6,Mailed check,Yes,Male,1,No,No
190,2880-FPNAE,58.3,Alto,"Contrato mensal, Cliente novo (≤12 meses), Internet fibra óptica, Pagamento por cheque eletrônico, Mensalidade alta",2,Month-to-month,Fiber optic,74.2,140.1,Electronic check,Yes,Male,1,Yes,No
191,9314-IJWSQ,58.3,Alto,"Contrato mensal, Internet fibra óptica, Pagamento por cheque eletrônico, Mensalidade alta",14,Month-to-month,Fiber optic,84.8,1203.9,Electronic check,Yes,Female,0,Yes,Yes
192,7278-CKDNC,58.2,Alto,"Contrato mensal, Internet fibra óptica, Pagamento por cheque eletrônico, Mensalidade alta",24,Month-to-month,Fiber optic,80.5,2088.45,Electronic check,Yes,Male,1,No,No
193,0365-BZUWY,58.2,Alto,"Contrato mensal, Internet fibra óptica, Pagamento por cheque eletrônico, Mensalidade alta",17,Month-to-month,Fiber optic,102.55,1742.5,Electronic check,Yes,Male,0,Yes,No
194,3717-OEAUQ,58.2,Alto,"Contrato mensal, Cliente novo (≤12 meses), Internet fibra óptica, Mensalidade alta",2,Month-to-month,Fiber optic,70.7,129.2,Mailed check,No,Male,0,No,No
195,5216-WASFJ,58.2,Alto,"Contrato mensal, Internet fibra óptica, Pagamento por cheque eletrônico, Mensalidade alta",31,Month-to-month,Fiber optic,84.85,2633.4,Electronic check,Yes,Female,1,Yes,No
196,5288-AHOUP,58.1,Alto,"Contrato mensal, Cliente novo (≤12 meses), Internet fibra óptica, Pagamento por cheque eletrônico, Mensalidade alta",11,Month-to-month,Fiber optic,78.5,874.2,Electronic check,Yes,Male,1,No,No
197,7044-YAACC,58.0,Alto,"Contrato mensal, Cliente novo (≤12 meses), Internet fibra óptica, Pagamento por cheque eletrônico, Mensalidade alta",4,Month-to-month,Fiber optic,70.2,280.35,Electronic check,Yes,Male,1,Yes,No
198,6986-IXNDM,57.9,Alto,"Contrato mensal, Internet fibra óptica, Pagamento por cheque eletrônico, Mensalidade alta",14,Month-to-month,Fiber optic,92.9,1337.45,Electronic check,Yes,Male,0,No,No
199,3951-NJCVI,57.8,Alto,"Contrato mensal, Internet fibra óptica, Pagamento por cheque eletrônico, Mensalidade alta",42,Month-to-month,Fiber optic,95.05,3944.5,Electronic check,Yes,Female,1,Yes,No
200,5091-HFAZW,57.7,Alto,"Contrato mensal, Cliente novo (≤12 meses), Internet fibra óptica, Pagamento por cheque eletrônico, Mensalidade alta",2,Month-to-month,Fiber optic,91.15,168.5,Electronic check,Yes,Female,0,No,No
201,1941-HOSAM,57.5,Alto,"Contrato mensal, Cliente novo (≤12 meses), Internet fibra óptica, Pagamento por cheque eletrônico, Mensalidade alta",1,Month-to-month,Fiber optic,90.1,90.1,Electronic check,Yes,Male,0,Yes,Yes
202,5760-FXFVO,57.5,Alto,"Contrato mensal, Cliente novo (≤12 meses), Internet fibra óptica, Pagamento por cheque eletrônico, Mensalidade alta",6,Month-to-month,Fiber optic,78.95,494.95,Electronic check,Yes,Male,0,No,No
203,0396-YCHWO,57.4,Alto,"Contrato mensal, Internet fibra óptica, Pagamento por cheque eletrônico, Mensalidade alta",36,Month-to-month,Fiber optic,95.4,3474.2,Electronic check,Yes,Male,0,Yes,No
204,4291-SHSBH,57.4,Alto,"Contrato mensal, Cliente novo (≤12 meses), Internet fibra óptica, Pagamento por cheque eletrônico",7,Month-to-month,Fiber optic,69.55,521.35,Electronic check,Yes,Male,0,No,No
205,3453-RTHJQ,57.4,Alto,"Contrato mensal, Cliente novo (≤12 meses), Internet fibra óptica, Pagamento por cheque eletrônico",6,Month-to-month,Fiber optic,69.1,435.0,Electronic check,Yes,Male,0,No,No
206,2800-QQUSO,57.3,Alto,"Contrato mensal, Internet fibra óptica, Pagamento por cheque eletrônico, Mensalidade alta",42,Month-to-month,Fiber optic,100.3,4222.95,Electronic check,Yes,Male,0,No,No
207,9799-CAYJJ,57.3,Alto,"Contrato mensal, Cliente novo (≤12 meses), Internet fibra óptica, Pagamento por cheque eletrônico",2,Month-to-month,Fiber optic,69.3,153.8,Electronic check,Yes,Female,1,Yes,No
208,3001-UNBTL,57.3,Alto,"Contrato mensal, Internet fibra óptica, Pagamento por cheque eletrônico, Mensalidade alta",29,Month-to-month,Fiber optic,103.95,2964.8,Electronic check,Yes,Male,1,Yes,Yes
209,6185-TASNN,57.3,Alto,"Contrato mensal, Cliente novo (≤12 meses), Pagamento por cheque eletrônico",1,Month-to-month,DSL,46.3,46.3,Electronic check,No,Male,1,No,No
210,2439-LYPMQ,57.2,Alto,"Contrato mensal, Internet fibra óptica, Pagamento por cheque eletrônico, Mensalidade alta",38,Month-to-month,Fiber optic,102.6,4009.2,Electronic check,Yes,Male,1,Yes,No
211,5701-YVSVF,57.2,Alto,"Contrato mensal, Cliente novo (≤12 meses), Internet fibra óptica, Pagamento por cheque eletrônico, Mensalidade alta",11,Month-to-month,Fiber optic,82.9,880.05,Electronic check,Yes,Female,1,Yes,No
212,5628-FCGYG,57.2,Alto,"Contrato mensal, Internet fibra óptica, Pagamento por cheque eletrônico, Mensalidade alta",21,Month-to-month,Fiber optic,84.1,1737.45,Electronic check,Yes,Male,0,No,No
213,6212-ATMLK,57.2,Alto,"Contrato mensal, Internet fibra óptica, Pagamento por cheque eletrônico, Mensalidade alta",50,Month-to-month,Fiber optic,95.7,4729.75,Electronic check,Yes,Female,0,No,No
214,8035-PWSEV,57.2,Alto,"Contrato mensal, Cliente novo (≤12 meses), Internet fibra óptica, Pagamento por cheque eletrônico, Mensalidade alta",6,Month-to-month,Fiber optic,89.25,487.05,Electronic check,Yes,Female,0,No,No
215,4929-XIHVW,57.2,Alto,"Contrato mensal, Cliente novo (≤12 meses), Internet fibra óptica, Mensalidade alta",2,Month-to-month,Fiber optic,95.5,181.65,Credit card (automatic),Yes,Male,1,Yes,No
216,9402-ORRAH,57.2,Alto,"Contrato mensal, Internet fibra óptica, Pagamento por cheque eletrônico, Mensalidade alta",15,Month-to-month,Fiber optic,91.5,1400.3,Electronic check,Yes,Female,1,No,No
217,9919-KNPOO,57.1,Alto,"Contrato mensal, Internet fibra óptica, Pagamento por cheque eletrônico, Mensalidade alta",21,Month-to-month,Fiber optic,94.3,1948.35,Electronic check,Yes,Female,0,Yes,No
218,7145-FEJWU,57.1,Alto,"Contrato mensal, Cliente novo (≤12 meses), Internet fibra óptica, Pagamento por cheque eletrônico, Mensalidade alta",12,Month-to-month,Fiber optic,105.3,1275.65,Electronic check,Yes,Female,0,No,Yes
219,8875-AKBYH,57.0,Alto,"Contrato mensal, Internet fibra óptica, Pagamento por cheque eletrônico, Mensalidade alta",20,Month-to-month,Fiber optic,84.35,1745.2,Electronic check,Yes,Male,1,No,No
220,1666-JXLKU,57.0,Alto,"Contrato mensal, Internet fibra óptica, Pagamento por cheque eletrônico, Mensalidade alta",37,Month-to-month,Fiber optic,100.05,3810.55,Electronic check,Yes,Female,0,No,No
221,3841-CONLJ,57.0,Alto,"Contrato mensal, Cliente novo (≤12 meses), Pagamento por cheque eletrônico",1,Month-to-month,DSL,35.0,35.0,Electronic check,No,Female,0,Yes,No
222,2235-DWLJU,56.9,Alto,"Contrato mensal, Cliente novo (≤12 meses), Pagamento por cheque eletrônico",6,Month-to-month,DSL,44.4,263.05,Electronic check,Yes,Female,1,No,No
223,4301-VVZKA,56.9,Alto,"Contrato mensal, Internet fibra óptica, Pagamento por cheque eletrônico, Mensalidade alta",16,Month-to-month,Fiber optic,75.4,1189.4,Electronic check,Yes,Male,0,Yes,No
224,1689-YQBYY,56.8,Alto,"Contrato mensal, Cliente novo (≤12 meses), Internet fibra óptica, Pagamento por cheque eletrônico, Mensalidade alta",12,Month-to-month,Fiber optic,76.6,893.0,Electronic check,Yes,Female,0,No,Yes
225,3966-HRMZA,56.8,Alto,"Contrato mensal, Cliente novo (≤12 meses), Internet fibra óptica, Mensalidade alta",3,Month-to-month,Fiber optic,75.05,202.9,Mailed check,No,Female,1,No,No
226,7537-RBWEA,56.7,Alto,"Contrato mensal, Cliente novo (≤12 meses)",1,Month-to-month,DSL,25.15,25.15,Mailed check,Yes,Female,0,No,No
227,2187-PKZAY,56.5,Alto,"Contrato mensal, Cliente novo (≤12 meses), Internet fibra óptica, Mensalidade alta",12,Month-to-month,Fiber optic,79.95,1043.4,Bank transfer (automatic),Yes,Male,0,No,No
228,6507-ZJSUR,56.5,Alto,"Contrato mensal, Internet fibra óptica, Pagamento por cheque eletrônico, Mensalidade alta",23,Month-to-month,Fiber optic,90.45,2117.25,Electronic check,Yes,Male,1,Yes,No
229,4983-CCWMC,56.4,Alto,"Contrato mensal, Cliente novo (≤12 meses), Internet fibra óptica",3,Month-to-month,Fiber optic,69.6,207.4,Mailed check,Yes,Male,0,No,No
230,3365-SAIGS,56.3,Alto,"Contrato mensal, Internet fibra óptica, Pagamento por cheque eletrônico, Mensalidade alta",17,Month-to-month,Fiber optic,83.55,1329.15,Electronic check,Yes,Female,0,No,No
231,1766-GKNMI,56.3,Alto,"Contrato mensal, Internet fibra óptica, Pagamento por cheque eletrônico, Mensalidade alta",29,Month-to-month,Fiber optic,84.9,2516.2,Electronic check,Yes,Male,0,No,No
232,7206-PQBBZ,56.3,Alto,"Contrato mensal, Cliente novo (≤12 meses), Internet fibra óptica, Pagamento por cheque eletrônico, Mensalidade alta",11,Month-to-month,Fiber optic,70.2,834.7,Electronic check,Yes,Male,1,Yes,No
233,0455-XFASS,56.2,Alto,"Contrato mensal, Cliente novo (≤12 meses), Internet fibra óptica, Pagamento por cheque eletrônico",3,Month-to-month,Fiber optic,69.55,200.2,Electronic check,Yes,Female,0,Yes,Yes
234,6034-YMTOB,56.0,Alto,"Contrato mensal, Cliente novo (≤12 meses), Internet fibra óptica, Mensalidade alta",5,Month-to-month,Fiber optic,75.65,399.45,Mailed check,Yes,Female,0,No,No
235,0018-NYROU,55.8,Alto,"Contrato mensal, Cliente novo (≤12 meses), Internet fibra óptica, Pagamento por cheque eletrônico",5,Month-to-month,Fiber optic,68.95,351.5,Electronic check,Yes,Female,0,Yes,No
236,9279-CJEOJ,55.8,Alto,"Contrato mensal, Internet fibra óptica, Mensalidade alta",21,Month-to-month,Fiber optic,95.4,2025.1,Bank transfer (automatic),Yes,Female,1,No,No
237,2799-ARNLO,55.8,Alto,"Contrato mensal, Cliente novo (≤12 meses), Internet fibra óptica, Pagamento por cheque eletrônico",5,Month-to-month,Fiber optic,69.35,341.6,Electronic check,Yes,Female,1,Yes,No
238,5044-LRQAQ,55.7,Alto,"Contrato mensal, Cliente novo (≤12 meses), Internet fibra óptica",7,Month-to-month,Fiber optic,69.2,477.55,Bank transfer (automatic),Yes,Female,0,Yes,No
239,6116-RFVHN,55.7,Alto,"Contrato mensal, Internet fibra óptica, Pagamento por cheque eletrônico, Mensalidade alta",34,Month-to-month,Fiber optic,100.45,3414.65,Electronic check,Yes,Female,0,Yes,No
240,0225-ZORZP,55.6,Alto,"Contrato mensal, Cliente novo (≤12 meses), Internet fibra óptica, Pagamento por cheque eletrônico, Mensalidade alta",3,Month-to-month,Fiber optic,84.3,235.05,Electronic check,No,Male,0,No,No
241,3629-ZNKXA,55.5,Alto,"Contrato mensal, Internet fibra óptica, Pagamento por cheque eletrônico, Mensalidade alta",17,Month-to-month,Fiber optic,101.8,1752.45,Electronic check,Yes,Male,1,No,No
242,8705-WZCYL,55.3,Alto,"Contrato mensal, Cliente novo (≤12 meses), Pagamento por cheque eletrônico",1,Month-to-month,DSL,44.8,44.8,Electronic check,Yes,Male,0,No,No
243,4373-VVHQL,55.3,Alto,"Contrato mensal, Cliente novo (≤12 meses), Pagamento por cheque eletrônico",1,Month-to-month,DSL,44.75,44.75,Electronic check,Yes,Male,0,No,No
244,9547-ITEFG,55.3,Alto,"Contrato mensal, Cliente novo (≤12 meses), Internet fibra óptica, Mensalidade alta",9,Month-to-month,Fiber optic,102.6,897.75,Credit card (automatic),Yes,Male,0,Yes,Yes
245,6551-GNYDG,55.2,Alto,"Contrato mensal, Internet fibra óptica, Mensalidade alta",14,Month-to-month,Fiber optic,80.9,1152.8,Bank transfer (automatic),Yes,Female,0,Yes,Yes
246,8180-AKMJV,55.1,Alto,"Contrato mensal, Cliente novo (≤12 meses)",1,Month-to-month,DSL,44.55,44.55,Credit card (automatic),Yes,Female,0,No,No
247,6339-YPSAH,55.0,Alto,"Contrato mensal, Cliente novo (≤12 meses), Internet fibra óptica, Pagamento por cheque eletrônico, Mensalidade alta",9,Month-to-month,Fiber optic,73.8,704.3,Electronic check,Yes,Male,0,No,No
248,6158-HDPXZ,55.0,Alto,"Contrato mensal, Cliente novo (≤12 meses)",1,Month-to-month,DSL,25.35,25.35,Mailed check,No,Male,0,No,No
249,2275-RBYQS,55.0,Alto,"Contrato mensal, Cliente novo (≤12 meses)",1,Month-to-month,DSL,45.4,45.4,Mailed check,Yes,Female,0,No,No
250,8709-KRDVL,54.8,Alto,"Contrato mensal, Internet fibra óptica, Pagamento por cheque eletrônico, Mensalidade alta",33,Month-to-month,Fiber optic,100.0,3320.6,Electronic check,Yes,Female,0,No,No
251,4223-WOZCM,54.7,Alto,"Contrato mensal, Cliente novo (≤12 meses)",2,Month-to-month,DSL,49.95,107.1,Mailed check,No,Male,1,No,No
252,2809-ZMYOQ,54.7,Alto,"Contrato mensal, Internet fibra óptica, Pagamento por cheque eletrônico, Mensalidade alta",32,Month-to-month,Fiber optic,101.35,3334.9,Electronic check,Yes,Female,0,No,No
253,0224-RLWWD,54.7,Alto,"Contrato mensal, Cliente novo (≤12 meses), Pagamento por cheque eletrônico",2,Month-to-month,DSL,44.3,89.3,Electronic check,Yes,Female,1,No,No
254,0670-KDOMA,54.6,Alto,"Contrato mensal, Cliente novo (≤12 meses)",1,Month-to-month,No,20.25,20.25,Mailed check,Yes,Female,0,No,No
255,4367-NHWMM,54.5,Alto,"Contrato mensal, Cliente novo (≤12 meses)",1,Month-to-month,DSL,24.9,24.9,Mailed check,Yes,Female,0,No,No
256,0168-XZKBB,54.5,Alto,"Contrato mensal, Internet fibra óptica, Pagamento por cheque eletrônico, Mensalidade alta",19,Month-to-month,Fiber optic,86.85,1564.4,Electronic check,Yes,Female,0,Yes,No
257,8903-XEBGX,54.5,Alto,"Contrato mensal, Cliente novo (≤12 meses), Pagamento por cheque eletrônico",2,Month-to-month,DSL,55.3,108.65,Electronic check,Yes,Male,0,No,Yes
258,4195-NZGTA,54.4,Alto,"Contrato mensal, Cliente novo (≤12 meses), Pagamento por cheque eletrônico",1,Month-to-month,DSL,25.25,25.25,Electronic check,No,Female,0,No,No
259,5989-PGKJB,54.3,Alto,"Contrato mensal, Internet fibra óptica, Pagamento por cheque eletrônico, Mensalidade alta",16,Month-to-month,Fiber optic,86.25,1340.1,Electronic check,Yes,Female,0,No,No
260,5019-GQVCR,54.3,Alto,"Contrato mensal, Internet fibra óptica, Pagamento por cheque eletrônico, Mensalidade alta",43,Month-to-month,Fiber optic,84.85,3645.6,Electronic check,Yes,Male,1,No,No
261,5937-EORGB,54.1,Alto,"Contrato mensal, Internet fibra óptica, Pagamento por cheque eletrônico, Mensalidade alta",15,Month-to-month,Fiber optic,96.5,1392.25,Electronic check,Yes,Male,1,Yes,No
262,6705-LXORM,54.0,Alto,"Contrato mensal, Cliente novo (≤12 meses), Internet fibra óptica, Pagamento por cheque eletrônico, Mensalidade alta",5,Month-to-month,Fiber optic,70.05,302.6,Electronic check,No,Female,1,Yes,No
263,5119-NZPTV,54.0,Alto,"Contrato mensal, Cliente novo (≤12 meses), Internet fibra óptica, Pagamento por cheque eletrônico, Mensalidade alta",2,Month-to-month,Fiber optic,70.1,141.65,Electronic check,No,Male,1,Yes,No
264,4450-DLLMH,54.0,Alto,"Contrato mensal, Cliente novo (≤12 meses), Internet fibra óptica, Mensalidade alta",2,Month-to-month,Fiber optic,71.3,157.75,Credit card (automatic),Yes,Male,0,No,No
265,6519-CFDBX,53.9,Alto,"Contrato mensal, Cliente novo (≤12 meses), Pagamento por cheque eletrônico",2,Month-to-month,DSL,45.4,80.95,Electronic check,Yes,Female,0,No,No
266,4854-CIDCF,53.9,Alto,"Contrato mensal, Cliente novo (≤12 meses), Internet fibra óptica, Pagamento por cheque eletrônico, Mensalidade alta",3,Month-to-month,Fiber optic,73.85,196.4,Electronic check,No,Female,1,No,No
267,7586-ZATGZ,53.8,Alto,"Contrato mensal, Internet fibra óptica, Pagamento por cheque eletrônico, Mensalidade alta",40,Month-to-month,Fiber optic,84.9,3369.05,Electronic check,Yes,Male,0,No,No
268,3278-FSIXX,53.8,Alto,"Contrato mensal, Cliente novo (≤12 meses)",2,Month-to-month,DSL,45.25,74.2,Mailed check,Yes,Female,0,No,No
269,9214-EKVXR,53.8,Alto,"Contrato mensal, Cliente novo (≤12 meses)",1,Month-to-month,DSL,44.0,44.0,Mailed check,Yes,Female,0,No,No
270,9506-UXUSK,53.7,Alto,"Contrato mensal, Internet fibra óptica, Pagamento por cheque eletrônico, Mensalidade alta",13,Month-to-month,Fiber optic,70.15,931.75,Electronic check,Yes,Male,0,No,No
271,2905-KFQUV,53.7,Alto,"Contrato mensal, Cliente novo (≤12 meses), Internet fibra óptica, Mensalidade alta",2,Month-to-month,Fiber optic,70.4,154.8,Credit card (automatic),Yes,Female,0,Yes,No
272,0928-JMXNP,53.6,Alto,"Contrato mensal, Cliente novo (≤12 meses), Pagamento por cheque eletrônico",4,Month-to-month,DSL,29.9,118.25,Electronic check,Yes,Male,1,Yes,No
273,8720-RQSBJ,53.6,Alto,"Contrato mensal, Cliente novo (≤12 meses), Pagamento por cheque eletrônico",1,Month-to-month,DSL,44.0,44.0,Electronic check,No,Male,1,No,No
274,3566-HJGPK,53.6,Alto,"Contrato mensal, Cliente novo (≤12 meses)",1,Month-to-month,DSL,45.55,45.55,Mailed check,Yes,Male,0,No,No
275,1942-OQFRW,53.6,Alto,"Contrato mensal, Cliente novo (≤12 meses), Pagamento por cheque eletrônico",1,Month-to-month,DSL,44.0,44.0,Electronic check,No,Male,0,No,No
276,9508-ILZDG,53.6,Alto,"Contrato mensal, Internet fibra óptica, Pagamento por cheque eletrônico, Mensalidade alta",34,Month-to-month,Fiber optic,96.35,3190.25,Electronic check,Yes,Female,1,No,No
277,0434-CSFON,53.5,Alto,"Contrato mensal, Internet fibra óptica, Pagamento por cheque eletrônico, Mensalidade alta",47,Month-to-month,Fiber optic,100.5,4707.1,Electronic check,Yes,Female,0,Yes,No
278,1658-TJVOA,53.5,Alto,"Contrato mensal, Cliente novo (≤12 meses), Internet fibra óptica, Pagamento por cheque eletrônico, Mensalidade alta",6,Month-to-month,Fiber optic,74.1,450.9,Electronic check,Yes,Female,1,No,No
279,3916-NRPAP,53.4,Alto,"Contrato mensal, Cliente novo (≤12 meses), Internet fibra óptica, Mensalidade alta",3,Month-to-month,Fiber optic,85.7,256.75,Credit card (automatic),No,Male,0,No,No
280,7426-RHZGU,53.4,Alto,"Contrato mensal, Cliente novo (≤12 meses), Internet fibra óptica, Mensalidade alta",9,Month-to-month,Fiber optic,95.9,827.45,Bank transfer (automatic),Yes,Male,0,No,No
281,3427-GGZZI,53.4,Alto,"Contrato mensal, Internet fibra óptica, Pagamento por cheque eletrônico, Mensalidade alta",19,Month-to-month,Fiber optic,89.1,1620.8,Electronic check,Yes,Female,0,Yes,No
282,3338-CVVEH,53.3,Alto,"Contrato mensal, Cliente novo (≤12 meses), Internet fibra óptica, Pagamento por cheque eletrônico, Mensalidade alta",12,Month-to-month,Fiber optic,94.55,1173.55,Electronic check,No,Male,0,No,No
283,1754-GKYPY,53.3,Alto,"Contrato mensal, Internet fibra óptica, Mensalidade alta",22,Month-to-month,Fiber optic,89.75,1938.9,Bank transfer (automatic),Yes,Male,1,Yes,No
284,0491-KAPQG,53.2,Alto,"Contrato mensal, Internet fibra óptica, Pagamento por cheque eletrônico, Mensalidade alta",21,Month-to-month,Fiber optic,73.7,1558.7,Electronic check,Yes,Male,0,No,No
285,2740-TVLFN,53.1,Alto,"Contrato mensal, Cliente novo (≤12 meses), Pagamento por cheque eletrônico",1,Month-to-month,DSL,50.15,50.15,Electronic check,Yes,Male,0,No,No
286,2080-CAZNM,53.1,Alto,"Contrato mensal, Internet fibra óptica, Pagamento por cheque eletrônico, Mensalidade alta",41,Month-to-month,Fiber optic,104.4,4133.95,Electronic check,Yes,Female,1,No,No
287,8120-JDCAM,53.1,Alto,"Contrato mensal, Cliente novo (≤12 meses), Internet fibra óptica",4,Month-to-month,Fiber optic,69.55,284.9,Mailed check,Yes,Male,0,Yes,Yes
288,3223-DWFIO,53.0,Alto,"Contrato mensal, Cliente novo (≤12 meses), Internet fibra óptica, Pagamento por cheque eletrônico",4,Month-to-month,Fiber optic,69.35,261.65,Electronic check,No,Male,1,No,No
289,5133-POWUA,53.0,Alto,"Contrato mensal, Cliente novo (≤12 meses)",1,Month-to-month,DSL,45.8,45.8,Mailed check,Yes,Male,0,No,No
290,5606-AMZBO,52.8,Alto,"Contrato mensal, Cliente novo (≤12 meses), Internet fibra óptica, Mensalidade alta",10,Month-to-month,Fiber optic,78.15,765.15,Credit card (automatic),Yes,Female,0,Yes,No
291,9903-LYSAB,52.8,Alto,"Contrato mensal, Internet fibra óptica, Pagamento por cheque eletrônico, Mensalidade alta",18,Month-to-month,Fiber optic,73.15,1305.95,Electronic check,Yes,Male,0,Yes,No
292,2468-SJFLM,52.7,Alto,"Contrato mensal, Cliente novo (≤12 meses), Internet fibra óptica, Mensalidade alta",1,Month-to-month,Fiber optic,74.3,74.3,Mailed check,Yes,Male,0,No,No
293,9093-FPDLG,52.7,Alto,"Contrato mensal, Cliente novo (≤12 meses), Internet fibra óptica, Pagamento por cheque eletrônico, Mensalidade alta",11,Month-to-month,Fiber optic,94.2,999.9,Electronic check,Yes,Female,0,No,No
294,8118-TJAFG,52.6,Alto,"Contrato mensal, Cliente novo (≤12 meses), Internet fibra óptica, Pagamento por cheque eletrônico, Mensalidade alta",9,Month-to-month,Fiber optic,101.5,906.85,Electronic check,Yes,Male,0,Yes,Yes
295,9054-FOWNV,52.6,Alto,"Contrato mensal, Internet fibra óptica, Pagamento por cheque eletrônico, Mensalidade alta",22,Month-to-month,Fiber optic,88.75,1885.15,Electronic check,Yes,Male,0,Yes,Yes
296,2665-NPTGL,52.6,Alto,"Contrato mensal, Internet fibra óptica, Mensalidade alta",26,Month-to-month,Fiber optic,98.1,2510.7,Bank transfer (automatic),Yes,Female,1,Yes,No
297,9743-DQKQW,52.6,Alto,"Contrato mensal, Cliente novo (≤12 meses), Pagamento por cheque eletrônico",3,Month-to-month,DSL,25.1,79.8,Electronic check,No,Male,0,No,No
298,0620-DLSLK,52.5,Alto,"Contrato mensal, Internet fibra óptica, Mensalidade alta",13,Month-to-month,Fiber optic,81.9,1028.9,Mailed check,Yes,Female,0,No,No
299,2920-RNCEZ,52.5,Alto,"Contrato mensal, Cliente novo (≤12 meses), Internet fibra óptica",1,Month-to-month,Fiber optic,69.95,69.95,Credit card (automatic),Yes,Male,0,Yes,Yes
300,0674-EYYZV,52.4,Alto,"Contrato mensal, Cliente novo (≤12 meses), Pagamento por cheque eletrônico",1,Month-to-month,DSL,54.65,54.65,Electronic check,Yes,Female,0,No,No
301,1028-FFNJK,52.4,Alto,"Contrato mensal, Internet fibra óptica, Pagamento por cheque eletrônico, Mensalidade alta",30,Month-to-month,Fiber optic,101.5,2917.65,Electronic check,Yes,Male,1,Yes,No
302,2107-FBPTK,52.3,Alto,"Contrato mensal, Internet fibra óptica, Pagamento por cheque eletrônico, Mensalidade alta",30,Month-to-month,Fiber optic,104.1,3121.1,Electronic check,Yes,Female,1,No,No
303,4536-PLEQY,52.2,Alto,"Contrato mensal, Cliente novo (≤12 meses), Internet fibra óptica, Mensalidade alta",12,Month-to-month,Fiber optic,85.05,999.8,Credit card (automatic),Yes,Male,0,Yes,No
304,0027-KWYKW,52.2,Alto,"Contrato mensal, Internet fibra óptica, Pagamento por cheque eletrônico, Mensalidade alta",23,Month-to-month,Fiber optic,83.75,1849.95,Electronic check,Yes,Female,0,Yes,Yes
305,2824-MYYBN,52.1,Alto,"Contrato mensal, Internet fibra óptica, Pagamento por cheque eletrônico, Mensalidade alta",37,Month-to-month,Fiber optic,95.25,3314.15,Electronic check,Yes,Female,0,Yes,Yes
306,5365-LLFYV,52.1,Alto,"Contrato mensal, Cliente novo (≤12 meses)",2,Month-to-month,DSL,45.85,105.6,Mailed check,Yes,Female,0,No,No
307,5226-NOZFC,51.9,Alto,"Contrato mensal, Internet fibra óptica, Pagamento por cheque eletrônico, Mensalidade alta",26,Month-to-month,Fiber optic,85.75,2146.5,Electronic check,Yes,Male,0,No,No
308,0581-BXBUB,51.9,Alto,"Contrato mensal, Cliente novo (≤12 meses), Internet fibra óptica, Pagamento por cheque eletrônico, Mensalidade alta",4,Month-to-month,Fiber optic,72.75,317.75,Electronic check,No,Female,1,No,No
309,8695-ARGXZ,51.9,Alto,"Contrato mensal, Internet fibra óptica, Pagamento por cheque eletrônico, Mensalidade alta",34,Month-to-month,Fiber optic,75.55,2425.4,Electronic check,Yes,Male,1,Yes,No
310,1478-VPOAD,51.9,Alto,"Contrato mensal, Cliente novo (≤12 meses), Pagamento por cheque eletrônico",1,Month-to-month,DSL,43.8,43.8,Electronic check,No,Female,0,No,No
311,0650-BWOZN,51.8,Alto,"Contrato mensal, Internet fibra óptica, Pagamento por cheque eletrônico, Mensalidade alta",18,Month-to-month,Fiber optic,73.55,1359.45,Electronic check,Yes,Female,1,No,No
312,3714-NTNFO,51.7,Alto,"Contrato mensal, Internet fibra óptica, Pagamento por cheque eletrônico, Mensalidade alta",49,Month-to-month,Fiber optic,84.5,3906.7,Electronic check,Yes,Female,0,No,No
313,9494-MRNYX,51.7,Alto,"Contrato mensal, Cliente novo (≤12 meses), Internet fibra óptica, Pagamento por cheque eletrônico, Mensalidade alta",10,Month-to-month,Fiber optic,75.05,786.3,Electronic check,No,Male,0,No,No
314,2325-NBPZG,51.7,Alto,"Contrato mensal, Cliente novo (≤12 meses), Internet fibra óptica, Pagamento por cheque eletrônico, Mensalidade alta",3,Month-to-month,Fiber optic,74.55,233.65,Electronic check,Yes,Female,0,No,No
315,3384-CTMSF,51.6,Alto,"Contrato mensal, Internet fibra óptica, Pagamento por cheque eletrônico, Mensalidade alta",47,Month-to-month,Fiber optic,104.1,5135.15,Electronic check,Yes,Male,0,Yes,No
316,6127-IYJOZ,51.5,Alto,"Contrato mensal, Cliente novo (≤12 meses)",1,Month-to-month,DSL,45.85,45.85,Mailed check,Yes,Male,1,No,No
317,9572-WUKSB,51.5,Alto,"Contrato mensal, Cliente novo (≤12 meses), Pagamento por cheque eletrônico",3,Month-to-month,DSL,29.9,92.25,Electronic check,Yes,Male,0,Yes,No
318,4521-YEEHE,51.4,Alto,"Contrato mensal, Internet fibra óptica, Pagamento por cheque eletrônico, Mensalidade alta",18,Month-to-month,Fiber optic,88.85,1594.75,Electronic check,Yes,Female,0,Yes,No
319,3496-LFSZU,51.4,Alto,"Contrato mensal, Cliente novo (≤12 meses), Internet fibra óptica, Pagamento por cheque eletrônico, Mensalidade alta",4,Month-to-month,Fiber optic,70.5,294.2,Electronic check,No,Male,0,Yes,No
320,1335-NTIUC,51.4,Alto,"Contrato mensal, Cliente novo (≤12 meses), Pagamento por cheque eletrônico",9,Month-to-month,DSL,24.95,190.25,Electronic check,Yes,Male,0,No,No
321,0248-IPDFW,51.4,Alto,"Contrato mensal, Cliente novo (≤12 meses), Pagamento por cheque eletrônico",1,Month-to-month,DSL,50.1,50.1,Electronic check,Yes,Female,0,No,No
322,3597-MVHJT,51.4,Alto,"Contrato mensal, Internet fibra óptica, Mensalidade alta",27,Month-to-month,Fiber optic,95.6,2595.25,Bank transfer (automatic),Yes,Female,0,No,No
323,1226-IENZN,51.3,Alto,"Contrato mensal, Internet fibra óptica, Pagamento por cheque eletrônico, Mensalidade alta",16,Month-to-month,Fiber optic,78.75,1218.25,Electronic check,Yes,Male,1,No,No
324,4062-HBMOS,51.3,Alto,"Contrato mensal, Internet fibra óptica, Pagamento por cheque eletrônico, Mensalidade alta",52,Month-to-month,Fiber optic,103.05,5364.8,Electronic check,Yes,Male,0,No,No
325,4686-UXDML,51.3,Alto,"Contrato mensal, Internet fibra óptica, Mensalidade alta",21,Month-to-month,Fiber optic,99.85,1992.55,Credit card (automatic),Yes,Female,0,No,No
326,5666-CYCYZ,51.2,Alto,"Contrato mensal, Internet fibra óptica, Pagamento por cheque eletrônico, Mensalidade alta",24,Month-to-month,Fiber optic,89.55,2259.35,Electronic check,Yes,Female,0,No,No
327,0258-NOKBL,51.1,Alto,"Contrato mensal, Cliente novo (≤12 meses), Internet fibra óptica, Pagamento por cheque eletrônico, Mensalidade alta",3,Month-to-month,Fiber optic,90.4,268.45,Electronic check,No,Male,0,No,No
328,8990-ZXLSU,51.1,Alto,"Contrato mensal, Cliente novo (≤12 meses), Internet fibra óptica, Pagamento por cheque eletrônico",9,Month-to-month,Fiber optic,69.05,651.5,Electronic check,No,Female,0,No,No
329,4634-JLRJT,51.0,Alto,"Contrato mensal, Cliente novo (≤12 meses)",1,Month-to-month,No,20.35,20.35,Mailed check,Yes,Female,0,No,No
330,5650-YLIBA,51.0,Alto,"Contrato mensal, Internet fibra óptica, Pagamento por cheque eletrônico, Mensalidade alta",31,Month-to-month,Fiber optic,81.15,2640.55,Electronic check,Yes,Male,0,No,No
331,8617-ENBDS,50.9,Alto,"Contrato mensal, Cliente novo (≤12 meses), Internet fibra óptica, Mensalidade alta",3,Month-to-month,Fiber optic,73.6,232.5,Credit card (automatic),Yes,Male,0,No,No
332,5857-TYBCJ,50.9,Alto,"Contrato mensal, Internet fibra óptica, Pagamento por cheque eletrônico, Mensalidade alta",44,Month-to-month,Fiber optic,89.2,4040.2,Electronic check,Yes,Male,1,Yes,No
333,2694-CIUMO,50.9,Alto,"Contrato mensal, Cliente novo (≤12 meses), Internet fibra óptica, Mensalidade alta",12,Month-to-month,Fiber optic,79.55,958.25,Credit card (automatic),Yes,Female,0,No,No
334,1895-QTKDO,50.8,Alto,"Contrato mensal, Cliente novo (≤12 meses)",1,Month-to-month,DSL,43.95,43.95,Credit card (automatic),No,Female,0,No,No
335,8819-IMISP,50.8,Alto,"Contrato mensal, Internet fibra óptica, Pagamento por cheque eletrônico, Mensalidade alta",31,Month-to-month,Fiber optic,80.45,2429.1,Electronic check,Yes,Male,0,No,No
336,8778-LMWTJ,50.8,Alto,"Contrato mensal, Cliente novo (≤12 meses), Internet fibra óptica, Pagamento por cheque eletrônico, Mensalidade alta",9,Month-to-month,Fiber optic,74.85,708.2,Electronic check,Yes,Female,0,No,No
337,0082-LDZUE,50.8,Alto,"Contrato mensal, Cliente novo (≤12 meses)",1,Month-to-month,DSL,44.3,44.3,Mailed check,Yes,Male,0,No,No
338,8356-WUAOJ,50.8,Alto,"Contrato mensal, Cliente novo (≤12 meses), Pagamento por cheque eletrônico",1,Month-to-month,DSL,45.0,45.0,Electronic check,Yes,Female,0,Yes,No
339,8818-DOPVL,50.7,Alto,"Contrato mensal, Internet fibra óptica, Pagamento por cheque eletrônico, Mensalidade alta",46,Month-to-month,Fiber optic,104.45,4863.85,Electronic check,Yes,Female,1,No,No
340,8445-DNBAE,50.7,Alto,"Contrato mensal, Cliente novo (≤12 meses), Pagamento por cheque eletrônico",1,Month-to-month,DSL,50.05,50.05,Electronic check,Yes,Male,0,No,Yes
341,8950-MTZNV,50.7,Alto,"Contrato mensal, Cliente novo (≤12 meses)",1,Month-to-month,DSL,44.95,44.95,Mailed check,Yes,Male,0,No,No
342,8710-YGLWG,50.7,Alto,"Contrato mensal, Cliente novo (≤12 meses)",1,Month-to-month,DSL,44.9,44.9,Mailed check,Yes,Male,0,No,No
343,9244-ZVAPM,50.7,Alto,"Contrato mensal, Cliente novo (≤12 meses)",1,Month-to-month,DSL,45.6,45.6,Mailed check,No,Male,0,No,No
344,9992-UJOEL,50.6,Alto,"Contrato mensal, Cliente novo (≤12 meses)",2,Month-to-month,DSL,50.3,92.75,Mailed check,Yes,Male,0,No,No
345,2832-KJCRD,50.5,Alto,"Contrato mensal, Internet fibra óptica, Pagamento por cheque eletrônico, Mensalidade alta",38,Month-to-month,Fiber optic,103.65,3988.5,Electronic check,Yes,Female,0,No,No
346,7562-UXTPG,50.5,Alto,"Contrato mensal, Internet fibra óptica, Mensalidade alta",13,Month-to-month,Fiber optic,70.15,886.7,Mailed check,Yes,Female,0,No,No
347,9133-AYJZG,50.4,Alto,"Contrato mensal, Internet fibra óptica, Mensalidade alta",23,Month-to-month,Fiber optic,98.7,2249.1,Credit card (automatic),Yes,Female,0,No,No
348,6030-REHUX,50.4,Alto,"Contrato mensal, Internet fibra óptica, Pagamento por cheque eletrônico, Mensalidade alta",28,Month-to-month,Fiber optic,110.85,3204.4,Electronic check,Yes,Female,1,Yes,No
349,2831-EBWRN,50.3,Alto,"Contrato mensal, Cliente novo (≤12 meses), Pagamento por cheque eletrônico",4,Month-to-month,DSL,45.9,199.75,Electronic check,Yes,Male,0,No,No
350,1608-GMEWB,50.3,Alto,"Contrato mensal, Internet fibra óptica, Mensalidade alta",45,Month-to-month,Fiber optic,93.9,4200.25,Bank transfer (automatic),Yes,Male,1,No,No
351,7729-JTEEC,50.3,Alto,"Contrato mensal, Cliente novo (≤12 meses), Pagamento por cheque eletrônico",2,Month-to-month,DSL,44.5,90.05,Electronic check,Yes,Male,0,Yes,Yes
352,5968-VXZLG,50.2,Alto,"Contrato mensal, Cliente novo (≤12 meses)",2,Month-to-month,DSL,46.6,87.9,Bank transfer (automatic),Yes,Male,0,No,No
353,3961-SXAXY,50.2,Alto,"Contrato mensal, Cliente novo (≤12 meses)",1,Month-to-month,DSL,44.05,44.05,Bank transfer (automatic),Yes,Male,0,No,No
354,9773-PEQBZ,50.1,Alto,"Contrato mensal, Cliente novo (≤12 meses), Internet fibra óptica, Pagamento por cheque eletrônico, Mensalidade alta",10,Month-to-month,Fiber optic,79.85,797.25,Electronic check,No,Male,0,No,No
355,4566-NECEV,50.1,Alto,"Contrato mensal, Cliente novo (≤12 meses), Internet fibra óptica, Pagamento por cheque eletrônico, Mensalidade alta",5,Month-to-month,Fiber optic,96.55,500.1,Electronic check,No,Male,0,No,No
356,0439-IFYUN,50.1,Alto,"Contrato mensal, Internet fibra óptica, Pagamento por cheque eletrônico, Mensalidade alta",18,Month-to-month,Fiber optic,74.7,1294.6,Electronic check,Yes,Female,1,No,No
357,3197-ARFOY,50.1,Alto,"Contrato mensal, Internet fibra óptica, Mensalidade alta",19,Month-to-month,Fiber optic,105.0,2007.25,Mailed check,Yes,Female,1,No,No
358,7442-YGZFK,50.0,Alto,"Contrato mensal, Cliente novo (≤12 meses)",1,Month-to-month,DSL,49.8,49.8,Credit card (automatic),Yes,Male,0,No,No
359,6173-GOLSU,50.0,Alto,"Contrato mensal, Internet fibra óptica, Mensalidade alta",67,Month-to-month,Fiber optic,94.65,6079.0,Credit card (automatic),Yes,Male,1,Yes,No
360,5119-KEPFY,50.0,Médio,"Contrato mensal, Internet fibra óptica, Mensalidade alta",36,Month-to-month,Fiber optic,95.0,3440.25,Bank transfer (automatic),Yes,Male,0,Yes,No
361,9588-OZDMQ,49.9,Médio,"Contrato mensal, Cliente novo (≤12 meses), Pagamento por cheque eletrônico",2,Month-to-month,DSL,45.0,89.75,Electronic check,Yes,Female,0,Yes,No
362,7928-VJYAB,49.9,Médio,"Contrato mensal, Cliente novo (≤12 meses), Internet fibra óptica, Pagamento por cheque eletrônico, Mensalidade alta",11,Month-to-month,Fiber optic,90.6,1020.2,Electronic check,No,Male,0,Yes,Yes
363,5934-RMPOV,49.8,Médio,"Contrato mensal, Internet fibra óptica, Pagamento por cheque eletrônico, Mensalidade alta",22,Month-to-month,Fiber optic,84.75,1816.75,Electronic check,Yes,Female,0,No,Yes
364,4815-GBTCD,49.8,Médio,"Contrato mensal, Cliente novo (≤12 meses), Pagamento por cheque eletrônico",4,Month-to-month,DSL,25.15,99.95,Electronic check,Yes,Female,0,Yes,No
365,7801-KICAO,49.8,Médio,"Contrato mensal, Internet fibra óptica, Pagamento por cheque eletrônico, Mensalidade alta",18,Month-to-month,Fiber optic,74.15,1345.75,Electronic check,Yes,Female,0,No,No
366,5522-JBWMO,49.7,Médio,"Contrato mensal, Cliente novo (≤12 meses), Pagamento por cheque eletrônico",1,Month-to-month,DSL,44.0,44.0,Electronic check,No,Male,0,No,Yes
367,6260-ONULR,49.7,Médio,"Contrato mensal, Cliente novo (≤12 meses)",1,Month-to-month,DSL,62.8,62.8,Mailed check,Yes,Male,0,No,No
368,5692-ICXLW,49.7,Médio,"Contrato mensal, Internet fibra óptica, Pagamento por cheque eletrônico, Mensalidade alta",31,Month-to-month,Fiber optic,90.7,2845.15,Electronic check,Yes,Male,1,No,No
369,2209-XADXF,49.6,Médio,"Contrato mensal, Cliente novo (≤12 meses)",1,Month-to-month,DSL,25.25,25.25,Bank transfer (automatic),No,Female,0,No,No
370,0147-ESWWR,49.5,Médio,"Contrato mensal, Internet fibra óptica, Pagamento por cheque eletrônico, Mensalidade alta",39,Month-to-month,Fiber optic,101.25,3949.15,Electronic check,Yes,Female,1,Yes,No
371,8584-KMVXD,49.5,Médio,"Contrato mensal, Cliente novo (≤12 meses), Internet fibra óptica, Pagamento por cheque eletrônico, Mensalidade alta",8,Month-to-month,Fiber optic,75.6,535.55,Electronic check,No,Female,0,No,No
372,0570-BFQHT,49.5,Médio,"Contrato mensal, Cliente novo (≤12 meses), Internet fibra óptica, Pagamento por cheque eletrônico, Mensalidade alta",9,Month-to-month,Fiber optic,80.55,653.9,Electronic check,No,Female,0,No,No
373,6582-OIVSP,49.5,Médio,"Contrato mensal, Cliente novo (≤12 meses)",1,Month-to-month,DSL,45.3,45.3,Mailed check,No,Female,0,No,No
374,9927-DSWDF,49.5,Médio,"Contrato mensal, Internet fibra óptica, Pagamento por cheque eletrônico, Mensalidade alta",22,Month-to-month,Fiber optic,104.6,2180.55,Electronic check,Yes,Male,0,Yes,No
375,5858-EAFCZ,49.4,Médio,"Contrato mensal, Cliente novo (≤12 meses)",1,Month-to-month,DSL,44.45,44.45,Mailed check,No,Male,0,No,No
376,6267-DCFFZ,49.4,Médio,"Contrato mensal, Internet fibra óptica, Pagamento por cheque eletrônico, Mensalidade alta",30,Month-to-month,Fiber optic,90.05,2627.2,Electronic check,Yes,Female,1,Yes,No
377,6242-MBHPK,49.4,Médio,"Contrato mensal, Internet fibra óptica, Pagamento por cheque eletrônico, Mensalidade alta",23,Month-to-month,Fiber optic,95.1,2326.05,Electronic check,Yes,Female,1,Yes,No
378,9779-DPNEJ,49.3,Médio,"Contrato mensal, Internet fibra óptica, Pagamento por cheque eletrônico, Mensalidade alta",22,Month-to-month,Fiber optic,80.15,1790.65,Electronic check,Yes,Female,0,Yes,Yes
379,5144-TVGLP,49.3,Médio,"Contrato mensal, Internet fibra óptica, Pagamento por cheque eletrônico, Mensalidade alta",38,Month-to-month,Fiber optic,94.75,3653.0,Electronic check,No,Male,1,No,No
380,7252-NTGSS,49.3,Médio,"Contrato mensal, Cliente novo (≤12 meses)",1,Month-to-month,DSL,45.15,45.15,Mailed check,No,Female,0,No,No
381,2103-ZRXFN,49.3,Médio,"Contrato mensal, Cliente novo (≤12 meses)",1,Month-to-month,DSL,50.75,50.75,Mailed check,No,Male,0,No,No
382,0480-BIXDE,49.3,Médio,"Contrato mensal, Internet fibra óptica, Pagamento por cheque eletrônico, Mensalidade alta",19,Month-to-month,Fiber optic,96.8,1743.05,Electronic check,Yes,Female,0,Yes,No
383,7018-WBJNK,49.2,Médio,"Contrato mensal, Internet fibra óptica, Mensalidade alta",13,Month-to-month,Fiber optic,78.3,1033.95,Credit card (automatic),Yes,Male,0,No,Yes
384,6542-LWGXJ,49.2,Médio,"Contrato mensal, Cliente novo (≤12 meses)",3,Month-to-month,DSL,25.0,78.25,Mailed check,No,Male,0,Yes,No
385,6048-QBXKL,49.2,Médio,"Contrato mensal, Cliente novo (≤12 meses)",2,Month-to-month,DSL,56.55,118.25,Credit card (automatic),Yes,Female,1,No,No
386,1746-TGTWV,49.2,Médio,"Contrato mensal, Cliente novo (≤12 meses), Internet fibra óptica, Mensalidade alta",1,Month-to-month,Fiber optic,75.35,75.35,Credit card (automatic),No,Male,0,Yes,No
387,5760-IFJOZ,49.2,Médio,"Contrato mensal, Cliente novo (≤12 meses), Internet fibra óptica, Mensalidade alta",3,Month-to-month,Fiber optic,107.95,313.6,Mailed check,No,Male,0,No,No
388,7714-YXSMB,49.2,Médio,"Contrato mensal, Internet fibra óptica, Mensalidade alta",26,Month-to-month,Fiber optic,100.5,2599.95,Bank transfer (automatic),Yes,Female,0,No,No
389,9432-VOFYX,49.2,Médio,"Contrato mensal, Internet fibra óptica, Pagamento por cheque eletrônico, Mensalidade alta",17,Month-to-month,Fiber optic,70.8,1207.0,Electronic check,Yes,Male,0,No,No
390,9796-BPKIW,49.1,Médio,"Contrato mensal, Cliente novo (≤12 meses), Internet fibra óptica",8,Month-to-month,Fiber optic,69.95,562.7,Credit card (automatic),Yes,Male,1,No,No
391,5630-IXDXV,49.1,Médio,"Contrato mensal, Internet fibra óptica, Pagamento por cheque eletrônico, Mensalidade alta",47,Month-to-month,Fiber optic,106.35,4849.1,Electronic check,Yes,Female,0,No,No
392,6650-VJONK,49.0,Médio,"Contrato mensal, Cliente novo (≤12 meses)",1,Month-to-month,DSL,43.85,43.85,Bank transfer (automatic),Yes,Male,0,No,No
393,7754-IXRMC,49.0,Médio,"Contrato mensal, Cliente novo (≤12 meses)",1,Month-to-month,DSL,45.35,45.35,Mailed check,No,Female,0,No,No
394,0899-LIIBW,49.0,Médio,"Contrato mensal, Internet fibra óptica, Pagamento por cheque eletrônico, Mensalidade alta",34,Month-to-month,Fiber optic,100.85,3527.3,Electronic check,No,Male,0,Yes,No
395,4537-DKTAL,49.0,Médio,"Contrato mensal, Cliente novo (≤12 meses), Pagamento por cheque eletrônico",2,Month-to-month,DSL,45.55,84.4,Electronic check,No,Female,0,No,No
396,8486-AYEQH,48.9,Médio,"Contrato mensal, Internet fibra óptica, Pagamento por cheque eletrônico, Mensalidade alta",31,Month-to-month,Fiber optic,76.05,2227.8,Electronic check,Yes,Female,0,No,No
397,2378-VTKDH,48.9,Médio,"Contrato mensal, Internet fibra óptica, Pagamento por cheque eletrônico, Mensalidade alta",65,Month-to-month,Fiber optic,104.35,6578.55,Electronic check,Yes,Male,1,Yes,No
398,5233-AOZUF,48.9,Médio,"Contrato mensal, Internet fibra óptica, Pagamento por cheque eletrônico, Mensalidade alta",29,Month-to-month,Fiber optic,74.95,2149.05,Electronic check,Yes,Female,0,Yes,No
399,6734-GMPVK,48.8,Médio,"Contrato mensal, Cliente novo (≤12 meses), Internet fibra óptica, Pagamento por cheque eletrônico, Mensalidade alta",5,Month-to-month,Fiber optic,105.3,550.6,Electronic check,No,Male,0,No,No
400,8212-DJRCH,48.7,Médio,"Contrato mensal, Cliente novo (≤12 meses), Internet fibra óptica, Mensalidade alta",5,Month-to-month,Fiber optic,90.35,434.5,Mailed check,Yes,Male,0,Yes,Yes
401,7748-UMTRK,48.6,Médio,"Contrato mensal, Internet fibra óptica, Pagamento por cheque eletrônico, Mensalidade alta",30,Month-to-month,Fiber optic,101.3,2974.5,Electronic check,Yes,Female,1,No,Yes
402,4146-SVFUD,48.6,Médio,"Contrato mensal, Cliente novo (≤12 meses)",1,Month-to-month,DSL,44.6,44.6,Mailed check,No,Male,0,No,No
403,9208-OLGAQ,48.6,Médio,"Contrato mensal, Internet fibra óptica, Pagamento por cheque eletrônico, Mensalidade alta",18,Month-to-month,Fiber optic,84.95,1443.65,Electronic check,Yes,Female,1,No,No
404,3002-WQZWT,48.5,Médio,"Contrato mensal, Internet fibra óptica, Pagamento por cheque eletrônico, Mensalidade alta",29,Month-to-month,Fiber optic,74.2,1993.25,Electronic check,Yes,Female,0,No,No
405,3518-PZXZQ,48.5,Médio,"Contrato mensal, Cliente novo (≤12 meses)",1,Month-to-month,DSL,55.3,55.3,Mailed check,Yes,Female,0,Yes,No
406,2672-OJQZP,48.4,Médio,"Contrato mensal, Cliente novo (≤12 meses)",1,Month-to-month,DSL,44.75,44.75,Mailed check,No,Female,0,No,No
407,7233-DRTRF,48.4,Médio,"Contrato mensal, Internet fibra óptica, Pagamento por cheque eletrônico, Mensalidade alta",63,Month-to-month,Fiber optic,102.4,6444.05,Electronic check,Yes,Male,0,Yes,No
408,5879-SESNB,48.4,Médio,"Contrato mensal, Cliente novo (≤12 meses), Internet fibra óptica, Pagamento por cheque eletrônico, Mensalidade alta",11,Month-to-month,Fiber optic,75.25,888.65,Electronic check,No,Female,0,No,No
409,6833-JMZYP,48.4,Médio,"Contrato mensal, Internet fibra óptica, Mensalidade alta",15,Month-to-month,Fiber optic,94.0,1505.45,Credit card (automatic),Yes,Female,0,No,No
410,0749-IRGQE,48.4,Médio,"Contrato mensal, Pagamento por cheque eletrônico",13,Month-to-month,DSL,45.3,528.45,Electronic check,No,Female,1,Yes,No
411,2604-IJPDU,48.4,Médio,"Contrato mensal, Internet fibra óptica, Pagamento por cheque eletrônico, Mensalidade alta",20,Month-to-month,Fiber optic,96.55,1901.65,Electronic check,Yes,Female,0,Yes,No
412,0447-RXSGD,48.3,Médio,"Contrato mensal, Internet fibra óptica, Mensalidade alta",24,Month-to-month,Fiber optic,99.65,2404.85,Bank transfer (automatic),Yes,Male,0,No,No
413,4727-MCYZG,48.3,Médio,"Contrato mensal, Cliente novo (≤12 meses)",1,Month-to-month,DSL,55.55,55.55,Mailed check,No,Male,0,No,No
414,2080-GKCWQ,48.2,Médio,"Contrato mensal, Cliente novo (≤12 meses), Internet fibra óptica, Pagamento por cheque eletrônico, Mensalidade alta",2,Month-to-month,Fiber optic,74.95,151.75,Electronic check,No,Male,0,No,No
415,9053-EJUNL,48.2,Médio,"Contrato mensal, Internet fibra óptica, Pagamento por cheque eletrônico, Mensalidade alta",41,Month-to-month,Fiber optic,89.2,3645.75,Electronic check,Yes,Male,0,No,No
416,8012-SOUDQ,48.2,Médio,"Contrato mensal, Internet fibra óptica, Pagamento por cheque eletrônico, Mensalidade alta",43,Month-to-month,Fiber optic,90.25,3838.75,Electronic check,Yes,Female,1,No,No
417,7339-POGZN,48.1,Médio,"Contrato mensal, Cliente novo (≤12 meses), Pagamento por cheque eletrônico",4,Month-to-month,DSL,50.7,214.55,Electronic check,No,Female,0,No,No
418,1216-JWVUX,48.1,Médio,"Contrato mensal, Internet fibra óptica, Pagamento por cheque eletrônico, Mensalidade alta",25,Month-to-month,Fiber optic,75.5,1901.05,Electronic check,Yes,Male,0,Yes,Yes
419,9058-MJLZC,48.1,Médio,"Contrato mensal, Internet fibra óptica, Pagamento por cheque eletrônico, Mensalidade alta",24,Month-to-month,Fiber optic,94.6,2283.15,Electronic check,Yes,Female,0,No,No
420,1845-ZLLIG,48.1,Médio,"Contrato mensal, Cliente novo (≤12 meses)",1,Month-to-month,DSL,50.15,50.15,Mailed check,Yes,Male,0,No,No
421,5439-WIKXB,48.0,Médio,"Contrato mensal, Internet fibra óptica, Pagamento por cheque eletrônico, Mensalidade alta",41,Month-to-month,Fiber optic,94.55,3851.45,Electronic check,Yes,Male,1,Yes,No
422,3352-ALMCK,48.0,Médio,"Contrato mensal, Internet fibra óptica, Mensalidade alta",40,Month-to-month,Fiber optic,102.65,4108.15,Mailed check,Yes,Male,0,No,No
423,3956-MGXOG,48.0,Médio,"Contrato mensal, Internet fibra óptica, Pagamento por cheque eletrônico, Mensalidade alta",28,Month-to-month,Fiber optic,80.6,2244.95,Electronic check,Yes,Female,0,No,No
424,3914-FDRHP,48.0,Médio,"Contrato mensal, Cliente novo (≤12 meses), Internet fibra óptica, Pagamento por cheque eletrônico, Mensalidade alta",9,Month-to-month,Fiber optic,86.25,770.5,Electronic check,No,Male,0,No,No
425,3413-BMNZE,47.9,Médio,"Contrato mensal, Cliente novo (≤12 meses)",1,Month-to-month,DSL,45.25,45.25,Bank transfer (automatic),No,Male,1,No,No
426,9274-UARKJ,47.7,Médio,"Contrato mensal, Internet fibra óptica, Mensalidade alta",15,Month-to-month,Fiber optic,83.2,1130.0,Bank transfer (automatic),Yes,Female,0,No,No
427,5599-HVLTW,47.7,Médio,"Contrato mensal, Internet fibra óptica, Mensalidade alta",14,Month-to-month,Fiber optic,80.35,1058.1,Bank transfer (automatic),Yes,Female,1,No,No
428,9355-NPPFS,47.7,Médio,"Contrato mensal, Internet fibra óptica, Pagamento por cheque eletrônico, Mensalidade alta",26,Month-to-month,Fiber optic,78.8,2006.1,Electronic check,Yes,Female,1,No,No
429,7181-OQCUT,47.6,Médio,"Contrato mensal, Internet fibra óptica, Mensalidade alta",21,Month-to-month,Fiber optic,103.85,2215.0,Mailed check,No,Male,0,No,No
430,7892-QVYKW,47.6,Médio,"Contrato mensal, Internet fibra óptica, Pagamento por cheque eletrônico, Mensalidade alta",23,Month-to-month,Fiber optic,85.6,1868.4,Electronic check,No,Female,0,Yes,Yes
431,2452-KDRRH,47.6,Médio,"Contrato mensal, Internet fibra óptica, Mensalidade alta",67,Month-to-month,Fiber optic,101.4,6841.05,Credit card (automatic),Yes,Male,1,No,No
432,5331-RGMTT,47.6,Médio,"Contrato mensal, Internet fibra óptica, Mensalidade alta",54,Month-to-month,Fiber optic,99.05,5295.7,Credit card (automatic),Yes,Male,1,Yes,No
433,0531-ZZJWQ,47.6,Médio,"Contrato mensal, Internet fibra óptica, Pagamento por cheque eletrônico, Mensalidade alta",55,Month-to-month,Fiber optic,74.0,4052.4,Electronic check,Yes,Male,1,Yes,No
434,6818-DJXAA,47.6,Médio,"Contrato mensal, Cliente novo (≤12 meses), Internet fibra óptica, Pagamento por cheque eletrônico, Mensalidade alta",10,Month-to-month,Fiber optic,91.1,964.35,Electronic check,Yes,Female,0,No,Yes
435,9348-YVOMK,47.5,Médio,"Contrato mensal, Cliente novo (≤12 meses)",4,Month-to-month,DSL,44.8,176.2,Credit card (automatic),Yes,Male,0,No,No
436,5600-KTXFM,47.5,Médio,"Contrato mensal, Cliente novo (≤12 meses), Internet fibra óptica",2,Month-to-month,Fiber optic,69.95,143.9,Mailed check,No,Male,0,Yes,Yes
437,1730-ZMAME,47.5,Médio,"Contrato mensal, Internet fibra óptica, Pagamento por cheque eletrônico, Mensalidade alta",32,Month-to-month,Fiber optic,79.5,2665.0,Electronic check,Yes,Female,1,No,No
438,6198-RTPMF,47.4,Médio,"Contrato mensal, Internet fibra óptica, Pagamento por cheque eletrônico, Mensalidade alta",17,Month-to-month,Fiber optic,92.6,1579.7,Electronic check,No,Female,0,Yes,No
439,3588-WSTTJ,47.4,Médio,"Contrato mensal, Internet fibra óptica, Pagamento por cheque eletrônico, Mensalidade alta",35,Month-to-month,Fiber optic,99.05,3554.6,Electronic check,Yes,Female,1,No,No
440,4553-DVPZG,47.4,Médio,"Contrato mensal, Internet fibra óptica, Pagamento por cheque eletrônico, Mensalidade alta",62,Month-to-month,Fiber optic,101.35,6164.7,Electronic check,Yes,Female,0,Yes,No
441,4612-SSVHJ,47.4,Médio,"Contrato mensal, Internet fibra óptica, Pagamento por cheque eletrônico, Mensalidade alta",20,Month-to-month,Fiber optic,81.45,1671.6,Electronic check,Yes,Female,1,No,No
442,0082-OQIQY,47.3,Médio,"Contrato mensal, Internet fibra óptica, Pagamento por cheque eletrônico, Mensalidade alta",29,Month-to-month,Fiber optic,94.2,2607.6,Electronic check,Yes,Male,0,No,No
443,1622-HSHSF,47.2,Médio,"Contrato mensal, Cliente novo (≤12 meses)",1,Month-to-month,No,19.55,19.55,Mailed check,Yes,Female,0,No,No
444,8104-OSKWT,47.2,Médio,"Contrato mensal, Cliente novo (≤12 meses), Internet fibra óptica, Pagamento por cheque eletrônico, Mensalidade alta",12,Month-to-month,Fiber optic,79.8,1001.2,Electronic check,Yes,Female,0,No,No
445,9944-AEXBM,47.2,Médio,"Contrato mensal, Internet fibra óptica, Mensalidade alta",32,Month-to-month,Fiber optic,85.65,2664.3,Bank transfer (automatic),Yes,Male,0,No,No
446,2038-LLMLM,47.2,Médio,"Contrato mensal, Internet fibra óptica, Pagamento por cheque eletrônico, Mensalidade alta",48,Month-to-month,Fiber optic,103.85,4946.05,Electronic check,Yes,Female,0,No,No
447,3797-FKOGQ,47.2,Médio,"Contrato mensal, Cliente novo (≤12 meses), Internet fibra óptica, Pagamento por cheque eletrônico, Mensalidade alta",11,Month-to-month,Fiber optic,86.2,893.2,Electronic check,No,Male,0,No,Yes
448,5482-VXSXJ,47.2,Médio,"Contrato mensal, Internet fibra óptica, Mensalidade alta",22,Month-to-month,Fiber optic,93.2,2157.3,Mailed check,Yes,Male,0,No,No
449,3312-ZWLGF,47.1,Médio,"Contrato mensal, Internet fibra óptica, Pagamento por cheque eletrônico, Mensalidade alta",29,Month-to-month,Fiber optic,79.3,2414.55,Electronic check,Yes,Male,1,Yes,No
450,1482-OXZSY,47.1,Médio,"Contrato mensal, Internet fibra óptica, Mensalidade alta",30,Month-to-month,Fiber optic,100.4,2936.25,Bank transfer (automatic),Yes,Male,0,No,No
451,9620-ENEJV,47.1,Médio,"Contrato mensal, Cliente novo (≤12 meses), Internet fibra óptica, Mensalidade alta",6,Month-to-month,Fiber optic,70.55,433.95,Credit card (automatic),No,Female,0,No,No
452,7855-DIWPO,47.1,Médio,"Contrato mensal, Internet fibra óptica, Pagamento por cheque eletrônico",21,Month-to-month,Fiber optic,68.65,1493.2,Electronic check,Yes,Female,0,No,No
453,1319-YLZJG,47.0,Médio,"Contrato mensal, Cliente novo (≤12 meses), Internet fibra óptica, Pagamento por cheque eletrônico, Mensalidade alta",12,Month-to-month,Fiber optic,84.6,959.9,Electronic check,Yes,Male,0,Yes,No
454,2988-PLAHS,47.0,Médio,"Cliente novo (≤12 meses), Pagamento por cheque eletrônico",3,One year,DSL,69.95,220.45,Electronic check,Yes,Female,0,No,No
455,9365-SRSZE,47.0,Médio,"Contrato mensal, Internet fibra óptica, Pagamento por cheque eletrônico, Mensalidade alta",27,Month-to-month,Fiber optic,70.55,1943.9,Electronic check,Yes,Male,1,Yes,No
456,6377-WHAOX,47.0,Médio,"Contrato mensal, Internet fibra óptica, Pagamento por cheque eletrônico, Mensalidade alta",60,Month-to-month,Fiber optic,106.15,6411.25,Electronic check,Yes,Female,0,Yes,No
457,5035-BVCXS,47.0,Médio,"Contrato mensal, Cliente novo (≤12 meses), Internet fibra óptica, Mensalidade alta",11,Month-to-month,Fiber optic,75.9,866.4,Mailed check,Yes,Male,0,No,No
458,6145-NNPNO,47.0,Médio,"Contrato mensal, Cliente novo (≤12 meses)",1,Month-to-month,DSL,44.15,44.15,Bank transfer (automatic),No,Female,0,No,No
459,7315-WYOAW,47.0,Médio,"Contrato mensal, Internet fibra óptica, Pagamento por cheque eletrônico, Mensalidade alta",13,Month-to-month,Fiber optic,100.75,1313.25,Electronic check,No,Male,0,No,No
460,2603-HVKCG,46.9,Médio,"Contrato mensal, Internet fibra óptica, Pagamento por cheque eletrônico, Mensalidade alta",31,Month-to-month,Fiber optic,101.4,3143.65,Electronic check,Yes,Male,0,No,No
461,2675-DHUTR,46.8,Médio,"Contrato mensal, Internet fibra óptica, Pagamento por cheque eletrônico, Mensalidade alta",58,Month-to-month,Fiber optic,98.9,5780.7,Electronic check,Yes,Male,1,Yes,No
462,5947-SGKCL,46.8,Médio,"Contrato mensal, Internet fibra óptica, Mensalidade alta",15,Month-to-month,Fiber optic,105.35,1559.25,Bank transfer (automatic),Yes,Female,0,Yes,Yes
463,4853-OITSN,46.8,Médio,"Contrato mensal, Cliente novo (≤12 meses), Internet fibra óptica, Pagamento por cheque eletrônico, Mensalidade alta",5,Month-to-month,Fiber optic,89.15,413.25,Electronic check,Yes,Male,0,Yes,No
464,8993-IZEUX,46.8,Médio,"Contrato mensal, Cliente novo (≤12 meses), Internet fibra óptica",7,Month-to-month,Fiber optic,69.15,488.65,Bank transfer (automatic),No,Male,0,No,No
465,0988-JRWWP,46.8,Médio,"Contrato mensal, Cliente novo (≤12 meses), Pagamento por cheque eletrônico",3,Month-to-month,DSL,54.2,140.4,Electronic check,Yes,Female,0,No,No
466,5022-KVDQT,46.7,Médio,"Contrato mensal, Internet fibra óptica, Pagamento por cheque eletrônico, Mensalidade alta",27,Month-to-month,Fiber optic,81.3,2272.8,Electronic check,Yes,Male,0,No,No
467,0093-EXYQL,46.7,Médio,"Contrato mensal, Internet fibra óptica, Pagamento por cheque eletrônico, Mensalidade alta",40,Month-to-month,Fiber optic,91.55,3673.6,Electronic check,Yes,Female,1,No,No
468,3798-EPWRR,46.7,Médio,"Contrato mensal, Cliente novo (≤12 meses), Pagamento por cheque eletrônico",2,Month-to-month,DSL,43.95,85.1,Electronic check,No,Female,1,No,No
469,0265-PSUAE,46.6,Médio,"Contrato mensal, Internet fibra óptica, Mensalidade alta",16,Month-to-month,Fiber optic,100.7,1522.7,Bank transfer (automatic),No,Female,0,Yes,Yes
470,5899-OUVKV,46.5,Médio,"Contrato mensal, Internet fibra óptica, Pagamento por cheque eletrônico, Mensalidade alta",31,Month-to-month,Fiber optic,94.5,2979.2,Electronic check,Yes,Male,0,No,No
471,8903-WMRNW,46.5,Médio,"Contrato mensal, Internet fibra óptica, Pagamento por cheque eletrônico, Mensalidade alta",15,Month-to-month,Fiber optic,101.75,1669.4,Electronic check,No,Female,0,Yes,No
472,2523-EWWZL,46.5,Médio,"Contrato mensal, Internet fibra óptica, Pagamento por cheque eletrônico, Mensalidade alta",27,Month-to-month,Fiber optic,76.1,2093.4,Electronic check,Yes,Female,0,Yes,No
473,8630-FJLIB,46.4,Médio,"Contrato mensal, Internet fibra óptica, Pagamento por cheque eletrônico",18,Month-to-month,Fiber optic,69.8,1221.65,Electronic check,Yes,Female,0,No,No
474,0848-ZGQIJ,46.4,Médio,"Contrato mensal, Internet fibra óptica, Mensalidade alta",16,Month-to-month,Fiber optic,94.65,1461.15,Bank transfer (automatic),Yes,Female,0,Yes,No
475,9962-BFPDU,46.4,Médio,"Contrato mensal, Cliente novo (≤12 meses)",1,Month-to-month,No,20.05,20.05,Mailed check,No,Female,0,Yes,Yes
476,4123-DVHPH,46.4,Médio,"Contrato mensal, Cliente novo (≤12 meses), Internet fibra óptica, Pagamento por cheque eletrônico, Mensalidade alta",9,Month-to-month,Fiber optic,88.05,801.3,Electronic check,Yes,Male,0,Yes,No
477,8687-BAFGU,46.4,Médio,"Contrato mensal, Cliente novo (≤12 meses), Internet fibra óptica, Pagamento por cheque eletrônico, Mensalidade alta",1,Month-to-month,Fiber optic,74.0,74.0,Electronic check,No,Male,0,No,No
478,5271-DBYSJ,46.3,Médio,"Contrato mensal, Cliente novo (≤12 meses), Internet fibra óptica, Mensalidade alta",11,Month-to-month,Fiber optic,79.15,827.7,Credit card (automatic),Yes,Male,1,No,No
479,5647-FXOTP,46.3,Médio,"Contrato mensal, Internet fibra óptica, Pagamento por cheque eletrônico, Mensalidade alta",60,Month-to-month,Fiber optic,105.9,6401.25,Electronic check,Yes,Female,1,Yes,No
480,9389-ACWBI,46.3,Médio,"Contrato mensal, Cliente novo (≤12 meses), Internet fibra óptica",5,Month-to-month,Fiber optic,69.95,320.4,Credit card (automatic),No,Female,0,Yes,Yes
481,4546-FOKWR,46.2,Médio,"Contrato mensal, Internet fibra óptica, Mensalidade alta",16,Month-to-month,Fiber optic,74.75,1129.35,Credit card (automatic),Yes,Female,0,No,No
482,1769-GRUIK,46.1,Médio,"Contrato mensal, Internet fibra óptica, Pagamento por cheque eletrônico, Mensalidade alta",18,Month-to-month,Fiber optic,71.1,1247.75,Electronic check,Yes,Female,0,No,No
483,1469-LBJQJ,46.0,Médio,"Contrato mensal, Internet fibra óptica, Pagamento por cheque eletrônico, Mensalidade alta",66,Month-to-month,Fiber optic,105.2,6936.85,Electronic check,Yes,Female,0,Yes,No
484,1641-RQDAY,46.0,Médio,"Contrato mensal, Internet fibra óptica, Pagamento por cheque eletrônico, Mensalidade alta",32,Month-to-month,Fiber optic,100.4,3217.65,Electronic check,Yes,Female,1,Yes,Yes
485,2369-FEVNO,45.9,Médio,"Contrato mensal, Cliente novo (≤12 meses)",1,Month-to-month,No,19.9,19.9,Mailed check,Yes,Male,0,No,No
486,9450-TRJUU,45.9,Médio,"Contrato mensal, Internet fibra óptica, Pagamento por cheque eletrônico, Mensalidade alta",35,Month-to-month,Fiber optic,83.15,2848.45,Electronic check,No,Male,0,No,No
487,1728-BQDMA,45.9,Médio,"Contrato mensal, Cliente novo (≤12 meses), Pagamento por cheque eletrônico",2,Month-to-month,DSL,44.45,82.7,Electronic check,No,Female,0,No,No
488,6103-BOCOU,45.9,Médio,"Contrato mensal, Internet fibra óptica, Pagamento por cheque eletrônico, Mensalidade alta",26,Month-to-month,Fiber optic,80.7,2193.0,Electronic check,Yes,Female,0,No,No
489,1035-IPQPU,45.8,Médio,"Contrato mensal, Internet fibra óptica, Pagamento por cheque eletrônico, Mensalidade alta",63,Month-to-month,Fiber optic,103.5,6479.4,Electronic check,Yes,Female,1,Yes,No
490,0682-USIXD,45.8,Médio,"Contrato mensal, Internet fibra óptica, Pagamento por cheque eletrônico, Mensalidade alta",21,Month-to-month,Fiber optic,86.05,1818.9,Electronic check,Yes,Female,0,Yes,No
491,3644-QXEHN,45.7,Médio,"Contrato mensal, Internet fibra óptica, Pagamento por cheque eletrônico, Mensalidade alta",13,Month-to-month,Fiber optic,97.0,1334.45,Electronic check,No,Male,0,Yes,Yes
492,6923-JHPMP,45.7,Médio,"Contrato mensal, Cliente novo (≤12 meses), Internet fibra óptica, Pagamento por cheque eletrônico, Mensalidade alta",2,Month-to-month,Fiber optic,80.45,137.1,Electronic check,Yes,Female,0,No,No
493,4690-PKDQG,45.7,Médio,"Contrato mensal, Internet fibra óptica, Pagamento por cheque eletrônico, Mensalidade alta",42,Month-to-month,Fiber optic,95.55,3930.6,Electronic check,Yes,Female,1,Yes,No
494,4661-NJEUX,45.7,Médio,"Contrato mensal, Cliente novo (≤12 meses)",1,Month-to-month,No,20.05,20.05,Mailed check,Yes,Male,0,No,No
495,2697-NQBPF,45.7,Médio,"Contrato mensal, Internet fibra óptica, Pagamento por cheque eletrônico, Mensalidade alta",34,Month-to-month,Fiber optic,105.35,3540.65,Electronic check,Yes,Male,0,No,No
496,2424-WVHPL,45.6,Médio,"Contrato mensal, Cliente novo (≤12 meses), Internet fibra óptica, Pagamento por cheque eletrônico, Mensalidade alta",1,Month-to-month,Fiber optic,74.7,74.7,Electronic check,No,Male,1,No,No
497,2460-NGXBJ,45.6,Médio,"Contrato mensal, Cliente novo (≤12 meses), Internet fibra óptica, Mensalidade alta",11,Month-to-month,Fiber optic,75.2,775.3,Credit card (automatic),Yes,Male,1,Yes,Yes
498,7967-HYCDE,45.6,Médio,"Contrato mensal, Cliente novo (≤12 meses), Internet fibra óptica, Mensalidade alta",8,Month-to-month,Fiber optic,70.7,553.4,Bank transfer (automatic),No,Male,0,No,No
499,4183-MYFRB,45.6,Médio,"Contrato mensal, Internet fibra óptica, Pagamento por cheque eletrônico, Mensalidade alta",21,Month-to-month,Fiber optic,90.05,1862.9,Electronic check,Yes,Female,0,No,No
500,4299-SIMNS,45.6,Médio,"Contrato mensal, Cliente novo (≤12 meses), Internet fibra óptica, Pagamento por cheque eletrônico, Mensalidade alta",9,Month-to-month,Fiber optic,81.15,784.45,Electronic check,Yes,Male,0,No,No
501,4065-JJAVA,45.5,Médio,"Contrato mensal, Cliente novo (≤12 meses), Pagamento por cheque eletrônico",1,Month-to-month,DSL,49.5,49.5,Electronic check,No,Female,0,No,No
502,1471-GIQKQ,45.5,Médio,"Contrato mensal, Cliente novo (≤12 meses), Pagamento por cheque eletrônico",1,Month-to-month,DSL,49.95,49.95,Electronic check,No,Female,0,No,No
503,5129-JLPIS,45.4,Médio,"Contrato mensal, Internet fibra óptica, Pagamento por cheque eletrônico, Mensalidade alta",25,Month-to-month,Fiber optic,105.5,2686.05,Electronic check,Yes,Male,0,No,No
504,1932-UEDCX,45.3,Médio,"Contrato mensal, Internet fibra óptica, Mensalidade alta",33,Month-to-month,Fiber optic,100.6,3270.25,Bank transfer (automatic),Yes,Male,1,Yes,No
505,9752-ZNQUT,45.3,Médio,"Contrato mensal, Cliente novo (≤12 meses), Pagamento por cheque eletrônico",1,Month-to-month,DSL,48.6,48.6,Electronic check,Yes,Female,0,No,No
506,8544-GOQSH,45.3,Médio,"Contrato mensal, Internet fibra óptica, Mensalidade alta",14,Month-to-month,Fiber optic,80.05,1112.3,Credit card (automatic),Yes,Female,0,No,No
507,1307-ATKGB,45.3,Médio,"Contrato mensal, Internet fibra óptica, Pagamento por cheque eletrônico, Mensalidade alta",24,Month-to-month,Fiber optic,89.55,2187.15,Electronic check,Yes,Male,0,No,No
508,4236-UJPWO,45.3,Médio,"Contrato mensal, Cliente novo (≤12 meses), Pagamento por cheque eletrônico",2,Month-to-month,DSL,24.5,46.4,Electronic check,No,Female,0,No,No
509,8981-FJGLA,45.3,Médio,"Contrato mensal, Cliente novo (≤12 meses), Internet fibra óptica, Mensalidade alta",11,Month-to-month,Fiber optic,78.0,851.8,Mailed check,Yes,Male,0,No,Yes
510,2101-RANCD,45.2,Médio,"Contrato mensal, Internet fibra óptica, Pagamento por cheque eletrônico, Mensalidade alta",55,Month-to-month,Fiber optic,73.1,4144.9,Electronic check,Yes,Female,0,No,No
511,3524-WQDSG,45.1,Médio,"Contrato mensal, Internet fibra óptica, Mensalidade alta",43,Month-to-month,Fiber optic,99.3,4209.95,Bank transfer (automatic),Yes,Female,0,Yes,Yes
512,2903-YYTBW,45.1,Médio,"Contrato mensal, Cliente novo (≤12 meses), Pagamento por cheque eletrônico",1,Month-to-month,DSL,44.55,44.55,Electronic check,No,Male,0,Yes,Yes
513,7924-GJZFI,45.1,Médio,"Contrato mensal, Internet fibra óptica, Pagamento por cheque eletrônico",25,Month-to-month,Fiber optic,69.3,1813.1,Electronic check,Yes,Female,1,Yes,No
514,1104-TNLZA,45.1,Médio,"Contrato mensal, Internet fibra óptica, Pagamento por cheque eletrônico, Mensalidade alta",28,Month-to-month,Fiber optic,105.8,2998.0,Electronic check,Yes,Male,1,Yes,No
515,3050-GBUSH,45.1,Médio,"Contrato mensal, Cliente novo (≤12 meses)",3,Month-to-month,DSL,34.8,113.95,Credit card (automatic),Yes,Female,0,No,No
516,5153-RTHKF,45.1,Médio,"Contrato mensal, Internet fibra óptica, Pagamento por cheque eletrônico, Mensalidade alta",34,Month-to-month,Fiber optic,85.35,2896.6,Electronic check,No,Female,0,No,No
517,4828-FAZPK,45.0,Médio,"Contrato mensal, Internet fibra óptica, Mensalidade alta",16,Month-to-month,Fiber optic,79.95,1267.95,Credit card (automatic),Yes,Female,0,Yes,Yes
518,4570-QHXHL,45.0,Médio,"Contrato mensal, Cliente novo (≤12 meses), Pagamento por cheque eletrônico",9,Month-to-month,DSL,43.75,405.7,Electronic check,Yes,Female,0,No,No
519,5960-MVTUK,44.9,Médio,"Contrato mensal, Cliente novo (≤12 meses), Pagamento por cheque eletrônico",3,Month-to-month,DSL,29.75,96.85,Electronic check,Yes,Male,0,No,No
520,1251-STYSZ,44.9,Médio,"Contrato mensal, Cliente novo (≤12 meses), Internet fibra óptica, Pagamento por cheque eletrônico, Mensalidade alta",4,Month-to-month,Fiber optic,80.25,303.7,Electronic check,Yes,Female,1,No,No
521,4647-MUZON,44.9,Médio,"Contrato mensal, Internet fibra óptica, Mensalidade alta",18,Month-to-month,Fiber optic,95.95,1745.5,Credit card (automatic),Yes,Female,0,Yes,No
522,5339-PXDVH,44.9,Médio,"Contrato mensal, Cliente novo (≤12 meses), Internet fibra óptica, Pagamento por cheque eletrônico, Mensalidade alta",4,Month-to-month,Fiber optic,90.65,367.95,Electronic check,No,Male,0,No,No
523,2277-VWCNI,44.8,Médio,"Contrato mensal, Cliente novo (≤12 meses)",4,Month-to-month,DSL,48.75,179.85,Mailed check,No,Female,1,No,No
524,5294-DMSFH,44.8,Médio,"Contrato mensal, Internet fibra óptica, Mensalidade alta",29,Month-to-month,Fiber optic,87.8,2621.75,Credit card (automatic),Yes,Female,0,Yes,Yes
525,8648-PFRMP,44.8,Médio,"Contrato mensal, Pagamento por cheque eletrônico",14,Month-to-month,DSL,46.35,672.7,Electronic check,Yes,Female,1,No,No
526,5183-SNMJQ,44.8,Médio,"Contrato mensal, Cliente novo (≤12 meses), Internet fibra óptica, Mensalidade alta",10,Month-to-month,Fiber optic,95.1,865.1,Credit card (automatic),Yes,Male,0,No,No
527,0537-QYZZN,44.6,Médio,"Contrato mensal, Internet fibra óptica, Pagamento por cheque eletrônico, Mensalidade alta",24,Month-to-month,Fiber optic,79.85,1857.75,Electronic check,Yes,Male,1,Yes,Yes
528,8785-CJSHH,44.6,Médio,"Contrato mensal, Internet fibra óptica, Pagamento por cheque eletrônico, Mensalidade alta",60,Month-to-month,Fiber optic,99.8,5985.75,Electronic check,Yes,Female,0,Yes,No
529,4998-IKFSE,44.6,Médio,"Contrato mensal, Internet fibra óptica, Pagamento por cheque eletrônico, Mensalidade alta",30,Month-to-month,Fiber optic,100.45,3096.9,Electronic check,No,Female,0,No,No
530,1536-HBSWP,44.6,Médio,"Contrato mensal, Cliente novo (≤12 meses), Pagamento por cheque eletrônico",1,Month-to-month,DSL,49.9,49.9,Electronic check,Yes,Female,0,No,No
531,2504-DSHIH,44.6,Médio,"Contrato mensal, Internet fibra óptica, Pagamento por cheque eletrônico, Mensalidade alta",23,Month-to-month,Fiber optic,86.8,1975.85,Electronic check,No,Male,1,Yes,No
532,9885-AIBVB,44.6,Médio,"Contrato mensal, Internet fibra óptica, Pagamento por cheque eletrônico, Mensalidade alta",29,Month-to-month,Fiber optic,85.8,2440.25,Electronic check,Yes,Male,0,Yes,No
533,6080-TCMYC,44.5,Médio,"Contrato mensal, Internet fibra óptica, Pagamento por cheque eletrônico, Mensalidade alta",40,Month-to-month,Fiber optic,81.2,3292.3,Electronic check,Yes,Male,0,Yes,Yes
534,1777-JYQPJ,44.5,Médio,"Contrato mensal, Cliente novo (≤12 meses)",2,Month-to-month,DSL,24.3,38.45,Mailed check,No,Male,0,No,No
535,0374-IOEGQ,44.4,Médio,"Contrato mensal, Cliente novo (≤12 meses), Pagamento por cheque eletrônico",3,Month-to-month,DSL,44.6,122.7,Electronic check,No,Female,0,No,No
536,9576-SYUHJ,44.4,Médio,"Contrato mensal, Internet fibra óptica, Pagamento por cheque eletrônico, Mensalidade alta",37,Month-to-month,Fiber optic,91.15,3369.25,Electronic check,Yes,Male,0,No,No
537,3211-AAPKX,44.3,Médio,"Contrato mensal, Internet fibra óptica, Mensalidade alta",20,Month-to-month,Fiber optic,98.55,2031.95,Mailed check,Yes,Male,0,No,No
538,3196-NVXLZ,44.3,Médio,"Contrato mensal, Internet fibra óptica, Mensalidade alta",25,Month-to-month,Fiber optic,84.6,2088.05,Mailed check,Yes,Female,0,No,No
539,7718-RXDGG,44.3,Médio,"Contrato mensal, Internet fibra óptica",15,Month-to-month,Fiber optic,68.6,1108.6,Bank transfer (automatic),Yes,Male,0,Yes,No
540,6557-BZXLQ,44.2,Médio,"Contrato mensal, Internet fibra óptica, Pagamento por cheque eletrônico",16,Month-to-month,Fiber optic,69.65,1043.3,Electronic check,No,Male,1,No,No
541,0793-TWELN,44.2,Médio,"Contrato mensal, Cliente novo (≤12 meses), Internet fibra óptica, Pagamento por cheque eletrônico, Mensalidade alta",4,Month-to-month,Fiber optic,80.15,319.85,Electronic check,Yes,Female,0,No,No
542,3995-WFCSM,44.2,Médio,"Contrato mensal, Cliente novo (≤12 meses), Pagamento por cheque eletrônico",2,Month-to-month,DSL,60.85,111.4,Electronic check,No,Female,0,No,No
543,2480-SQIOB,44.0,Médio,"Contrato mensal, Cliente novo (≤12 meses), Pagamento por cheque eletrônico",4,Month-to-month,DSL,44.8,169.65,Electronic check,No,Male,0,Yes,Yes
544,0921-OHLVP,43.9,Médio,"Contrato mensal, Internet fibra óptica, Pagamento por cheque eletrônico, Mensalidade alta",22,Month-to-month,Fiber optic,83.05,1799.3,Electronic check,No,Male,0,No,No
545,0315-LVCRK,43.9,Médio,"Contrato mensal, Cliente novo (≤12 meses), Internet fibra óptica, Pagamento por cheque eletrônico, Mensalidade alta",11,Month-to-month,Fiber optic,84.8,888.75,Electronic check,No,Male,0,No,No
546,4128-ETESU,43.9,Médio,"Contrato mensal, Internet fibra óptica, Pagamento por cheque eletrônico, Mensalidade alta",47,Month-to-month,Fiber optic,99.7,4747.2,Electronic check,No,Female,1,Yes,No
547,7404-JLKQG,43.9,Médio,"Contrato mensal, Cliente novo (≤12 meses), Pagamento por cheque eletrônico",3,Month-to-month,DSL,57.55,161.45,Electronic check,No,Female,0,No,No
548,5351-QESIO,43.9,Médio,"Contrato mensal, Cliente novo (≤12 meses)",1,Month-to-month,DSL,24.2,24.2,Mailed check,No,Male,0,No,Yes
549,6088-BXMRG,43.8,Médio,"Contrato mensal, Internet fibra óptica, Pagamento por cheque eletrônico, Mensalidade alta",32,Month-to-month,Fiber optic,98.85,3089.6,Electronic check,Yes,Female,0,Yes,Yes
550,6559-PDZLR,43.8,Médio,"Contrato mensal, Internet fibra óptica, Pagamento por cheque eletrônico, Mensalidade alta",26,Month-to-month,Fiber optic,98.65,2537.0,Electronic check,Yes,Male,0,No,No
551,1302-UHBDD,43.8,Médio,"Contrato mensal, Internet fibra óptica, Pagamento por cheque eletrônico, Mensalidade alta",20,Month-to-month,Fiber optic,89.95,1648.45,Electronic check,No,Male,1,No,No
552,7460-ITWWP,43.7,Médio,"Contrato mensal, Internet fibra óptica, Pagamento por cheque eletrônico, Mensalidade alta",45,Month-to-month,Fiber optic,86.1,3861.45,Electronic check,Yes,Female,1,Yes,No
553,6128-AQBMT,43.7,Médio,"Contrato mensal, Pagamento por cheque eletrônico",41,Month-to-month,DSL,53.95,2215.4,Electronic check,Yes,Male,1,Yes,No
554,5651-YLPRD,43.7,Médio,"Contrato mensal, Internet fibra óptica, Pagamento por cheque eletrônico, Mensalidade alta",32,Month-to-month,Fiber optic,86.1,2723.75,Electronic check,Yes,Female,0,Yes,Yes
555,3312-UUMZW,43.6,Médio,"Contrato mensal, Internet fibra óptica, Mensalidade alta",32,Month-to-month,Fiber optic,98.85,3145.9,Credit card (automatic),Yes,Male,0,Yes,No
556,3003-CMDUU,43.6,Médio,"Contrato mensal, Internet fibra óptica, Pagamento por cheque eletrônico, Mensalidade alta",25,Month-to-month,Fiber optic,95.15,2395.7,Electronic check,Yes,Female,0,Yes,No
557,0771-WLCLA,43.5,Médio,"Contrato mensal, Internet fibra óptica, Pagamento por cheque eletrônico, Mensalidade alta",16,Month-to-month,Fiber optic,112.95,1882.55,Electronic check,Yes,Female,0,Yes,Yes
558,1384-RCUXW,43.4,Médio,"Contrato mensal, Internet fibra óptica, Mensalidade alta",16,Month-to-month,Fiber optic,80.55,1248.9,Mailed check,Yes,Male,0,No,No
559,9167-APMXZ,43.4,Médio,"Contrato mensal, Internet fibra óptica, Mensalidade alta",22,Month-to-month,Fiber optic,84.15,1821.95,Bank transfer (automatic),Yes,Female,0,No,No
560,9629-NHXFW,43.4,Médio,"Contrato mensal, Cliente novo (≤12 meses)",1,Month-to-month,No,19.4,19.4,Mailed check,Yes,Female,0,Yes,Yes
561,4741-WWJQZ,43.4,Médio,"Contrato mensal, Cliente novo (≤12 meses), Internet fibra óptica, Pagamento por cheque eletrônico, Mensalidade alta",2,Month-to-month,Fiber optic,80.15,194.55,Electronic check,Yes,Female,0,Yes,No
562,5895-QSXOD,43.3,Médio,"Contrato mensal, Cliente novo (≤12 meses), Internet fibra óptica, Mensalidade alta",9,Month-to-month,Fiber optic,70.05,657.5,Mailed check,No,Male,0,No,No
563,3703-KBKZP,43.2,Médio,"Contrato mensal, Internet fibra óptica, Mensalidade alta",16,Month-to-month,Fiber optic,74.45,1261.35,Bank transfer (automatic),Yes,Male,1,No,No
564,3904-UKFRE,43.2,Médio,"Contrato mensal, Cliente novo (≤12 meses), Internet fibra óptica, Pagamento por cheque eletrônico, Mensalidade alta",4,Month-to-month,Fiber optic,80.1,336.15,Electronic check,Yes,Male,0,No,No
565,2538-OIMXF,43.2,Médio,"Contrato mensal, Cliente novo (≤12 meses)",1,Month-to-month,DSL,24.7,24.7,Mailed check,No,Female,0,No,Yes
566,4583-PARNH,43.2,Médio,"Contrato mensal, Internet fibra óptica, Pagamento por cheque eletrônico, Mensalidade alta",16,Month-to-month,Fiber optic,91.55,1540.05,Electronic check,Yes,Male,1,Yes,No
567,8224-DWCKX,43.1,Médio,"Contrato mensal, Cliente novo (≤12 meses), Internet fibra óptica, Mensalidade alta",12,Month-to-month,Fiber optic,73.3,828.05,Credit card (automatic),Yes,Male,1,No,No
568,1013-QCWAM,43.1,Médio,"Contrato mensal, Internet fibra óptica, Pagamento por cheque eletrônico, Mensalidade alta",66,Month-to-month,Fiber optic,100.8,6690.75,Electronic check,Yes,Female,1,Yes,No
569,2786-GCDPI,43.1,Médio,"Contrato mensal, Internet fibra óptica, Pagamento por cheque eletrônico, Mensalidade alta",50,Month-to-month,Fiber optic,104.95,5222.35,Electronic check,Yes,Female,1,No,No
570,8378-LKJAF,43.0,Médio,"Contrato mensal, Internet fibra óptica, Mensalidade alta",38,Month-to-month,Fiber optic,101.15,3956.7,Credit card (automatic),Yes,Male,0,Yes,Yes
571,6994-KERXL,43.0,Médio,"Contrato mensal, Cliente novo (≤12 meses), Pagamento por cheque eletrônico",4,Month-to-month,DSL,55.9,238.5,Electronic check,Yes,Male,0,No,No
572,5906-BFOZT,43.0,Médio,"Contrato mensal, Cliente novo (≤12 meses)",1,Month-to-month,No,19.5,19.5,Mailed check,Yes,Male,0,No,No
573,9261-WDCAF,42.9,Médio,"Contrato mensal, Cliente novo (≤12 meses)",3,Month-to-month,DSL,54.65,189.1,Mailed check,No,Male,0,No,No
574,3481-JHUZH,42.9,Médio,"Contrato mensal, Internet fibra óptica, Pagamento por cheque eletrônico, Mensalidade alta",41,Month-to-month,Fiber optic,80.25,3439.0,Electronic check,Yes,Male,0,Yes,No
575,2692-BUCFV,42.8,Médio,"Contrato mensal, Internet fibra óptica, Mensalidade alta",29,Month-to-month,Fiber optic,101.45,2948.6,Bank transfer (automatic),Yes,Male,1,No,No
576,3545-CNWRG,42.7,Médio,"Contrato mensal, Internet fibra óptica, Pagamento por cheque eletrônico, Mensalidade alta",49,Month-to-month,Fiber optic,98.35,4889.2,Electronic check,Yes,Female,0,Yes,Yes
577,1910-FMXJM,42.7,Médio,"Contrato mensal, Internet fibra óptica, Pagamento por cheque eletrônico, Mensalidade alta",36,Month-to-month,Fiber optic,80.4,2937.65,Electronic check,No,Female,0,Yes,No
578,3439-GVUSX,42.7,Médio,"Contrato mensal, Cliente novo (≤12 meses)",1,Month-to-month,DSL,24.4,24.4,Mailed check,No,Male,0,No,No
579,0015-UOCOJ,42.6,Médio,"Contrato mensal, Cliente novo (≤12 meses), Pagamento por cheque eletrônico",7,Month-to-month,DSL,48.2,340.35,Electronic check,Yes,Female,1,No,No
580,9398-MMQTO,42.6,Médio,"Contrato mensal, Cliente novo (≤12 meses), Internet fibra óptica, Mensalidade alta",3,Month-to-month,Fiber optic,74.45,221.1,Credit card (automatic),No,Male,0,No,No
581,9272-LSVYH,42.6,Médio,"Contrato mensal, Cliente novo (≤12 meses), Internet fibra óptica, Mensalidade alta",10,Month-to-month,Fiber optic,70.15,735.5,Mailed check,No,Male,0,No,No
582,9112-WSNPU,42.5,Médio,"Contrato mensal, Internet fibra óptica, Pagamento por cheque eletrônico, Mensalidade alta",35,Month-to-month,Fiber optic,70.55,2419.0,Electronic check,No,Female,1,No,No
583,8566-YPRGL,42.4,Médio,"Contrato mensal, Cliente novo (≤12 meses)",1,Month-to-month,No,19.5,19.5,Mailed check,Yes,Female,0,No,No
584,3370-GQEAL,42.4,Médio,"Contrato mensal, Internet fibra óptica, Pagamento por cheque eletrônico, Mensalidade alta",30,Month-to-month,Fiber optic,85.45,2509.95,Electronic check,No,Male,0,Yes,Yes
585,6402-EJMWF,42.4,Médio,"Contrato mensal, Cliente novo (≤12 meses)",4,Month-to-month,DSL,55.3,238.5,Mailed check,Yes,Male,0,No,No
586,0701-RFGFI,42.3,Médio,"Contrato mensal, Internet fibra óptica, Mensalidade alta",49,Month-to-month,Fiber optic,95.4,4613.95,Bank transfer (automatic),Yes,Female,0,Yes,Yes
587,6817-WTYHE,42.3,Médio,"Contrato mensal, Cliente novo (≤12 meses)",2,Month-to-month,DSL,44.9,111.05,Bank transfer (automatic),No,Male,0,No,No
588,2277-DJJDL,42.3,Médio,"Contrato mensal, Internet fibra óptica, Pagamento por cheque eletrônico, Mensalidade alta",60,Month-to-month,Fiber optic,99.0,6017.9,Electronic check,Yes,Male,1,Yes,No
589,0674-DGMAQ,42.3,Médio,"Contrato mensal, Internet fibra óptica, Pagamento por cheque eletrônico, Mensalidade alta",32,Month-to-month,Fiber optic,93.5,2970.8,Electronic check,Yes,Male,1,Yes,No
590,7296-PIXQY,42.2,Médio,"Contrato mensal, Internet fibra óptica, Pagamento por cheque eletrônico, Mensalidade alta",14,Month-to-month,Fiber optic,70.2,1046.5,Electronic check,No,Female,0,Yes,Yes
591,5461-QKNTN,42.2,Médio,"Contrato mensal, Internet fibra óptica, Pagamento por cheque eletrônico, Mensalidade alta",43,Month-to-month,Fiber optic,94.3,3953.15,Electronic check,Yes,Male,1,Yes,No
592,7243-LCGGZ,42.1,Médio,"Contrato mensal, Cliente novo (≤12 meses)",1,Month-to-month,No,20.9,20.9,Mailed check,No,Female,0,No,No
593,8058-DMYRU,42.1,Médio,"Contrato mensal, Internet fibra óptica, Pagamento por cheque eletrônico, Mensalidade alta",54,Month-to-month,Fiber optic,90.05,4931.8,Electronic check,Yes,Male,1,No,No
594,1212-GLHMD,42.1,Médio,"Contrato mensal, Cliente novo (≤12 meses), Internet fibra óptica, Mensalidade alta",3,Month-to-month,Fiber optic,86.05,244.85,Mailed check,Yes,Male,0,No,No
595,6599-SFQVE,42.0,Médio,"Contrato mensal, Cliente novo (≤12 meses), Pagamento por cheque eletrônico",6,Month-to-month,DSL,55.0,340.4,Electronic check,Yes,Female,0,No,No
596,1866-OBPNR,42.0,Médio,"Contrato mensal, Cliente novo (≤12 meses), Internet fibra óptica, Mensalidade alta",1,Month-to-month,Fiber optic,74.6,74.6,Credit card (automatic),No,Male,0,Yes,Yes
597,5207-PLSTK,41.9,Médio,"Contrato mensal, Cliente novo (≤12 meses)",1,Month-to-month,DSL,48.75,48.75,Mailed check,Yes,Male,0,Yes,Yes
598,8059-UDZFY,41.9,Médio,"Contrato mensal, Internet fibra óptica, Mensalidade alta",33,Month-to-month,Fiber optic,105.35,3465.05,Bank transfer (automatic),Yes,Female,1,No,Yes
599,5175-WLYXL,41.8,Médio,"Contrato mensal, Internet fibra óptica, Mensalidade alta",22,Month-to-month,Fiber optic,78.85,1600.25,Mailed check,Yes,Male,0,No,No
600,4061-UKJWL,41.8,Médio,"Contrato mensal, Cliente novo (≤12 meses)",3,Month-to-month,DSL,45.45,141.7,Mailed check,No,Male,0,No,No
601,1575-KRZZE,41.7,Médio,"Contrato mensal, Cliente novo (≤12 meses), Pagamento por cheque eletrônico",4,Month-to-month,DSL,55.2,220.65,Electronic check,No,Female,0,No,No
602,1078-TDCRN,41.7,Médio,"Contrato mensal, Cliente novo (≤12 meses), Pagamento por cheque eletrônico",3,Month-to-month,DSL,30.75,82.85,Electronic check,Yes,Female,1,Yes,No
603,2027-CWDNU,41.7,Médio,"Contrato mensal, Internet fibra óptica, Pagamento por cheque eletrônico, Mensalidade alta",18,Month-to-month,Fiber optic,85.6,1601.5,Electronic check,Yes,Male,0,Yes,Yes
604,8647-SDTWQ,41.7,Médio,"Contrato mensal, Internet fibra óptica, Pagamento por cheque eletrônico, Mensalidade alta",57,Month-to-month,Fiber optic,74.3,4018.35,Electronic check,Yes,Male,0,Yes,Yes
605,1833-TCXKK,41.6,Médio,"Contrato mensal, Internet fibra óptica, Mensalidade alta",45,Month-to-month,Fiber optic,107.75,4882.8,Bank transfer (automatic),Yes,Male,0,Yes,No
606,9129-UXERG,41.6,Médio,"Contrato mensal, Internet fibra óptica, Mensalidade alta",18,Month-to-month,Fiber optic,103.6,1806.35,Credit card (automatic),Yes,Female,1,No,No
607,7567-ECMCM,41.6,Médio,"Contrato mensal, Internet fibra óptica, Mensalidade alta",24,Month-to-month,Fiber optic,79.85,2001.0,Credit card (automatic),Yes,Male,0,No,No
608,7590-VHVEG,41.6,Médio,"Contrato mensal, Cliente novo (≤12 meses), Pagamento por cheque eletrônico",1,Month-to-month,DSL,29.85,29.85,Electronic check,Yes,Female,0,Yes,No
609,6719-OXYBR,41.5,Médio,"Contrato mensal, Internet fibra óptica, Pagamento por cheque eletrônico, Mensalidade alta",15,Month-to-month,Fiber optic,85.3,1219.85,Electronic check,No,Male,0,No,No
610,6907-FLBER,41.5,Médio,"Contrato mensal, Cliente novo (≤12 meses), Pagamento por cheque eletrônico",1,Month-to-month,DSL,54.3,54.3,Electronic check,No,Male,0,No,No
611,4360-PNRQB,41.5,Médio,"Contrato mensal, Internet fibra óptica, Mensalidade alta",18,Month-to-month,Fiber optic,75.6,1395.05,Bank transfer (automatic),Yes,Male,0,No,No
612,5122-CYFXA,41.4,Médio,"Contrato mensal, Cliente novo (≤12 meses), Pagamento por cheque eletrônico, Mensalidade alta",3,Month-to-month,DSL,75.3,244.1,Electronic check,Yes,Female,0,No,No
613,9631-XEYKE,41.3,Médio,"Contrato mensal, Cliente novo (≤12 meses)",3,Month-to-month,DSL,50.4,137.25,Bank transfer (automatic),No,Male,0,No,No
614,9121-PHQSR,41.3,Médio,"Contrato mensal, Internet fibra óptica, Mensalidade alta",16,Month-to-month,Fiber optic,85.05,1391.15,Credit card (automatic),Yes,Male,1,Yes,No
615,9693-XMUOB,41.3,Médio,"Contrato mensal, Pagamento por cheque eletrônico",59,Month-to-month,DSL,50.25,2997.45,Electronic check,Yes,Male,1,Yes,No
616,3452-ABWRL,41.2,Médio,"Contrato mensal, Internet fibra óptica, Mensalidade alta",47,Month-to-month,Fiber optic,86.05,3865.6,Credit card (automatic),Yes,Male,1,No,No
617,8728-SKJLR,41.2,Médio,"Contrato mensal, Internet fibra óptica, Pagamento por cheque eletrônico, Mensalidade alta",41,Month-to-month,Fiber optic,74.25,3089.1,Electronic check,Yes,Male,0,No,No
618,2465-BLLEU,41.2,Médio,"Contrato mensal, Cliente novo (≤12 meses)",1,Month-to-month,No,19.75,19.75,Mailed check,Yes,Male,0,No,No
619,4660-IRIBM,41.2,Médio,"Contrato mensal, Internet fibra óptica, Mensalidade alta",18,Month-to-month,Fiber optic,87.9,1500.5,Mailed check,Yes,Male,0,Yes,Yes
620,3088-LHEFH,41.0,Médio,"Contrato mensal, Cliente novo (≤12 meses), Internet fibra óptica, Mensalidade alta",11,Month-to-month,Fiber optic,79.0,929.3,Bank transfer (automatic),Yes,Female,0,No,No
621,3577-AMVUX,40.9,Médio,"Contrato mensal, Cliente novo (≤12 meses)",1,Month-to-month,DSL,55.05,55.05,Mailed check,No,Male,0,No,No
622,3569-EDBPQ,40.9,Médio,"Contrato mensal, Internet fibra óptica, Pagamento por cheque eletrônico, Mensalidade alta",24,Month-to-month,Fiber optic,84.35,1938.05,Electronic check,Yes,Female,0,No,No
623,8189-XRIKE,40.8,Médio,"Contrato mensal, Internet fibra óptica, Pagamento por cheque eletrônico, Mensalidade alta",32,Month-to-month,Fiber optic,90.95,2897.95,Electronic check,No,Female,1,No,No
624,2227-JRSJX,40.8,Médio,"Contrato mensal, Internet fibra óptica, Mensalidade alta",21,Month-to-month,Fiber optic,99.15,1956.4,Bank transfer (automatic),Yes,Female,0,No,No
625,4098-NAUKP,40.8,Médio,"Contrato mensal, Internet fibra óptica, Pagamento por cheque eletrônico, Mensalidade alta",68,Month-to-month,Fiber optic,84.65,5683.6,Electronic check,Yes,Male,1,Yes,Yes
626,7978-DKUQH,40.7,Médio,"Contrato mensal, Internet fibra óptica, Pagamento por cheque eletrônico, Mensalidade alta",25,Month-to-month,Fiber optic,74.6,1797.75,Electronic check,Yes,Female,0,Yes,No
627,9979-RGMZT,40.7,Médio,"Cliente novo (≤12 meses), Internet fibra óptica, Mensalidade alta",7,One year,Fiber optic,94.05,633.45,Mailed check,Yes,Female,0,No,No
628,0410-IPFTY,40.6,Médio,"Contrato mensal, Internet fibra óptica, Mensalidade alta",31,Month-to-month,Fiber optic,83.85,2674.15,Bank transfer (automatic),Yes,Female,0,Yes,No
629,9753-OYLBX,40.6,Médio,"Contrato mensal, Cliente novo (≤12 meses)",1,Month-to-month,No,20.5,20.5,Mailed check,No,Female,0,No,No
630,6862-CQUMB,40.5,Médio,"Contrato mensal, Internet fibra óptica, Mensalidade alta",37,Month-to-month,Fiber optic,96.1,3646.8,Credit card (automatic),Yes,Male,0,No,No
631,0411-EZJZE,40.5,Médio,"Contrato mensal, Cliente novo (≤12 meses), Pagamento por cheque eletrônico",3,Month-to-month,DSL,60.25,170.5,Electronic check,Yes,Female,0,No,No
632,8456-QDAVC,40.5,Médio,"Contrato mensal, Internet fibra óptica, Mensalidade alta",19,Month-to-month,Fiber optic,78.7,1495.1,Bank transfer (automatic),Yes,Male,0,No,No
633,7277-OZCGZ,40.5,Médio,"Contrato mensal, Internet fibra óptica, Pagamento por cheque eletrônico, Mensalidade alta",22,Month-to-month,Fiber optic,89.05,1886.25,Electronic check,Yes,Female,0,No,No
634,4879-GZLFH,40.5,Médio,"Contrato mensal, Internet fibra óptica, Pagamento por cheque eletrônico, Mensalidade alta",42,Month-to-month,Fiber optic,92.15,3875.4,Electronic check,Yes,Female,0,Yes,Yes
635,7483-IQWIB,40.5,Médio,"Contrato mensal, Internet fibra óptica, Pagamento por cheque eletrônico, Mensalidade alta",37,Month-to-month,Fiber optic,92.95,3415.25,Electronic check,Yes,Male,0,Yes,Yes
636,7504-UWHNB,40.5,Médio,"Contrato mensal, Internet fibra óptica, Pagamento por cheque eletrônico",25,Month-to-month,Fiber optic,69.75,1729.35,Electronic check,No,Male,0,No,No
637,5649-RXQTV,40.5,Médio,"Contrato mensal, Internet fibra óptica, Pagamento por cheque eletrônico, Mensalidade alta",51,Month-to-month,Fiber optic,99.0,5038.15,Electronic check,Yes,Male,0,No,No
638,5543-QDCRY,40.4,Médio,"Contrato mensal, Cliente novo (≤12 meses), Pagamento por cheque eletrônico",4,Month-to-month,DSL,56.4,234.85,Electronic check,Yes,Male,0,No,No
639,2178-PMGCJ,40.4,Médio,"Contrato mensal, Internet fibra óptica",22,Month-to-month,Fiber optic,69.7,1490.4,Mailed check,Yes,Male,0,No,No
640,7529-ZDFXI,40.4,Médio,"Contrato mensal, Internet fibra óptica, Pagamento por cheque eletrônico, Mensalidade alta",57,Month-to-month,Fiber optic,89.85,4925.35,Electronic check,Yes,Male,1,Yes,No
641,4238-HFHSN,40.4,Médio,"Contrato mensal, Internet fibra óptica, Pagamento por cheque eletrônico, Mensalidade alta",61,Month-to-month,Fiber optic,82.15,4904.85,Electronic check,Yes,Male,1,Yes,No
642,9800-ONTFE,40.4,Médio,"Contrato mensal, Internet fibra óptica, Mensalidade alta",22,Month-to-month,Fiber optic,75.8,1615.1,Bank transfer (automatic),Yes,Female,0,Yes,Yes
643,4581-LNWUM,40.4,Médio,"Contrato mensal, Pagamento por cheque eletrônico",13,Month-to-month,DSL,49.15,649.4,Electronic check,No,Female,0,No,No
644,9529-OFXHY,40.3,Médio,"Contrato mensal, Internet fibra óptica, Mensalidade alta",15,Month-to-month,Fiber optic,87.75,1242.2,Bank transfer (automatic),Yes,Male,0,No,No
645,1580-BMCMR,40.3,Médio,"Contrato mensal, Internet fibra óptica, Pagamento por cheque eletrônico, Mensalidade alta",19,Month-to-month,Fiber optic,87.3,1637.3,Electronic check,Yes,Male,1,No,No
646,0599-XNYDO,40.3,Médio,"Contrato mensal, Internet fibra óptica",20,Month-to-month,Fiber optic,69.8,1540.35,Bank transfer (automatic),Yes,Female,0,Yes,No
647,2122-YWVYA,40.3,Médio,"Contrato mensal, Internet fibra óptica, Pagamento por cheque eletrônico, Mensalidade alta",18,Month-to-month,Fiber optic,75.4,1380.4,Electronic check,Yes,Female,0,No,No
648,7422-WNBTY,40.2,Médio,"Contrato mensal, Internet fibra óptica, Pagamento por cheque eletrônico, Mensalidade alta",33,Month-to-month,Fiber optic,93.35,3092.0,Electronic check,Yes,Male,0,Yes,No
649,1261-FWTTE,40.2,Médio,Contrato mensal,23,Month-to-month,DSL,34.65,768.45,Bank transfer (automatic),Yes,Male,1,No,No
650,0376-OIWME,40.2,Médio,"Contrato mensal, Internet fibra óptica, Pagamento por cheque eletrônico, Mensalidade alta",36,Month-to-month,Fiber optic,93.6,3366.05,Electronic check,Yes,Male,0,Yes,No
651,0141-YEAYS,40.2,Médio,"Contrato mensal, Internet fibra óptica, Mensalidade alta",27,Month-to-month,Fiber optic,86.45,2401.05,Bank transfer (automatic),Yes,Female,1,No,No
652,8212-CRQXP,40.1,Médio,"Contrato mensal, Internet fibra óptica, Mensalidade alta",22,Month-to-month,Fiber optic,80.0,1706.45,Credit card (automatic),Yes,Female,0,Yes,No
653,3404-JNXAX,40.1,Médio,"Contrato mensal, Internet fibra óptica, Pagamento por cheque eletrônico, Mensalidade alta",51,Month-to-month,Fiber optic,80.75,4116.9,Electronic check,Yes,Female,0,Yes,Yes
654,1406-PUQVY,40.0,Médio,"Contrato mensal, Cliente novo (≤12 meses), Pagamento por cheque eletrônico",1,Month-to-month,DSL,49.9,49.9,Electronic check,Yes,Male,0,No,Yes
655,9895-VFOXH,40.0,Médio,"Contrato mensal, Cliente novo (≤12 meses)",1,Month-to-month,DSL,24.4,24.4,Mailed check,No,Female,0,No,No
656,2018-PZKMU,40.0,Médio,"Contrato mensal, Cliente novo (≤12 meses), Internet fibra óptica, Pagamento por cheque eletrônico, Mensalidade alta",9,Month-to-month,Fiber optic,103.1,970.45,Electronic check,No,Male,0,Yes,Yes
657,5453-AXEPF,40.0,Médio,"Contrato mensal, Internet fibra óptica, Mensalidade alta",17,Month-to-month,Fiber optic,80.5,1336.9,Bank transfer (automatic),Yes,Male,0,Yes,No
658,8849-AYPTR,39.9,Médio,"Contrato mensal, Internet fibra óptica, Pagamento por cheque eletrônico, Mensalidade alta",33,Month-to-month,Fiber optic,91.25,2964.05,Electronic check,No,Male,0,Yes,No
659,6645-MXQJT,39.9,Médio,"Contrato mensal, Cliente novo (≤12 meses), Internet fibra óptica, Pagamento por cheque eletrônico, Mensalidade alta",2,Month-to-month,Fiber optic,97.1,184.15,Electronic check,No,Male,0,Yes,Yes
660,4067-HLYQI,39.9,Médio,"Contrato mensal, Internet fibra óptica, Mensalidade alta",33,Month-to-month,Fiber optic,70.4,2406.1,Bank transfer (automatic),Yes,Female,0,No,No
661,3594-KADLU,39.9,Médio,"Contrato mensal, Cliente novo (≤12 meses)",3,Month-to-month,DSL,35.1,101.1,Mailed check,No,Male,0,Yes,No
662,7733-UDMTP,39.9,Médio,"Contrato mensal, Pagamento por cheque eletrônico",57,Month-to-month,DSL,55.0,3094.05,Electronic check,Yes,Female,1,No,No
663,3780-YVMFA,39.8,Médio,"Contrato mensal, Cliente novo (≤12 meses), Pagamento por cheque eletrônico",8,Month-to-month,DSL,68.55,564.35,Electronic check,Yes,Female,0,Yes,Yes
664,2081-KJSQF,39.8,Médio,"Contrato mensal, Cliente novo (≤12 meses)",1,Month-to-month,No,20.25,20.25,Mailed check,Yes,Male,0,No,No
665,8404-GFGCZ,39.7,Médio,"Contrato mensal, Cliente novo (≤12 meses), Pagamento por cheque eletrônico",4,Month-to-month,DSL,65.6,250.1,Electronic check,No,Male,0,Yes,No
666,7072-MBHEV,39.7,Médio,"Contrato mensal, Cliente novo (≤12 meses), Internet fibra óptica, Mensalidade alta",11,Month-to-month,Fiber optic,78.1,864.85,Credit card (automatic),Yes,Female,1,Yes,Yes
667,5626-MGTUK,39.7,Médio,"Contrato mensal, Internet fibra óptica, Mensalidade alta",20,Month-to-month,Fiber optic,89.1,1879.25,Bank transfer (automatic),Yes,Female,0,No,No
668,0111-KLBQG,39.6,Médio,"Contrato mensal, Internet fibra óptica, Mensalidade alta",32,Month-to-month,Fiber optic,93.95,2861.45,Mailed check,Yes,Male,1,Yes,Yes
669,9552-TGUZV,39.6,Médio,"Contrato mensal, Cliente novo (≤12 meses), Internet fibra óptica, Mensalidade alta",8,Month-to-month,Fiber optic,75.0,658.1,Mailed check,Yes,Male,0,Yes,No
670,2478-EEWWM,39.6,Médio,"Contrato mensal, Pagamento por cheque eletrônico",59,Month-to-month,DSL,44.3,2666.75,Electronic check,Yes,Male,0,Yes,No
671,1194-HVAIF,39.5,Médio,"Contrato mensal, Internet fibra óptica, Mensalidade alta",27,Month-to-month,Fiber optic,95.0,2462.55,Credit card (automatic),No,Female,0,Yes,No
672,7396-VJUZB,39.5,Médio,"Contrato mensal, Cliente novo (≤12 meses)",4,Month-to-month,DSL,45.25,155.35,Mailed check,No,Male,0,Yes,Yes
673,0112-QAWRZ,39.5,Médio,"Contrato mensal, Internet fibra óptica, Mensalidade alta",16,Month-to-month,Fiber optic,90.8,1442.2,Bank transfer (automatic),Yes,Male,0,Yes,Yes
674,7020-OZKXZ,39.4,Médio,"Contrato mensal, Cliente novo (≤12 meses), Internet fibra óptica, Mensalidade alta",9,Month-to-month,Fiber optic,75.5,637.4,Credit card (automatic),No,Female,1,No,No
675,2637-FKFSY,39.4,Médio,"Contrato mensal, Cliente novo (≤12 meses)",3,Month-to-month,DSL,46.1,130.15,Mailed check,Yes,Female,0,Yes,No
676,2573-GYRUU,39.4,Médio,"Contrato mensal, Internet fibra óptica, Mensalidade alta",48,Month-to-month,Fiber optic,91.05,4370.75,Credit card (automatic),Yes,Male,1,Yes,No
677,1816-FLZDK,39.4,Médio,"Contrato mensal, Cliente novo (≤12 meses)",1,Month-to-month,DSL,29.15,29.15,Mailed check,No,Male,0,No,No
678,5222-IMUKT,39.4,Médio,"Contrato mensal, Internet fibra óptica, Pagamento por cheque eletrônico, Mensalidade alta",32,Month-to-month,Fiber optic,91.05,2871.5,Electronic check,No,Male,0,No,No
679,8384-FZBJK,39.4,Médio,"Contrato mensal, Internet fibra óptica, Pagamento por cheque eletrônico, Mensalidade alta",57,Month-to-month,Fiber optic,100.6,5611.7,Electronic check,Yes,Female,0,Yes,Yes
680,2672-TGEFF,39.3,Médio,"Contrato mensal, Internet fibra óptica, Pagamento por cheque eletrônico, Mensalidade alta",37,Month-to-month,Fiber optic,88.8,3340.55,Electronic check,Yes,Female,0,Yes,Yes
681,5215-LNLDJ,39.3,Médio,"Contrato mensal, Cliente novo (≤12 meses), Pagamento por cheque eletrônico",7,Month-to-month,DSL,24.7,149.05,Electronic check,Yes,Female,0,Yes,Yes
682,2501-XWWTZ,39.3,Médio,"Contrato mensal, Cliente novo (≤12 meses), Internet fibra óptica, Pagamento por cheque eletrônico, Mensalidade alta",11,Month-to-month,Fiber optic,70.2,760.05,Electronic check,No,Male,0,No,No
683,3005-TYFRD,39.2,Médio,"Contrato mensal, Internet fibra óptica, Mensalidade alta",55,Month-to-month,Fiber optic,103.65,5676.65,Credit card (automatic),Yes,Female,0,Yes,No
684,7147-AYBAA,39.2,Médio,"Contrato mensal, Internet fibra óptica, Mensalidade alta",37,Month-to-month,Fiber optic,70.35,2552.9,Mailed check,Yes,Male,0,No,No
685,3955-JBZZM,39.2,Médio,"Contrato mensal, Internet fibra óptica, Pagamento por cheque eletrônico, Mensalidade alta",20,Month-to-month,Fiber optic,78.8,1641.3,Electronic check,No,Male,0,No,No
686,5982-FPVQN,39.1,Médio,"Contrato mensal, Internet fibra óptica, Pagamento por cheque eletrônico, Mensalidade alta",37,Month-to-month,Fiber optic,95.15,3532.85,Electronic check,Yes,Female,0,Yes,Yes
687,3716-UVSPD,39.1,Médio,"Contrato mensal, Cliente novo (≤12 meses), Pagamento por cheque eletrônico",1,Month-to-month,DSL,49.3,49.3,Electronic check,Yes,Male,0,No,No
688,8490-BXHEO,39.1,Médio,"Contrato mensal, Internet fibra óptica, Mensalidade alta",18,Month-to-month,Fiber optic,80.55,1411.65,Credit card (automatic),Yes,Male,1,No,No
689,0096-BXERS,39.1,Médio,"Contrato mensal, Cliente novo (≤12 meses), Pagamento por cheque eletrônico",6,Month-to-month,DSL,50.35,314.55,Electronic check,No,Female,0,Yes,No
690,7318-EIVKO,39.0,Médio,"Contrato mensal, Cliente novo (≤12 meses), Pagamento por cheque eletrônico",8,Month-to-month,DSL,59.25,436.6,Electronic check,Yes,Male,0,No,No
691,5356-CSVSQ,39.0,Médio,"Contrato mensal, Cliente novo (≤12 meses), Pagamento por cheque eletrônico",3,Month-to-month,DSL,64.6,174.2,Electronic check,No,Female,0,No,No
692,3167-SNQPL,39.0,Médio,"Contrato mensal, Internet fibra óptica, Pagamento por cheque eletrônico, Mensalidade alta",38,Month-to-month,Fiber optic,101.15,3741.85,Electronic check,No,Male,1,Yes,Yes
693,0430-IHCDJ,39.0,Médio,"Contrato mensal, Pagamento por cheque eletrônico",15,Month-to-month,DSL,49.0,749.25,Electronic check,Yes,Male,0,No,No
694,2969-QWUBZ,38.9,Médio,"Contrato mensal, Cliente novo (≤12 meses), Pagamento por cheque eletrônico",2,Month-to-month,DSL,51.4,96.8,Electronic check,No,Female,0,No,No
695,3748-FVMZZ,38.9,Médio,"Contrato mensal, Cliente novo (≤12 meses), Pagamento por cheque eletrônico",4,Month-to-month,DSL,40.05,162.45,Electronic check,Yes,Male,0,No,No
696,1635-FJFCC,38.9,Médio,"Contrato mensal, Cliente novo (≤12 meses)",5,Month-to-month,DSL,44.05,202.15,Credit card (automatic),Yes,Female,0,No,No
697,2476-YGEFM,38.8,Médio,"Contrato mensal, Internet fibra óptica, Mensalidade alta",29,Month-to-month,Fiber optic,76.0,2215.25,Credit card (automatic),Yes,Female,0,No,No
698,2322-VCZHZ,38.8,Médio,"Contrato mensal, Internet fibra óptica, Pagamento por cheque eletrônico, Mensalidade alta",23,Month-to-month,Fiber optic,90.0,2024.1,Electronic check,Yes,Male,1,Yes,No
699,8160-HOWOX,38.7,Médio,"Contrato mensal, Cliente novo (≤12 meses), Pagamento por cheque eletrônico",7,Month-to-month,DSL,66.85,458.1,Electronic check,Yes,Female,0,No,No
700,2960-NKRSO,38.7,Médio,"Contrato mensal, Internet fibra óptica, Pagamento por cheque eletrônico, Mensalidade alta",24,Month-to-month,Fiber optic,85.95,2107.15,Electronic check,Yes,Male,0,No,No
701,2811-POVEX,38.7,Médio,"Contrato mensal, Internet fibra óptica, Mensalidade alta",23,Month-to-month,Fiber optic,88.45,2130.55,Bank transfer (automatic),Yes,Female,1,Yes,Yes
702,6692-YQHXC,38.7,Médio,"Contrato mensal, Internet fibra óptica",16,Month-to-month,Fiber optic,69.95,1205.5,Credit card (automatic),Yes,Male,0,No,No
703,7901-HXJVA,38.6,Médio,"Contrato mensal, Internet fibra óptica, Pagamento por cheque eletrônico, Mensalidade alta",14,Month-to-month,Fiber optic,76.45,1117.55,Electronic check,No,Male,0,No,No
704,8660-BUETV,38.6,Médio,"Contrato mensal, Cliente novo (≤12 meses)",3,Month-to-month,DSL,44.75,148.05,Mailed check,No,Female,0,No,No
705,7982-VCELR,38.5,Médio,"Contrato mensal, Internet fibra óptica, Mensalidade alta",36,Month-to-month,Fiber optic,94.8,3565.65,Credit card (automatic),Yes,Female,0,No,No
706,2792-LSHWX,38.4,Médio,"Contrato mensal, Cliente novo (≤12 meses), Internet fibra óptica, Mensalidade alta",1,Month-to-month,Fiber optic,83.4,83.4,Mailed check,Yes,Female,0,No,No
707,1452-KIOVK,38.4,Médio,"Contrato mensal, Internet fibra óptica, Mensalidade alta",22,Month-to-month,Fiber optic,89.1,1949.4,Credit card (automatic),Yes,Male,0,No,Yes
708,6741-EGCBI,38.3,Médio,"Contrato mensal, Internet fibra óptica, Mensalidade alta",30,Month-to-month,Fiber optic,90.5,2595.85,Credit card (automatic),Yes,Male,1,No,No
709,2674-MLXMN,38.3,Médio,"Contrato mensal, Internet fibra óptica, Mensalidade alta",71,Month-to-month,Fiber optic,99.65,6951.15,Credit card (automatic),Yes,Female,1,No,No
710,6847-KJLTS,38.3,Médio,"Contrato mensal, Internet fibra óptica, Mensalidade alta",58,Month-to-month,Fiber optic,100.4,5749.8,Bank transfer (automatic),Yes,Female,1,Yes,No
711,6481-ESCNL,38.2,Médio,"Contrato mensal, Internet fibra óptica, Mensalidade alta",29,Month-to-month,Fiber optic,100.55,2878.75,Bank transfer (automatic),No,Female,0,No,No
712,7878-JGDKK,38.2,Médio,"Contrato mensal, Cliente novo (≤12 meses)",4,Month-to-month,DSL,44.55,220.75,Mailed check,No,Male,0,No,No
713,1320-REHCS,38.2,Médio,"Contrato mensal, Internet fibra óptica, Pagamento por cheque eletrônico, Mensalidade alta",52,Month-to-month,Fiber optic,110.75,5832.0,Electronic check,Yes,Male,1,No,No
714,1785-BPHTP,38.1,Médio,"Contrato mensal, Internet fibra óptica, Pagamento por cheque eletrônico, Mensalidade alta",28,Month-to-month,Fiber optic,85.45,2289.9,Electronic check,No,Male,0,Yes,Yes
715,3737-XBQDD,38.1,Médio,"Contrato mensal, Internet fibra óptica, Mensalidade alta",24,Month-to-month,Fiber optic,84.85,2048.8,Bank transfer (automatic),Yes,Male,0,No,No
716,2043-WVTQJ,38.1,Médio,"Contrato mensal, Cliente novo (≤12 meses)",1,Month-to-month,DSL,55.7,55.7,Mailed check,No,Male,0,Yes,No
717,5141-ZUVBH,38.1,Médio,"Contrato mensal, Cliente novo (≤12 meses), Internet fibra óptica, Mensalidade alta",9,Month-to-month,Fiber optic,93.0,870.25,Bank transfer (automatic),No,Female,0,No,Yes
718,4724-WXVWF,38.0,Médio,"Contrato mensal, Internet fibra óptica, Pagamento por cheque eletrônico, Mensalidade alta",48,Month-to-month,Fiber optic,95.4,4445.3,Electronic check,Yes,Male,0,No,No
719,7298-IZWLY,38.0,Médio,"Contrato mensal, Cliente novo (≤12 meses)",1,Month-to-month,No,19.4,19.4,Mailed check,Yes,Female,0,No,No
720,2916-BQZLN,38.0,Médio,"Contrato mensal, Internet fibra óptica, Pagamento por cheque eletrônico, Mensalidade alta",19,Month-to-month,Fiber optic,84.75,1651.95,Electronic check,Yes,Male,0,No,No
721,3932-IJWDZ,38.0,Médio,"Contrato mensal, Internet fibra óptica, Mensalidade alta",45,Month-to-month,Fiber optic,103.65,4747.85,Bank transfer (automatic),Yes,Male,0,No,No
722,2040-VZIKE,38.0,Médio,"Contrato mensal, Internet fibra óptica, Mensalidade alta",49,Month-to-month,Fiber optic,100.85,4847.35,Mailed check,Yes,Female,0,Yes,No
723,8757-TFHHJ,37.9,Médio,"Contrato mensal, Cliente novo (≤12 meses)",1,Month-to-month,DSL,49.8,49.8,Credit card (automatic),Yes,Male,0,No,No
724,4947-DSMXK,37.9,Médio,"Contrato mensal, Internet fibra óptica, Mensalidade alta",34,Month-to-month,Fiber optic,97.7,3410.0,Bank transfer (automatic),Yes,Male,0,Yes,Yes
725,0129-KPTWJ,37.9,Médio,"Contrato mensal, Internet fibra óptica, Pagamento por cheque eletrônico, Mensalidade alta",72,Month-to-month,Fiber optic,94.65,6747.35,Electronic check,Yes,Male,0,Yes,No
726,6286-SUUWT,37.8,Médio,"Contrato mensal, Cliente novo (≤12 meses)",1,Month-to-month,No,19.95,19.95,Mailed check,No,Male,0,No,No
727,7048-GXDAY,37.8,Médio,"Contrato mensal, Internet fibra óptica, Pagamento por cheque eletrônico, Mensalidade alta",39,Month-to-month,Fiber optic,106.4,4040.65,Electronic check,Yes,Male,0,No,No
728,0581-MDMPW,37.7,Médio,"Contrato mensal, Internet fibra óptica, Mensalidade alta",24,Month-to-month,Fiber optic,88.95,2072.75,Credit card (automatic),Yes,Female,0,No,No
729,4948-WBBKL,37.6,Médio,"Contrato mensal, Internet fibra óptica, Mensalidade alta",36,Month-to-month,Fiber optic,74.9,2659.45,Bank transfer (automatic),Yes,Female,1,No,No
730,8450-UYIBU,37.6,Médio,"Contrato mensal, Pagamento por cheque eletrônico",35,Month-to-month,DSL,39.85,1434.6,Electronic check,Yes,Female,1,No,No
731,2675-OTVVJ,37.6,Médio,"Contrato mensal, Internet fibra óptica, Pagamento por cheque eletrônico, Mensalidade alta",31,Month-to-month,Fiber optic,89.45,2807.65,Electronic check,No,Male,1,Yes,No
732,0064-YIJGF,37.6,Médio,"Contrato mensal, Internet fibra óptica, Mensalidade alta",27,Month-to-month,Fiber optic,75.75,1929.0,Bank transfer (automatic),Yes,Male,0,Yes,Yes
733,3055-OYMSE,37.5,Médio,"Contrato mensal, Internet fibra óptica, Mensalidade alta",53,Month-to-month,Fiber optic,73.8,4003.85,Credit card (automatic),Yes,Female,1,No,No
734,2378-HTWFW,37.5,Médio,"Contrato mensal, Internet fibra óptica, Mensalidade alta",35,Month-to-month,Fiber optic,91.0,3180.5,Credit card (automatic),No,Male,1,No,No
735,9812-GHVRI,37.5,Médio,"Contrato mensal, Internet fibra óptica, Mensalidade alta",40,Month-to-month,Fiber optic,83.85,3532.25,Bank transfer (automatic),No,Female,0,No,No
736,6908-VVYHM,37.5,Médio,"Contrato mensal, Internet fibra óptica, Pagamento por cheque eletrônico, Mensalidade alta",65,Month-to-month,Fiber optic,90.65,5931.0,Electronic check,Yes,Male,0,Yes,No
737,2386-OWURY,37.4,Médio,"Contrato mensal, Internet fibra óptica, Pagamento por cheque eletrônico, Mensalidade alta",58,Month-to-month,Fiber optic,95.3,5817.7,Electronic check,Yes,Female,0,No,No
738,9819-FBNSV,37.4,Médio,"Contrato mensal, Internet fibra óptica, Mensalidade alta",37,Month-to-month,Fiber optic,72.25,2575.45,Bank transfer (automatic),Yes,Male,1,Yes,No
739,5302-BDJNT,37.3,Médio,"Contrato mensal, Internet fibra óptica, Pagamento por cheque eletrônico, Mensalidade alta",35,Month-to-month,Fiber optic,95.5,3418.2,Electronic check,No,Male,0,No,No
740,8725-JEDFD,37.2,Médio,"Contrato mensal, Internet fibra óptica",27,Month-to-month,Fiber optic,69.05,1793.25,Mailed check,Yes,Male,0,No,No
741,4238-JSSWH,37.2,Médio,"Contrato mensal, Internet fibra óptica, Mensalidade alta",35,Month-to-month,Fiber optic,102.05,3452.55,Bank transfer (automatic),No,Female,1,Yes,No
742,9667-TKTVZ,37.2,Médio,"Contrato mensal, Cliente novo (≤12 meses)",2,Month-to-month,DSL,54.35,117.05,Mailed check,Yes,Female,0,No,No
743,1767-TGTKO,37.1,Médio,"Contrato mensal, Cliente novo (≤12 meses), Pagamento por cheque eletrônico",8,Month-to-month,DSL,45.45,411.75,Electronic check,Yes,Female,0,Yes,Yes
744,1636-NTNCO,37.0,Médio,"Contrato mensal, Cliente novo (≤12 meses)",4,Month-to-month,DSL,50.95,207.35,Credit card (automatic),Yes,Male,1,No,No
745,2874-YXVVA,37.0,Médio,"Contrato mensal, Internet fibra óptica, Pagamento por cheque eletrônico, Mensalidade alta",34,Month-to-month,Fiber optic,105.1,3634.8,Electronic check,Yes,Female,0,No,No
746,2252-ISRNH,36.9,Médio,"Cliente novo (≤12 meses), Internet fibra óptica, Pagamento por cheque eletrônico, Mensalidade alta",9,One year,Fiber optic,90.35,767.9,Electronic check,Yes,Male,0,Yes,Yes
747,3587-PMCOY,36.9,Médio,"Cliente novo (≤12 meses), Internet fibra óptica, Pagamento por cheque eletrônico, Mensalidade alta",10,One year,Fiber optic,98.9,1064.95,Electronic check,Yes,Male,0,No,No
748,2842-BCQGE,36.8,Médio,"Contrato mensal, Internet fibra óptica, Mensalidade alta",43,Month-to-month,Fiber optic,75.35,3161.4,Credit card (automatic),Yes,Male,0,No,No
749,8149-AIQCG,36.8,Médio,"Contrato mensal, Internet fibra óptica, Mensalidade alta",39,Month-to-month,Fiber optic,73.15,2730.85,Credit card (automatic),Yes,Male,0,No,No
750,4989-LIXVT,36.8,Médio,"Contrato mensal, Internet fibra óptica, Pagamento por cheque eletrônico, Mensalidade alta",68,Month-to-month,Fiber optic,95.9,6503.2,Electronic check,Yes,Male,1,No,No
751,0829-XXPLX,36.7,Médio,"Contrato mensal, Internet fibra óptica, Mensalidade alta",20,Month-to-month,Fiber optic,89.4,1871.15,Bank transfer (automatic),Yes,Female,0,No,No
752,3761-FLYZI,36.7,Médio,"Contrato mensal, Internet fibra óptica, Mensalidade alta",65,Month-to-month,Fiber optic,108.8,7082.45,Bank transfer (automatic),Yes,Female,1,Yes,No
753,9714-EDSUC,36.7,Médio,"Contrato mensal, Cliente novo (≤12 meses), Internet fibra óptica, Mensalidade alta",4,Month-to-month,Fiber optic,94.9,360.55,Mailed check,Yes,Male,0,No,No
754,1728-CXQBE,36.6,Médio,"Contrato mensal, Internet fibra óptica, Pagamento por cheque eletrônico, Mensalidade alta",64,Month-to-month,Fiber optic,94.25,6081.4,Electronic check,Yes,Male,1,Yes,No
755,2347-WKKAE,36.6,Médio,"Contrato mensal, Internet fibra óptica, Pagamento por cheque eletrônico, Mensalidade alta",42,Month-to-month,Fiber optic,94.4,4014.6,Electronic check,Yes,Male,0,Yes,No
756,2739-CACDQ,36.6,Médio,"Contrato mensal, Internet fibra óptica, Mensalidade alta",17,Month-to-month,Fiber optic,82.65,1470.05,Credit card (automatic),Yes,Female,1,No,No
757,3446-QDSZF,36.6,Médio,"Contrato mensal, Cliente novo (≤12 meses)",4,Month-to-month,DSL,55.5,227.35,Credit card (automatic),No,Female,0,No,No
758,9904-EHEVJ,36.6,Médio,"Contrato mensal, Internet fibra óptica, Mensalidade alta",32,Month-to-month,Fiber optic,91.35,2896.55,Mailed check,Yes,Female,1,Yes,Yes
759,0817-HSUSE,36.5,Médio,"Contrato mensal, Cliente novo (≤12 meses), Pagamento por cheque eletrônico, Mensalidade alta",1,Month-to-month,DSL,75.5,75.5,Electronic check,Yes,Male,0,No,No
760,0641-EVBOJ,36.5,Médio,"Contrato mensal, Cliente novo (≤12 meses), Internet fibra óptica, Mensalidade alta",3,Month-to-month,Fiber optic,82.3,214.4,Mailed check,Yes,Male,0,No,No
761,8563-OYMQY,36.5,Médio,"Contrato mensal, Internet fibra óptica, Mensalidade alta",17,Month-to-month,Fiber optic,90.95,1612.2,Credit card (automatic),Yes,Male,0,No,No
762,8782-LKFPK,36.5,Médio,"Contrato mensal, Internet fibra óptica, Mensalidade alta",44,Month-to-month,Fiber optic,90.4,4063.0,Mailed check,Yes,Male,0,No,No
763,3466-RITXD,36.5,Médio,"Contrato mensal, Internet fibra óptica, Mensalidade alta",26,Month-to-month,Fiber optic,92.4,2349.8,Credit card (automatic),Yes,Male,0,No,No
764,9003-CPATH,36.4,Médio,"Contrato mensal, Internet fibra óptica, Pagamento por cheque eletrônico, Mensalidade alta",42,Month-to-month,Fiber optic,79.9,3313.4,Electronic check,No,Male,0,No,No
765,5816-QVHRX,36.4,Médio,"Contrato mensal, Internet fibra óptica, Mensalidade alta",37,Month-to-month,Fiber optic,100.3,3541.4,Credit card (automatic),No,Female,0,No,No
766,6180-YBIQI,36.4,Médio,"Contrato mensal, Cliente novo (≤12 meses)",5,Month-to-month,DSL,24.3,100.2,Mailed check,No,Male,0,No,No
767,5018-GWURO,36.4,Médio,"Contrato mensal, Internet fibra óptica, Mensalidade alta",56,Month-to-month,Fiber optic,85.6,4902.8,Bank transfer (automatic),Yes,Female,0,Yes,No
768,1346-UFHAX,36.4,Médio,"Contrato mensal, Internet fibra óptica, Mensalidade alta",13,Month-to-month,Fiber optic,80.0,1029.35,Credit card (automatic),Yes,Female,0,No,No
769,4220-TINQT,36.3,Médio,"Contrato mensal, Internet fibra óptica, Pagamento por cheque eletrônico, Mensalidade alta",61,Month-to-month,Fiber optic,106.35,6751.35,Electronic check,Yes,Female,0,Yes,No
770,2480-JZOSN,36.3,Médio,"Contrato mensal, Cliente novo (≤12 meses)",1,Month-to-month,No,20.65,20.65,Mailed check,Yes,Female,0,Yes,No
771,3030-ZKIWL,36.3,Médio,"Contrato mensal, Cliente novo (≤12 meses)",1,Month-to-month,No,20.05,20.05,Mailed check,No,Male,0,No,No
772,7096-UCLNH,36.3,Médio,"Contrato mensal, Cliente novo (≤12 meses)",1,Month-to-month,No,20.05,20.05,Mailed check,No,Male,0,No,No
773,8749-CLJXC,36.3,Médio,"Contrato mensal, Cliente novo (≤12 meses)",1,Month-to-month,No,20.05,20.05,Mailed check,No,Male,0,No,No
774,0311-QYWSS,36.3,Médio,"Contrato mensal, Cliente novo (≤12 meses), Pagamento por cheque eletrônico",6,Month-to-month,DSL,49.45,314.6,Electronic check,Yes,Female,0,No,No
775,3771-PZOBW,36.3,Médio,"Contrato mensal, Internet fibra óptica, Mensalidade alta",20,Month-to-month,Fiber optic,90.7,1781.35,Credit card (automatic),Yes,Male,0,No,No
776,5609-IMCGG,36.2,Médio,"Contrato mensal, Internet fibra óptica, Mensalidade alta",15,Month-to-month,Fiber optic,84.35,1302.65,Credit card (automatic),Yes,Female,0,No,No
777,2041-JIJCI,36.1,Médio,"Contrato mensal, Cliente novo (≤12 meses), Pagamento por cheque eletrônico",5,Month-to-month,DSL,64.0,370.25,Electronic check,Yes,Female,0,No,No
778,9971-ZWPBF,36.1,Médio,"Contrato mensal, Internet fibra óptica, Pagamento por cheque eletrônico, Mensalidade alta",34,Month-to-month,Fiber optic,108.9,3625.2,Electronic check,Yes,Male,1,Yes,Yes
779,3055-MJDSB,36.1,Médio,"Contrato mensal, Cliente novo (≤12 meses)",9,Month-to-month,DSL,24.6,190.1,Mailed check,Yes,Male,0,No,No
780,8974-OVACP,36.1,Médio,"Contrato mensal, Cliente novo (≤12 meses)",1,Month-to-month,No,20.15,20.15,Mailed check,No,Female,0,No,No
781,7698-YFGEZ,36.1,Médio,"Contrato mensal, Cliente novo (≤12 meses)",1,Month-to-month,No,20.0,20.0,Mailed check,No,Male,0,No,No
782,2770-NSVDG,36.0,Médio,"Contrato mensal, Pagamento por cheque eletrônico",24,Month-to-month,DSL,29.1,688.0,Electronic check,No,Male,0,Yes,No
783,3069-SSVSN,36.0,Médio,Cliente novo (≤12 meses),1,One year,DSL,25.85,25.85,Mailed check,No,Female,0,No,No
784,1685-BQULA,36.0,Médio,"Contrato mensal, Internet fibra óptica, Mensalidade alta",40,Month-to-month,Fiber optic,93.4,3756.4,Bank transfer (automatic),Yes,Female,0,No,No
785,5404-GGUKR,36.0,Médio,"Contrato mensal, Cliente novo (≤12 meses), Pagamento por cheque eletrônico",5,Month-to-month,DSL,51.35,262.3,Electronic check,Yes,Male,0,No,No
786,5712-AHQNN,35.9,Médio,"Contrato mensal, Internet fibra óptica, Pagamento por cheque eletrônico, Mensalidade alta",43,Month-to-month,Fiber optic,91.65,3954.1,Electronic check,Yes,Female,0,No,No
787,2921-XWDJH,35.8,Médio,"Contrato mensal, Internet fibra óptica, Pagamento por cheque eletrônico, Mensalidade alta",38,Month-to-month,Fiber optic,83.45,3147.15,Electronic check,Yes,Female,1,Yes,No
788,5697-GOMBF,35.8,Médio,"Contrato mensal, Pagamento por cheque eletrônico",28,Month-to-month,DSL,35.9,973.65,Electronic check,Yes,Female,1,Yes,Yes
789,5016-IBERQ,35.8,Médio,"Contrato mensal, Internet fibra óptica, Pagamento por cheque eletrônico, Mensalidade alta",23,Month-to-month,Fiber optic,84.25,1968.1,Electronic check,No,Male,0,Yes,No
790,4291-HPAXL,35.8,Médio,"Contrato mensal, Cliente novo (≤12 meses)",1,Month-to-month,No,19.85,19.85,Mailed check,No,Male,0,No,Yes
791,6704-UTUKK,35.8,Médio,"Contrato mensal, Pagamento por cheque eletrônico",29,Month-to-month,DSL,45.9,1332.4,Electronic check,Yes,Male,0,Yes,No
792,6654-QGBZZ,35.8,Médio,"Contrato mensal, Cliente novo (≤12 meses)",1,Month-to-month,No,19.9,19.9,Mailed check,No,Female,0,No,No
793,7878-RTCZG,35.8,Médio,"Contrato mensal, Cliente novo (≤12 meses)",1,Month-to-month,No,19.9,19.9,Mailed check,No,Female,0,No,No
794,7129-ACFOG,35.7,Médio,"Contrato mensal, Cliente novo (≤12 meses), Pagamento por cheque eletrônico",5,Month-to-month,DSL,53.8,283.95,Electronic check,Yes,Female,0,No,No
795,0118-JPNOY,35.7,Médio,"Contrato mensal, Internet fibra óptica, Mensalidade alta",26,Month-to-month,Fiber optic,85.8,2193.65,Credit card (automatic),Yes,Female,1,No,No
796,1996-DBMUS,35.6,Médio,"Contrato mensal, Internet fibra óptica, Mensalidade alta",48,Month-to-month,Fiber optic,70.65,3545.05,Bank transfer (automatic),Yes,Female,1,Yes,No
797,8123-QBNAZ,35.5,Médio,"Contrato mensal, Internet fibra óptica, Mensalidade alta",36,Month-to-month,Fiber optic,104.5,3684.95,Credit card (automatic),Yes,Female,0,Yes,Yes
798,4716-HHKQH,35.5,Médio,"Contrato mensal, Internet fibra óptica, Pagamento por cheque eletrônico, Mensalidade alta",20,Month-to-month,Fiber optic,107.05,2172.05,Electronic check,No,Male,1,Yes,No
799,7346-MEDWM,35.4,Médio,"Contrato mensal, Internet fibra óptica, Pagamento por cheque eletrônico, Mensalidade alta",59,Month-to-month,Fiber optic,83.25,4949.1,Electronic check,Yes,Female,0,No,No
800,6351-SCJKT,35.4,Médio,"Contrato mensal, Cliente novo (≤12 meses)",3,Month-to-month,DSL,41.35,107.25,Mailed check,No,Male,0,No,No
801,8631-WUXGY,35.4,Médio,"Contrato mensal, Internet fibra óptica, Pagamento por cheque eletrônico, Mensalidade alta",46,Month-to-month,Fiber optic,99.8,4391.25,Electronic check,Yes,Female,0,No,Yes
802,4137-BTIKL,35.3,Médio,"Contrato mensal, Cliente novo (≤12 meses), Internet fibra óptica, Mensalidade alta",2,Month-to-month,Fiber optic,90.75,174.75,Mailed check,No,Male,0,No,No
803,7410-OIEDU,35.3,Médio,"Contrato mensal, Cliente novo (≤12 meses), Internet fibra óptica, Mensalidade alta",10,Month-to-month,Fiber optic,79.85,887.35,Mailed check,Yes,Male,0,No,No
804,6380-ARCEH,35.3,Médio,"Contrato mensal, Cliente novo (≤12 meses)",1,Month-to-month,No,20.2,20.2,Mailed check,No,Male,0,No,No
805,8048-DSDFQ,35.3,Médio,"Contrato mensal, Cliente novo (≤12 meses)",1,Month-to-month,No,20.2,20.2,Mailed check,No,Male,0,No,No
806,3247-MHJKM,35.3,Médio,"Contrato mensal, Cliente novo (≤12 meses)",1,Month-to-month,No,20.2,20.2,Mailed check,No,Male,0,No,No
807,6710-HSJRD,35.3,Médio,"Contrato mensal, Internet fibra óptica, Pagamento por cheque eletrônico, Mensalidade alta",61,Month-to-month,Fiber optic,114.1,7132.15,Electronic check,Yes,Male,0,Yes,No
808,9626-VFRGG,35.3,Médio,"Contrato mensal, Internet fibra óptica, Mensalidade alta",41,Month-to-month,Fiber optic,88.5,3645.05,Bank transfer (automatic),Yes,Female,0,No,Yes
809,3785-NRHYR,35.3,Médio,"Contrato mensal, Cliente novo (≤12 meses)",1,Month-to-month,No,19.65,19.65,Mailed check,No,Male,0,No,No
810,3679-XASPY,35.2,Médio,"Contrato mensal, Cliente novo (≤12 meses), Pagamento por cheque eletrônico",1,Month-to-month,No,19.45,19.45,Electronic check,No,Female,0,Yes,Yes
811,5201-USSQZ,35.1,Médio,"Contrato mensal, Internet fibra óptica, Mensalidade alta",26,Month-to-month,Fiber optic,85.9,2196.45,Credit card (automatic),No,Female,0,Yes,No
812,2911-WDXMV,35.1,Médio,"Contrato mensal, Internet fibra óptica, Mensalidade alta",18,Month-to-month,Fiber optic,80.55,1406.65,Credit card (automatic),Yes,Male,0,No,Yes
813,7794-JASDG,35.1,Médio,"Contrato mensal, Cliente novo (≤12 meses)",1,Month-to-month,DSL,50.75,50.75,Mailed check,Yes,Male,0,No,No
814,6888-SBYAI,35.1,Médio,"Contrato mensal, Cliente novo (≤12 meses)",1,Month-to-month,DSL,50.7,50.7,Mailed check,Yes,Male,0,No,No
815,2974-GGUXS,35.1,Médio,"Contrato mensal, Internet fibra óptica, Mensalidade alta",36,Month-to-month,Fiber optic,91.95,3301.05,Credit card (automatic),Yes,Female,1,Yes,No
816,6168-YBYNP,35.0,Médio,"Contrato mensal, Internet fibra óptica, Pagamento por cheque eletrônico, Mensalidade alta",59,Month-to-month,Fiber optic,111.35,6519.75,Electronic check,Yes,Male,0,No,No
817,6233-HXJMX,35.0,Médio,"Contrato mensal, Internet fibra óptica, Mensalidade alta",45,Month-to-month,Fiber optic,89.3,4192.15,Credit card (automatic),Yes,Female,0,No,No
818,2495-KZNFB,35.0,Médio,"Contrato mensal, Internet fibra óptica, Pagamento por cheque eletrônico, Mensalidade alta",33,Month-to-month,Fiber optic,90.65,2989.6,Electronic check,Yes,Female,0,No,No
819,2273-QCKXA,35.0,Médio,"Contrato mensal, Cliente novo (≤12 meses)",1,Month-to-month,DSL,49.05,49.05,Mailed check,No,Male,0,No,No
820,1919-RTPQD,35.0,Médio,"Contrato mensal, Cliente novo (≤12 meses), Pagamento por cheque eletrônico",7,Month-to-month,DSL,44.75,333.65,Electronic check,No,Male,0,Yes,Yes
821,5948-UJZLF,35.0,Médio,"Contrato mensal, Cliente novo (≤12 meses)",2,Month-to-month,DSL,49.25,97.0,Mailed check,No,Male,0,No,No
822,4360-QRAVE,35.0,Médio,"Contrato mensal, Pagamento por cheque eletrônico",37,Month-to-month,DSL,36.65,1315.0,Electronic check,No,Male,1,No,No
823,1472-TNCWL,35.0,Médio,"Contrato mensal, Internet fibra óptica, Pagamento por cheque eletrônico, Mensalidade alta",36,Month-to-month,Fiber optic,94.7,3512.5,Electronic check,Yes,Male,0,No,Yes
824,5780-INQIK,35.0,Médio,"Contrato mensal, Cliente novo (≤12 meses), Pagamento por cheque eletrônico",8,Month-to-month,DSL,49.4,408.25,Electronic check,No,Female,0,No,No
825,3956-CJUST,35.0,Médio,"Contrato mensal, Internet fibra óptica, Mensalidade alta",23,Month-to-month,Fiber optic,75.4,1643.55,Bank transfer (automatic),Yes,Female,1,No,No
826,5934-TSSAU,34.9,Médio,"Contrato mensal, Internet fibra óptica, Mensalidade alta",23,Month-to-month,Fiber optic,75.3,1702.9,Credit card (automatic),Yes,Female,0,Yes,Yes
827,6416-YJTTB,34.9,Médio,"Contrato mensal, Cliente novo (≤12 meses), Internet fibra óptica, Mensalidade alta",11,Month-to-month,Fiber optic,79.5,795.65,Bank transfer (automatic),Yes,Male,0,No,No
828,3174-RKMOW,34.8,Médio,"Contrato mensal, Internet fibra óptica, Pagamento por cheque eletrônico, Mensalidade alta",35,Month-to-month,Fiber optic,109.95,3782.4,Electronic check,Yes,Male,0,Yes,Yes
829,3452-SRFEG,34.8,Médio,"Contrato mensal, Internet fibra óptica, Mensalidade alta",49,Month-to-month,Fiber optic,74.6,3720.35,Bank transfer (automatic),Yes,Male,0,No,No
830,9522-BNTHX,34.8,Médio,"Contrato mensal, Pagamento por cheque eletrônico",34,Month-to-month,DSL,56.25,1765.95,Electronic check,Yes,Female,1,No,No
831,9921-QFQUL,34.8,Médio,"Contrato mensal, Internet fibra óptica, Mensalidade alta",23,Month-to-month,Fiber optic,90.15,2044.95,Mailed check,No,Female,0,Yes,No
832,0277-BKSQP,34.8,Médio,"Contrato mensal, Cliente novo (≤12 meses), Pagamento por cheque eletrônico",8,Month-to-month,DSL,54.4,475.1,Electronic check,Yes,Male,0,Yes,Yes
833,8313-KTIHG,34.7,Médio,"Contrato mensal, Cliente novo (≤12 meses), Pagamento por cheque eletrônico",4,Month-to-month,DSL,61.3,249.4,Electronic check,Yes,Male,0,No,No
834,2203-GHNWN,34.6,Médio,"Contrato mensal, Internet fibra óptica, Mensalidade alta",24,Month-to-month,Fiber optic,79.65,1928.7,Mailed check,Yes,Female,0,Yes,No
835,0585-EGDDA,34.6,Médio,"Contrato mensal, Internet fibra óptica, Pagamento por cheque eletrônico, Mensalidade alta",40,Month-to-month,Fiber optic,80.0,3168.75,Electronic check,Yes,Male,0,Yes,No
836,9793-WECQC,34.6,Médio,"Contrato mensal, Internet fibra óptica, Mensalidade alta",23,Month-to-month,Fiber optic,95.3,2192.9,Mailed check,No,Male,0,No,No
837,5973-EJGDP,34.6,Médio,"Contrato mensal, Internet fibra óptica, Pagamento por cheque eletrônico, Mensalidade alta",51,Month-to-month,Fiber optic,87.35,4473.0,Electronic check,Yes,Male,0,No,No
838,0365-GXEZS,34.5,Médio,"Contrato mensal, Internet fibra óptica, Pagamento por cheque eletrônico, Mensalidade alta",18,Month-to-month,Fiber optic,78.2,1468.75,Electronic check,No,Male,0,Yes,No
839,2139-FQHLM,34.5,Médio,"Contrato mensal, Internet fibra óptica, Mensalidade alta",19,Month-to-month,Fiber optic,89.95,1682.4,Mailed check,No,Male,0,No,No
840,1391-UBDAR,34.5,Médio,"Contrato mensal, Cliente novo (≤12 meses), Internet fibra óptica, Pagamento por cheque eletrônico, Mensalidade alta",11,Month-to-month,Fiber optic,72.9,818.45,Electronic check,No,Male,0,No,No
841,2607-FBDFF,34.5,Médio,"Contrato mensal, Cliente novo (≤12 meses)",1,Month-to-month,DSL,49.0,49.0,Credit card (automatic),No,Male,0,No,No
842,6243-OZGFH,34.4,Médio,"Contrato mensal, Pagamento por cheque eletrônico",23,Month-to-month,DSL,44.95,996.85,Electronic check,Yes,Female,0,No,No
843,2070-XYMFH,34.4,Médio,"Contrato mensal, Internet fibra óptica, Mensalidade alta",23,Month-to-month,Fiber optic,79.35,1835.3,Mailed check,Yes,Female,1,No,No
844,0013-MHZWF,34.4,Médio,"Contrato mensal, Cliente novo (≤12 meses)",9,Month-to-month,DSL,69.4,571.45,Credit card (automatic),Yes,Female,0,No,Yes
845,1025-FALIX,34.4,Médio,"Contrato mensal, Internet fibra óptica",26,Month-to-month,Fiber optic,69.05,1815.65,Credit card (automatic),Yes,Female,0,No,No
846,5977-CKHON,34.4,Médio,"Contrato mensal, Internet fibra óptica, Mensalidade alta",43,Month-to-month,Fiber optic,92.55,4039.0,Bank transfer (automatic),Yes,Female,0,Yes,Yes
847,5312-UXESG,34.3,Médio,"Contrato mensal, Internet fibra óptica, Mensalidade alta",41,Month-to-month,Fiber optic,98.05,3990.6,Bank transfer (automatic),No,Female,0,No,No
848,5392-AKEMH,34.2,Médio,"Contrato mensal, Cliente novo (≤12 meses), Pagamento por cheque eletrônico",12,Month-to-month,DSL,45.05,523.1,Electronic check,Yes,Female,0,No,No
849,6988-CJEYV,34.2,Médio,"Contrato mensal, Internet fibra óptica, Pagamento por cheque eletrônico, Mensalidade alta",49,Month-to-month,Fiber optic,98.7,4920.55,Electronic check,No,Male,0,No,No
850,7682-AZNDK,34.2,Médio,"Contrato mensal, Internet fibra óptica, Pagamento por cheque eletrônico, Mensalidade alta",34,Month-to-month,Fiber optic,89.85,3091.75,Electronic check,Yes,Male,0,Yes,Yes
851,3976-NLDEZ,34.1,Médio,"Contrato mensal, Cliente novo (≤12 meses)",1,Month-to-month,No,20.6,20.6,Mailed check,No,Male,0,No,No
852,9626-WEQRM,34.1,Médio,"Contrato mensal, Cliente novo (≤12 meses)",4,Month-to-month,DSL,29.15,110.05,Mailed check,Yes,Female,0,No,No
853,6135-OZQVA,34.1,Médio,"Contrato mensal, Cliente novo (≤12 meses), Pagamento por cheque eletrônico",7,Month-to-month,DSL,53.65,404.35,Electronic check,Yes,Female,0,No,No
854,8262-COGGB,34.0,Médio,"Contrato mensal, Cliente novo (≤12 meses)",1,Month-to-month,No,20.45,20.45,Mailed check,Yes,Male,0,No,No
855,5996-DAOQL,34.0,Médio,"Contrato mensal, Cliente novo (≤12 meses)",1,Month-to-month,No,20.45,20.45,Mailed check,Yes,Male,0,No,No
856,6844-DZKRF,34.0,Médio,"Contrato mensal, Cliente novo (≤12 meses)",2,Month-to-month,DSL,50.2,109.25,Credit card (automatic),Yes,Male,0,No,No
857,9732-EQMWY,34.0,Médio,"Contrato mensal, Internet fibra óptica, Pagamento por cheque eletrônico, Mensalidade alta",49,Month-to-month,Fiber optic,99.4,5025.0,Electronic check,No,Female,0,Yes,No
858,6259-WJQLC,34.0,Médio,"Contrato mensal, Internet fibra óptica, Mensalidade alta",32,Month-to-month,Fiber optic,81.1,2619.25,Credit card (automatic),Yes,Male,1,No,No
859,0089-IIQKO,34.0,Médio,"Contrato mensal, Internet fibra óptica, Mensalidade alta",39,Month-to-month,Fiber optic,99.95,3767.4,Credit card (automatic),Yes,Female,0,Yes,Yes
860,7055-HNEOJ,33.9,Médio,"Contrato mensal, Cliente novo (≤12 meses)",3,Month-to-month,DSL,55.8,154.55,Mailed check,Yes,Male,0,Yes,No
861,4329-YPDDQ,33.9,Médio,"Contrato mensal, Internet fibra óptica, Mensalidade alta",20,Month-to-month,Fiber optic,108.2,2203.7,Bank transfer (automatic),Yes,Male,0,No,No
862,9644-UMGQA,33.9,Médio,"Contrato mensal, Cliente novo (≤12 meses), Pagamento por cheque eletrônico",6,Month-to-month,DSL,49.15,295.65,Electronic check,Yes,Male,0,Yes,Yes
863,5575-TPIZQ,33.9,Médio,"Contrato mensal, Internet fibra óptica, Mensalidade alta",46,Month-to-month,Fiber optic,89.15,4245.55,Credit card (automatic),Yes,Male,0,No,No
864,6078-VESFR,33.9,Médio,"Contrato mensal, Internet fibra óptica, Mensalidade alta",13,Month-to-month,Fiber optic,70.45,849.1,Bank transfer (automatic),No,Male,1,Yes,No
865,2359-KLTEK,33.9,Médio,"Contrato mensal, Internet fibra óptica, Mensalidade alta",41,Month-to-month,Fiber optic,94.9,3848.0,Bank transfer (automatic),Yes,Female,0,Yes,Yes
866,7126-RBHSD,33.9,Médio,"Contrato mensal, Internet fibra óptica, Pagamento por cheque eletrônico, Mensalidade alta",17,Month-to-month,Fiber optic,78.9,1348.95,Electronic check,No,Female,0,Yes,No
867,8329-GWVPJ,33.9,Médio,"Contrato mensal, Internet fibra óptica",50,Month-to-month,Fiber optic,69.75,3557.7,Bank transfer (automatic),Yes,Female,0,Yes,Yes
868,4526-ZJJTM,33.8,Médio,"Contrato mensal, Internet fibra óptica, Mensalidade alta",25,Month-to-month,Fiber optic,88.4,2191.15,Bank transfer (automatic),No,Female,1,Yes,No
869,8805-JNRAZ,33.8,Médio,"Contrato mensal, Cliente novo (≤12 meses)",2,Month-to-month,DSL,49.2,103.7,Mailed check,No,Female,0,No,No
870,3234-VKACU,33.8,Médio,"Contrato mensal, Cliente novo (≤12 meses), Pagamento por cheque eletrônico, Mensalidade alta",2,Month-to-month,DSL,70.3,132.4,Electronic check,No,Male,0,No,No
871,1818-ESQMW,33.8,Médio,"Contrato mensal, Internet fibra óptica, Pagamento por cheque eletrônico, Mensalidade alta",27,Month-to-month,Fiber optic,89.2,2383.6,Electronic check,Yes,Female,0,No,No
872,7601-WFVZV,33.8,Médio,"Contrato mensal, Cliente novo (≤12 meses)",1,Month-to-month,No,19.55,19.55,Mailed check,No,Male,0,No,No
873,3930-ZGWVE,33.7,Médio,"Contrato mensal, Cliente novo (≤12 meses)",1,Month-to-month,No,19.75,19.75,Mailed check,No,Male,0,No,No
874,8468-EHYJA,33.7,Médio,"Contrato mensal, Internet fibra óptica, Pagamento por cheque eletrônico, Mensalidade alta",57,Month-to-month,Fiber optic,99.65,5497.05,Electronic check,Yes,Female,0,Yes,No
875,7389-KBFIT,33.6,Médio,"Contrato mensal, Cliente novo (≤12 meses)",2,Month-to-month,DSL,30.25,63.75,Mailed check,Yes,Female,0,Yes,Yes
876,6656-JWRQX,33.6,Médio,"Contrato mensal, Cliente novo (≤12 meses)",1,Month-to-month,DSL,30.55,30.55,Mailed check,No,Female,0,No,No
877,1135-LMECX,33.6,Médio,"Contrato mensal, Cliente novo (≤12 meses)",1,Month-to-month,No,19.85,19.85,Mailed check,No,Female,0,No,No
878,6693-FRIRW,33.5,Médio,"Contrato mensal, Internet fibra óptica, Mensalidade alta",18,Month-to-month,Fiber optic,101.3,1794.65,Credit card (automatic),No,Male,0,No,No
879,9767-FFLEM,33.5,Médio,"Contrato mensal, Internet fibra óptica",38,Month-to-month,Fiber optic,69.5,2625.25,Credit card (automatic),Yes,Male,0,No,No
880,0623-GDISB,33.5,Médio,"Contrato mensal, Cliente novo (≤12 meses)",1,Month-to-month,DSL,48.45,48.45,Bank transfer (automatic),Yes,Female,0,No,No
881,9168-INPSZ,33.5,Médio,"Contrato mensal, Internet fibra óptica, Pagamento por cheque eletrônico, Mensalidade alta",44,Month-to-month,Fiber optic,104.15,4495.65,Electronic check,No,Female,1,Yes,No
882,7850-VWJUU,33.5,Médio,"Contrato mensal, Internet fibra óptica, Mensalidade alta",23,Month-to-month,Fiber optic,75.0,1778.5,Bank transfer (automatic),Yes,Female,0,No,No
883,6729-GDNGC,33.5,Médio,"Contrato mensal, Internet fibra óptica, Mensalidade alta",20,Month-to-month,Fiber optic,80.7,1614.2,Bank transfer (automatic),No,Female,1,No,No
884,8800-ZKRFW,33.4,Médio,"Contrato mensal, Internet fibra óptica, Pagamento por cheque eletrônico, Mensalidade alta",30,Month-to-month,Fiber optic,107.5,3242.5,Electronic check,Yes,Female,0,Yes,Yes
885,6968-GMKPR,33.4,Médio,"Contrato mensal, Internet fibra óptica, Pagamento por cheque eletrônico, Mensalidade alta",55,Month-to-month,Fiber optic,81.55,4509.5,Electronic check,Yes,Female,0,No,No
886,9822-WMWVG,33.3,Médio,"Contrato mensal, Internet fibra óptica, Pagamento por cheque eletrônico, Mensalidade alta",41,Month-to-month,Fiber optic,106.5,4282.4,Electronic check,Yes,Female,0,No,No
887,2049-BAFNW,33.2,Médio,"Contrato mensal, Cliente novo (≤12 meses)",1,Month-to-month,DSL,35.9,35.9,Mailed check,No,Female,0,No,No
888,1423-BMPBQ,33.2,Médio,"Contrato mensal, Cliente novo (≤12 meses)",1,Month-to-month,No,19.0,19.0,Mailed check,Yes,Female,0,Yes,Yes
889,1307-TVUFB,33.2,Médio,"Contrato mensal, Internet fibra óptica, Mensalidade alta",42,Month-to-month,Fiber optic,79.35,3344.1,Bank transfer (automatic),Yes,Male,1,No,No
890,3589-PPVKW,33.2,Médio,"Contrato mensal, Cliente novo (≤12 meses)",9,Month-to-month,DSL,44.4,348.15,Mailed check,Yes,Male,0,No,No
891,6464-KEXXH,33.1,Médio,"Contrato mensal, Cliente novo (≤12 meses)",8,Month-to-month,DSL,25.25,186.3,Credit card (automatic),Yes,Male,0,No,No
892,0428-IKYCP,33.1,Médio,"Contrato mensal, Internet fibra óptica, Mensalidade alta",22,Month-to-month,Fiber optic,87.0,1850.65,Bank transfer (automatic),Yes,Male,0,Yes,No
893,2373-NTKOD,33.1,Médio,"Contrato mensal, Cliente novo (≤12 meses), Pagamento por cheque eletrônico",8,Month-to-month,DSL,66.25,546.45,Electronic check,Yes,Male,0,No,No
894,0927-CNGRH,33.0,Médio,"Contrato mensal, Cliente novo (≤12 meses)",1,Month-to-month,No,19.55,19.55,Mailed check,No,Male,0,No,Yes
895,9699-UBQFS,33.0,Médio,"Contrato mensal, Internet fibra óptica, Pagamento por cheque eletrônico, Mensalidade alta",43,Month-to-month,Fiber optic,94.5,4156.8,Electronic check,Yes,Female,1,Yes,No
896,8242-JSVBO,33.0,Médio,"Contrato mensal, Cliente novo (≤12 meses)",7,Month-to-month,DSL,44.65,322.5,Bank transfer (automatic),Yes,Male,0,No,No
897,5076-YVXCM,32.9,Médio,"Contrato mensal, Internet fibra óptica, Mensalidade alta",51,Month-to-month,Fiber optic,83.4,4149.45,Bank transfer (automatic),No,Male,0,No,No
898,3094-JOJAI,32.9,Médio,"Contrato mensal, Internet fibra óptica, Mensalidade alta",18,Month-to-month,Fiber optic,74.15,1387.0,Mailed check,No,Male,0,No,No
899,8167-GJLRN,32.9,Médio,"Contrato mensal, Cliente novo (≤12 meses), Pagamento por cheque eletrônico",3,Month-to-month,DSL,30.4,82.15,Electronic check,No,Male,0,No,No
900,9688-YGXVR,32.9,Médio,"Contrato mensal, Internet fibra óptica, Mensalidade alta",44,Month-to-month,Fiber optic,88.15,3973.2,Credit card (automatic),Yes,Female,0,No,No
901,0114-PEGZZ,32.8,Médio,"Contrato mensal, Internet fibra óptica, Pagamento por cheque eletrônico, Mensalidade alta",33,Month-to-month,Fiber optic,107.55,3645.5,Electronic check,No,Female,0,No,No
902,4619-EVPHY,32.8,Médio,"Internet fibra óptica, Mensalidade alta",20,One year,Fiber optic,91.0,1859.5,Bank transfer (automatic),Yes,Female,1,Yes,No
903,2582-FFFZR,32.8,Médio,"Contrato mensal, Pagamento por cheque eletrônico",22,Month-to-month,DSL,50.6,1073.3,Electronic check,Yes,Female,0,No,No
904,9281-OFDMF,32.8,Médio,"Contrato mensal, Internet fibra óptica, Pagamento por cheque eletrônico, Mensalidade alta",39,Month-to-month,Fiber optic,90.7,3413.25,Electronic check,No,Male,1,No,No
905,4013-GUXND,32.8,Médio,"Contrato mensal, Cliente novo (≤12 meses)",1,Month-to-month,No,20.8,20.8,Mailed check,No,Male,0,No,No
906,3192-LNKRK,32.8,Médio,"Contrato mensal, Internet fibra óptica, Mensalidade alta",34,Month-to-month,Fiber optic,84.05,2909.95,Mailed check,Yes,Male,0,Yes,Yes
907,0943-ZQPXH,32.7,Médio,"Contrato mensal, Internet fibra óptica, Mensalidade alta",44,Month-to-month,Fiber optic,92.95,4122.9,Bank transfer (automatic),Yes,Male,0,Yes,Yes
908,1173-NOEYG,32.7,Médio,"Contrato mensal, Internet fibra óptica, Mensalidade alta",27,Month-to-month,Fiber optic,90.15,2423.4,Bank transfer (automatic),No,Female,0,Yes,No
909,6075-SLNIL,32.7,Médio,"Contrato mensal, Internet fibra óptica, Mensalidade alta",38,Month-to-month,Fiber optic,95.1,3691.2,Credit card (automatic),Yes,Male,0,No,No
910,9495-SKLKD,32.6,Médio,"Contrato mensal, Internet fibra óptica, Mensalidade alta",45,Month-to-month,Fiber optic,95.95,4456.65,Bank transfer (automatic),Yes,Male,0,Yes,Yes
911,6234-PFPXL,32.6,Médio,"Contrato mensal, Internet fibra óptica, Mensalidade alta",22,Month-to-month,Fiber optic,95.9,2234.95,Credit card (automatic),No,Male,0,Yes,No
912,9374-YOLBJ,32.6,Médio,"Contrato mensal, Cliente novo (≤12 meses), Pagamento por cheque eletrônico",1,Month-to-month,No,19.25,19.25,Electronic check,No,Female,0,Yes,Yes
913,7852-LECYP,32.6,Médio,"Contrato mensal, Internet fibra óptica, Mensalidade alta",13,Month-to-month,Fiber optic,93.8,1261.0,Credit card (automatic),No,Male,1,Yes,No
914,7895-VONWT,32.6,Médio,"Contrato mensal, Pagamento por cheque eletrônico",25,Month-to-month,DSL,48.25,1293.8,Electronic check,Yes,Female,0,No,No
915,9584-EXCDZ,32.6,Médio,"Contrato mensal, Internet fibra óptica, Mensalidade alta",17,Month-to-month,Fiber optic,70.5,1165.6,Bank transfer (automatic),No,Female,0,No,No
916,5522-NYKPB,32.6,Médio,"Contrato mensal, Internet fibra óptica, Pagamento por cheque eletrônico, Mensalidade alta",25,Month-to-month,Fiber optic,85.9,2199.05,Electronic check,No,Male,0,Yes,Yes
917,9470-XCCEM,32.6,Médio,"Contrato mensal, Internet fibra óptica, Mensalidade alta",35,Month-to-month,Fiber optic,89.65,3161.6,Bank transfer (automatic),Yes,Male,0,Yes,Yes
918,7721-DVEKZ,32.6,Médio,"Contrato mensal, Cliente novo (≤12 meses)",1,Month-to-month,No,19.65,19.65,Mailed check,No,Female,0,No,No
919,0970-QXPXW,32.6,Médio,"Contrato mensal, Cliente novo (≤12 meses)",1,Month-to-month,No,19.65,19.65,Mailed check,No,Female,0,No,No
920,0177-PXBAT,32.6,Médio,"Contrato mensal, Internet fibra óptica, Mensalidade alta",33,Month-to-month,Fiber optic,109.9,3694.7,Bank transfer (automatic),Yes,Male,1,Yes,No
921,1724-IQWNM,32.5,Médio,"Contrato mensal, Cliente novo (≤12 meses)",1,Month-to-month,No,19.3,19.3,Mailed check,Yes,Male,0,No,Yes
922,1101-SSWAG,32.5,Médio,"Contrato mensal, Pagamento por cheque eletrônico",15,Month-to-month,DSL,51.1,711.15,Electronic check,Yes,Female,0,Yes,No
923,2307-FYNNL,32.5,Médio,"Internet fibra óptica, Pagamento por cheque eletrônico, Mensalidade alta",65,Two year,Fiber optic,109.05,7108.2,Electronic check,Yes,Male,1,No,No
924,6537-QLGEX,32.4,Médio,"Contrato mensal, Pagamento por cheque eletrônico",16,Month-to-month,DSL,38.9,664.4,Electronic check,Yes,Female,0,No,No
925,6022-KOUQO,32.4,Médio,"Contrato mensal, Cliente novo (≤12 meses)",2,Month-to-month,DSL,29.05,44.75,Bank transfer (automatic),No,Female,0,Yes,Yes
926,3688-FTHLT,32.4,Médio,Contrato mensal,16,Month-to-month,DSL,63.05,1067.05,Bank transfer (automatic),Yes,Female,0,No,No
927,2507-QZPQS,32.4,Médio,"Contrato mensal, Internet fibra óptica, Pagamento por cheque eletrônico, Mensalidade alta",15,Month-to-month,Fiber optic,95.7,1451.1,Electronic check,No,Male,0,No,No
928,8286-AFUYI,32.3,Médio,"Contrato mensal, Cliente novo (≤12 meses), Pagamento por cheque eletrônico",1,Month-to-month,DSL,47.95,47.95,Electronic check,No,Male,0,No,No
929,2360-RDGRO,32.3,Médio,"Contrato mensal, Internet fibra óptica, Pagamento por cheque eletrônico, Mensalidade alta",65,Month-to-month,Fiber optic,104.25,6812.95,Electronic check,Yes,Male,0,Yes,No
930,4282-ACRXS,32.3,Médio,"Contrato mensal, Pagamento por cheque eletrônico",38,Month-to-month,DSL,24.85,955.75,Electronic check,Yes,Male,1,Yes,No
931,9408-HRXRK,32.3,Médio,"Contrato mensal, Internet fibra óptica, Pagamento por cheque eletrônico, Mensalidade alta",45,Month-to-month,Fiber optic,105.15,4730.9,Electronic check,Yes,Female,0,Yes,Yes
932,4840-ORQXB,32.2,Médio,"Contrato mensal, Internet fibra óptica, Pagamento por cheque eletrônico, Mensalidade alta",56,Month-to-month,Fiber optic,104.75,5841.35,Electronic check,No,Female,1,No,No
933,8654-DHAOW,32.2,Médio,"Contrato mensal, Cliente novo (≤12 meses)",2,Month-to-month,DSL,54.15,101.65,Mailed check,No,Female,0,No,No
934,5916-QEWPT,32.2,Médio,"Contrato mensal, Cliente novo (≤12 meses)",2,Month-to-month,DSL,69.0,147.8,Credit card (automatic),No,Female,0,Yes,No
935,3522-CDKHF,32.1,Médio,"Contrato mensal, Internet fibra óptica, Mensalidade alta",32,Month-to-month,Fiber optic,75.5,2324.7,Bank transfer (automatic),Yes,Female,0,Yes,No
936,4760-THGOT,32.1,Médio,"Contrato mensal, Internet fibra óptica, Pagamento por cheque eletrônico, Mensalidade alta",43,Month-to-month,Fiber optic,94.1,4107.3,Electronic check,Yes,Female,0,Yes,No
937,6778-YSNIH,32.1,Médio,"Contrato mensal, Cliente novo (≤12 meses), Pagamento por cheque eletrônico",2,Month-to-month,DSL,59.0,114.15,Electronic check,Yes,Female,0,No,No
938,7011-CVEUC,32.1,Médio,"Contrato mensal, Internet fibra óptica, Mensalidade alta",25,Month-to-month,Fiber optic,95.7,2338.35,Credit card (automatic),Yes,Male,0,Yes,No
939,0929-HYQEW,32.1,Médio,"Contrato mensal, Cliente novo (≤12 meses)",3,Month-to-month,DSL,50.15,160.85,Mailed check,Yes,Male,0,No,No
940,2240-HSJQD,32.1,Médio,"Contrato mensal, Internet fibra óptica, Mensalidade alta",38,Month-to-month,Fiber optic,81.85,3141.7,Mailed check,Yes,Male,0,No,Yes
941,3733-LSYCE,32.0,Médio,"Contrato mensal, Internet fibra óptica, Mensalidade alta",15,Month-to-month,Fiber optic,75.35,1114.55,Bank transfer (automatic),No,Female,0,Yes,No
942,0058-EVZWM,32.0,Médio,"Contrato mensal, Internet fibra óptica, Mensalidade alta",55,Month-to-month,Fiber optic,89.8,4959.6,Bank transfer (automatic),Yes,Female,0,Yes,No
943,1304-BCCFO,32.0,Médio,"Contrato mensal, Cliente novo (≤12 meses), Mensalidade alta",9,Month-to-month,DSL,70.05,564.4,Mailed check,Yes,Male,0,Yes,No
944,6891-JPYFF,32.0,Médio,"Contrato mensal, Internet fibra óptica, Mensalidade alta",48,Month-to-month,Fiber optic,105.25,4997.5,Credit card (automatic),Yes,Female,0,Yes,Yes
945,1935-IMVBB,32.0,Médio,"Contrato mensal, Internet fibra óptica, Mensalidade alta",56,Month-to-month,Fiber optic,89.7,4952.95,Mailed check,No,Male,0,Yes,No
946,0178-SZBHO,31.9,Médio,"Contrato mensal, Internet fibra óptica, Pagamento por cheque eletrônico, Mensalidade alta",47,Month-to-month,Fiber optic,87.2,4017.45,Electronic check,No,Male,0,Yes,Yes
947,2761-XECQW,31.9,Médio,"Contrato mensal, Cliente novo (≤12 meses)",8,Month-to-month,DSL,43.35,371.4,Mailed check,Yes,Male,1,Yes,No
948,2587-EKXTS,31.9,Médio,"Contrato mensal, Internet fibra óptica, Pagamento por cheque eletrônico, Mensalidade alta",44,Month-to-month,Fiber optic,111.5,4915.15,Electronic check,Yes,Male,0,No,No
949,5433-KYGHE,31.9,Médio,"Contrato mensal, Internet fibra óptica, Mensalidade alta",14,Month-to-month,Fiber optic,86.0,1164.05,Mailed check,Yes,Female,0,No,Yes
950,2971-SGAFL,31.9,Médio,"Contrato mensal, Pagamento por cheque eletrônico, Mensalidade alta",13,Month-to-month,DSL,78.75,995.35,Electronic check,Yes,Female,0,No,No
951,4257-GAESD,31.9,Médio,"Contrato mensal, Cliente novo (≤12 meses)",6,Month-to-month,DSL,45.0,298.7,Credit card (automatic),No,Female,0,No,No
952,4001-TSBTV,31.8,Médio,"Contrato mensal, Internet fibra óptica, Pagamento por cheque eletrônico, Mensalidade alta",58,Month-to-month,Fiber optic,91.55,5511.65,Electronic check,Yes,Female,0,Yes,Yes
953,9518-XXBXE,31.8,Médio,"Contrato mensal, Cliente novo (≤12 meses), Internet fibra óptica, Pagamento por cheque eletrônico, Mensalidade alta",10,Month-to-month,Fiber optic,75.3,720.45,Electronic check,No,Male,1,Yes,No
954,1930-WNXSB,31.8,Médio,"Contrato mensal, Internet fibra óptica, Pagamento por cheque eletrônico, Mensalidade alta",58,Month-to-month,Fiber optic,92.85,5305.05,Electronic check,Yes,Male,0,Yes,Yes
955,3787-TRIAL,31.8,Médio,"Contrato mensal, Pagamento por cheque eletrônico",21,Month-to-month,DSL,26.05,565.75,Electronic check,Yes,Male,0,Yes,Yes
956,9701-CDXHR,31.8,Médio,"Contrato mensal, Internet fibra óptica",51,Month-to-month,Fiber optic,69.15,3649.6,Mailed check,No,Female,0,Yes,No
957,5999-LCXAO,31.7,Médio,"Contrato mensal, Cliente novo (≤12 meses)",1,Month-to-month,DSL,29.9,29.9,Mailed check,No,Female,0,No,No
958,0374-AACSZ,31.6,Médio,"Contrato mensal, Cliente novo (≤12 meses), Pagamento por cheque eletrônico",1,Month-to-month,DSL,50.15,50.15,Electronic check,No,Female,0,No,No
959,1763-WQFUK,31.6,Médio,"Contrato mensal, Cliente novo (≤12 meses)",3,Month-to-month,DSL,50.5,147.75,Mailed check,Yes,Male,0,No,No
960,4026-SKKHW,31.6,Médio,"Contrato mensal, Cliente novo (≤12 meses)",3,Month-to-month,DSL,50.25,152.3,Mailed check,Yes,Male,0,No,No
961,3583-KRKMD,31.6,Médio,"Contrato mensal, Internet fibra óptica, Mensalidade alta",18,Month-to-month,Fiber optic,75.9,1373.05,Bank transfer (automatic),Yes,Male,0,No,No
962,3130-ICDUP,31.6,Médio,"Contrato mensal, Cliente novo (≤12 meses), Internet fibra óptica, Mensalidade alta",2,Month-to-month,Fiber optic,80.55,188.1,Credit card (automatic),No,Female,0,No,Yes
963,3162-KKZXO,31.6,Médio,"Internet fibra óptica, Pagamento por cheque eletrônico, Mensalidade alta",55,One year,Fiber optic,100.15,5409.75,Electronic check,Yes,Female,1,No,No
964,4657-FWVFY,31.6,Médio,"Contrato mensal, Internet fibra óptica, Mensalidade alta",40,Month-to-month,Fiber optic,96.35,3915.4,Credit card (automatic),Yes,Female,0,Yes,Yes
965,5136-GFPMB,31.5,Médio,"Contrato mensal, Internet fibra óptica, Mensalidade alta",54,Month-to-month,Fiber optic,89.4,4869.5,Credit card (automatic),No,Male,0,No,No
966,7379-FNIUJ,31.5,Médio,"Contrato mensal, Cliente novo (≤12 meses), Internet fibra óptica, Pagamento por cheque eletrônico, Mensalidade alta",2,Month-to-month,Fiber optic,100.2,198.5,Electronic check,No,Male,0,No,No
967,6538-POCHL,31.5,Médio,"Contrato mensal, Internet fibra óptica, Mensalidade alta",33,Month-to-month,Fiber optic,79.0,2576.8,Credit card (automatic),Yes,Male,0,No,No
968,3987-KQDDU,31.5,Médio,"Contrato mensal, Cliente novo (≤12 meses), Internet fibra óptica, Pagamento por cheque eletrônico, Mensalidade alta",9,Month-to-month,Fiber optic,75.6,661.55,Electronic check,No,Male,0,No,No
969,1855-AGAWH,31.5,Médio,"Internet fibra óptica, Pagamento por cheque eletrônico, Mensalidade alta",31,One year,Fiber optic,93.8,2939.8,Electronic check,Yes,Male,0,Yes,No
970,1845-CSBRZ,31.5,Médio,"Contrato mensal, Internet fibra óptica, Mensalidade alta",22,Month-to-month,Fiber optic,85.35,1961.6,Bank transfer (automatic),No,Female,1,Yes,Yes
971,5440-VHLUL,31.4,Médio,"Internet fibra óptica, Mensalidade alta",69,One year,Fiber optic,105.2,7386.05,Bank transfer (automatic),Yes,Male,0,No,No
972,3969-GYXEL,31.4,Médio,"Contrato mensal, Cliente novo (≤12 meses), Internet fibra óptica, Pagamento por cheque eletrônico, Mensalidade alta",11,Month-to-month,Fiber optic,76.4,838.7,Electronic check,No,Female,0,No,No
973,9919-YLNNG,31.4,Médio,"Contrato mensal, Internet fibra óptica, Mensalidade alta",42,Month-to-month,Fiber optic,103.8,4327.5,Bank transfer (automatic),Yes,Female,0,No,No
974,1658-XUHBX,31.4,Médio,"Contrato mensal, Internet fibra óptica, Mensalidade alta",59,Month-to-month,Fiber optic,88.75,5348.65,Credit card (automatic),Yes,Female,1,Yes,Yes
975,9943-VSZUV,31.4,Médio,"Contrato mensal, Internet fibra óptica, Mensalidade alta",67,Month-to-month,Fiber optic,75.7,5060.85,Mailed check,Yes,Male,1,No,No
976,2782-LFZVW,31.3,Médio,"Contrato mensal, Cliente novo (≤12 meses)",11,Month-to-month,DSL,58.95,601.6,Mailed check,Yes,Female,0,No,No
977,9776-OJUZI,31.3,Médio,"Contrato mensal, Internet fibra óptica, Mensalidade alta",65,Month-to-month,Fiber optic,95.45,6223.3,Bank transfer (automatic),Yes,Female,1,No,No
978,6733-LRIZX,31.3,Médio,"Internet fibra óptica, Pagamento por cheque eletrônico, Mensalidade alta",35,Two year,Fiber optic,108.95,4025.5,Electronic check,Yes,Male,0,No,No
979,4256-ZWTZI,31.3,Médio,"Contrato mensal, Cliente novo (≤12 meses)",5,Month-to-month,DSL,51.0,286.8,Mailed check,Yes,Female,0,No,Yes
980,2669-QVCRG,31.3,Médio,"Contrato mensal, Internet fibra óptica, Mensalidade alta",41,Month-to-month,Fiber optic,81.3,3190.65,Credit card (automatic),Yes,Female,0,No,No
981,3161-GETRM,31.3,Médio,"Contrato mensal, Internet fibra óptica, Mensalidade alta",34,Month-to-month,Fiber optic,90.05,3097.0,Credit card (automatic),Yes,Male,0,Yes,Yes
982,9142-KZXOP,31.2,Médio,"Contrato mensal, Internet fibra óptica",44,Month-to-month,Fiber optic,68.85,2958.95,Credit card (automatic),No,Male,0,No,No
983,8065-BVEPF,31.2,Médio,"Contrato mensal, Internet fibra óptica, Mensalidade alta",65,Month-to-month,Fiber optic,99.1,6496.15,Bank transfer (automatic),Yes,Male,1,No,No
984,0730-KOAVE,31.2,Médio,"Contrato mensal, Internet fibra óptica, Mensalidade alta",30,Month-to-month,Fiber optic,94.3,2679.7,Credit card (automatic),Yes,Male,0,No,No
985,8535-SFUTN,31.2,Médio,"Contrato mensal, Internet fibra óptica, Pagamento por cheque eletrônico, Mensalidade alta",61,Month-to-month,Fiber optic,106.45,6300.15,Electronic check,Yes,Male,0,No,No
986,5419-JKZNQ,31.2,Médio,"Contrato mensal, Internet fibra óptica, Mensalidade alta",30,Month-to-month,Fiber optic,77.9,2351.45,Mailed check,No,Male,1,Yes,No
987,5600-PDUJF,31.2,Médio,"Contrato mensal, Cliente novo (≤12 meses)",6,Month-to-month,DSL,49.5,312.7,Credit card (automatic),Yes,Male,0,No,No
988,6288-LBEAR,31.2,Médio,"Contrato mensal, Internet fibra óptica, Mensalidade alta",23,Month-to-month,Fiber optic,79.1,1783.75,Mailed check,Yes,Female,0,No,No
989,7693-QPEFS,31.1,Médio,"Contrato mensal, Internet fibra óptica, Mensalidade alta",52,Month-to-month,Fiber optic,72.95,3829.75,Bank transfer (automatic),Yes,Male,1,No,No
990,4402-FTBXC,31.1,Médio,"Contrato mensal, Internet fibra óptica, Mensalidade alta",54,Month-to-month,Fiber optic,89.8,4667.0,Mailed check,No,Male,0,No,No
991,5628-RKIFK,31.1,Médio,"Contrato mensal, Internet fibra óptica, Mensalidade alta",49,Month-to-month,Fiber optic,101.55,5070.4,Credit card (automatic),No,Female,1,No,No
992,9700-ISPUP,31.1,Médio,"Contrato mensal, Cliente novo (≤12 meses), Pagamento por cheque eletrônico",10,Month-to-month,DSL,65.5,616.9,Electronic check,Yes,Female,0,Yes,Yes
993,1228-ZLNBX,31.0,Médio,"Contrato mensal, Internet fibra óptica, Mensalidade alta",21,Month-to-month,Fiber optic,75.3,1570.7,Mailed check,No,Male,0,No,No
994,7521-AFHAB,31.0,Médio,"Contrato mensal, Cliente novo (≤12 meses)",5,Month-to-month,DSL,44.8,220.45,Mailed check,No,Female,0,Yes,Yes
995,2823-LKABH,31.0,Médio,"Contrato mensal, Internet fibra óptica, Mensalidade alta",18,Month-to-month,Fiber optic,95.05,1679.4,Bank transfer (automatic),Yes,Female,0,No,No
996,4465-VDKIQ,31.0,Médio,"Contrato mensal, Internet fibra óptica, Pagamento por cheque eletrônico, Mensalidade alta",18,Month-to-month,Fiber optic,77.8,1358.6,Electronic check,No,Female,0,No,No
997,9375-MHRRS,31.0,Médio,"Contrato mensal, Cliente novo (≤12 meses)",6,Month-to-month,DSL,50.05,288.35,Mailed check,No,Male,0,No,No
998,2592-YKDIF,31.0,Médio,"Contrato mensal, Cliente novo (≤12 meses)",1,Month-to-month,No,20.35,20.35,Mailed check,No,Female,0,No,No
999,6257-RJOHI,31.0,Médio,"Contrato mensal, Cliente novo (≤12 meses)",4,Month-to-month,DSL,50.8,202.3,Mailed check,Yes,Male,0,No,No
1000,7284-BUYEC,31.0,Médio,"Contrato mensal, Cliente novo (≤12 meses)",5,Month-to-month,DSL,50.95,229.4,Credit card (automatic),Yes,Female,0,No,No
1001,6522-YRBXD,30.9,Médio,"Contrato mensal, Internet fibra óptica, Pagamento por cheque eletrônico, Mensalidade alta",35,Month-to-month,Fiber optic,94.55,3365.4,Electronic check,Yes,Male,1,Yes,No
1002,6591-QGOYB,30.9,Médio,"Contrato mensal, Internet fibra óptica, Mensalidade alta",17,Month-to-month,Fiber optic,106.65,1672.1,Bank transfer (automatic),Yes,Male,0,No,No
1003,1355-KUSBG,30.9,Médio,"Contrato mensal, Cliente novo (≤12 meses), Pagamento por cheque eletrônico",7,Month-to-month,DSL,48.8,349.8,Electronic check,No,Female,0,Yes,Yes
1004,2067-QYTCF,30.9,Médio,"Contrato mensal, Internet fibra óptica, Pagamento por cheque eletrônico, Mensalidade alta",64,Month-to-month,Fiber optic,111.15,6953.4,Electronic check,Yes,Female,0,Yes,No
1005,7916-VCCPB,30.9,Médio,"Contrato mensal, Internet fibra óptica, Mensalidade alta",16,Month-to-month,Fiber optic,73.25,1195.75,Bank transfer (automatic),No,Female,0,Yes,Yes
1006,0929-PECLO,30.8,Médio,"Contrato mensal, Internet fibra óptica, Mensalidade alta",63,Month-to-month,Fiber optic,89.6,5538.8,Bank transfer (automatic),Yes,Female,1,No,No
1007,4811-JBUVU,30.8,Médio,"Contrato mensal, Internet fibra óptica, Mensalidade alta",30,Month-to-month,Fiber optic,89.9,2723.15,Credit card (automatic),Yes,Male,0,No,No
1008,1436-ZMJAN,30.8,Médio,"Contrato mensal, Cliente novo (≤12 meses)",10,Month-to-month,DSL,67.8,653.15,Credit card (automatic),Yes,Female,0,Yes,No
1009,5118-MUEYH,30.8,Médio,"Contrato mensal, Internet fibra óptica, Mensalidade alta",48,Month-to-month,Fiber optic,105.1,5083.55,Credit card (automatic),Yes,Female,0,Yes,No
1010,0577-WHMEV,30.8,Médio,"Contrato mensal, Internet fibra óptica, Pagamento por cheque eletrônico, Mensalidade alta",16,Month-to-month,Fiber optic,90.7,1374.9,Electronic check,No,Female,0,Yes,No
1011,4191-XOVOM,30.8,Médio,"Contrato mensal, Internet fibra óptica, Pagamento por cheque eletrônico, Mensalidade alta",63,Month-to-month,Fiber optic,105.4,6713.2,Electronic check,No,Male,0,No,No
1012,2027-WKXMW,30.7,Médio,"Contrato mensal, Internet fibra óptica, Pagamento por cheque eletrônico, Mensalidade alta",63,Month-to-month,Fiber optic,108.75,6871.7,Electronic check,Yes,Female,0,Yes,No
1013,1329-VHWNP,30.7,Médio,"Contrato mensal, Cliente novo (≤12 meses)",7,Month-to-month,DSL,25.05,189.95,Bank transfer (automatic),No,Female,0,No,No
1014,4821-SJHJV,30.7,Médio,"Contrato mensal, Internet fibra óptica, Pagamento por cheque eletrônico, Mensalidade alta",32,Month-to-month,Fiber optic,89.6,2901.8,Electronic check,No,Female,0,Yes,Yes
1015,2208-UGTGR,30.7,Médio,"Contrato mensal, Internet fibra óptica, Pagamento por cheque eletrônico, Mensalidade alta",56,Month-to-month,Fiber optic,98.6,5581.05,Electronic check,No,Male,0,No,No
1016,6124-ACRHJ,30.7,Médio,"Contrato mensal, Cliente novo (≤12 meses)",1,Month-to-month,No,19.75,19.75,Mailed check,No,Female,0,No,No
1017,1427-VERSM,30.6,Médio,"Contrato mensal, Internet fibra óptica, Pagamento por cheque eletrônico, Mensalidade alta",56,Month-to-month,Fiber optic,98.7,5669.5,Electronic check,Yes,Female,0,Yes,No
1018,7964-VEXDG,30.6,Médio,"Contrato mensal, Internet fibra óptica, Pagamento por cheque eletrônico, Mensalidade alta",21,Month-to-month,Fiber optic,80.35,1747.2,Electronic check,No,Male,0,No,Yes
1019,0221-WMXNQ,30.6,Médio,"Contrato mensal, Cliente novo (≤12 meses), Internet fibra óptica, Pagamento por cheque eletrônico, Mensalidade alta",4,Month-to-month,Fiber optic,75.35,273.4,Electronic check,No,Male,1,No,No
1020,9500-LTVBP,30.6,Médio,"Contrato mensal, Internet fibra óptica, Mensalidade alta",35,Month-to-month,Fiber optic,80.05,2835.9,Credit card (automatic),No,Female,0,No,No
1021,5371-VYLSX,30.6,Médio,"Contrato mensal, Internet fibra óptica, Pagamento por cheque eletrônico, Mensalidade alta",50,Month-to-month,Fiber optic,83.4,4113.7,Electronic check,Yes,Female,1,No,No
1022,1100-DDVRV,30.6,Médio,Contrato mensal,17,Month-to-month,DSL,49.8,836.35,Mailed check,Yes,Male,0,Yes,No
1023,7853-OETYL,30.5,Médio,"Contrato mensal, Cliente novo (≤12 meses), Pagamento por cheque eletrônico",4,Month-to-month,DSL,29.05,129.6,Electronic check,Yes,Female,0,Yes,No
1024,4993-JCRGJ,30.5,Médio,"Contrato mensal, Internet fibra óptica, Mensalidade alta",26,Month-to-month,Fiber optic,84.3,2281.6,Mailed check,Yes,Male,0,No,No
1025,7312-XSBAT,30.5,Médio,"Contrato mensal, Cliente novo (≤12 meses), Pagamento por cheque eletrônico",1,Month-to-month,DSL,49.75,49.75,Electronic check,No,Male,0,No,No
1026,9281-PKKZE,30.5,Médio,"Contrato mensal, Pagamento por cheque eletrônico",46,Month-to-month,DSL,43.95,2007.85,Electronic check,Yes,Female,0,Yes,No
1027,5533-NHFRF,30.5,Médio,"Contrato mensal, Cliente novo (≤12 meses), Pagamento por cheque eletrônico",7,Month-to-month,DSL,44.4,265.8,Electronic check,Yes,Male,1,No,No
1028,2720-FVBQP,30.5,Médio,"Contrato mensal, Cliente novo (≤12 meses)",6,Month-to-month,DSL,48.95,273.25,Credit card (automatic),Yes,Female,0,Yes,Yes
1029,8605-ITULD,30.4,Médio,"Contrato mensal, Cliente novo (≤12 meses)",1,Month-to-month,No,19.55,19.55,Mailed check,No,Female,0,No,No
1030,2866-IKBTM,30.4,Médio,"Contrato mensal, Cliente novo (≤12 meses)",1,Month-to-month,No,19.55,19.55,Mailed check,No,Female,0,No,No
1031,5839-SUYVZ,30.4,Médio,"Contrato mensal, Internet fibra óptica, Mensalidade alta",16,Month-to-month,Fiber optic,74.55,1170.5,Credit card (automatic),Yes,Male,0,No,No
1032,9537-VHDTA,30.4,Médio,"Contrato mensal, Cliente novo (≤12 meses)",1,Month-to-month,DSL,51.2,51.2,Mailed check,No,Female,0,No,Yes
1033,8963-JLGJT,30.4,Médio,"Contrato mensal, Cliente novo (≤12 meses)",3,Month-to-month,DSL,55.9,157.55,Mailed check,No,Male,0,No,Yes
1034,3537-HPKQT,30.3,Médio,"Contrato mensal, Internet fibra óptica, Mensalidade alta",55,Month-to-month,Fiber optic,77.75,4266.4,Credit card (automatic),Yes,Female,0,Yes,No
1035,3727-JEZTU,30.3,Médio,"Contrato mensal, Cliente novo (≤12 meses)",1,Month-to-month,No,20.4,20.4,Mailed check,No,Female,0,No,No
1036,7905-TVXTA,30.3,Médio,"Contrato mensal, Cliente novo (≤12 meses), Pagamento por cheque eletrônico",5,Month-to-month,DSL,64.35,352.65,Electronic check,Yes,Female,0,No,No
1037,3807-XHCJH,30.3,Médio,"Contrato mensal, Cliente novo (≤12 meses), Pagamento por cheque eletrônico",1,Month-to-month,No,20.0,20.0,Electronic check,No,Female,0,Yes,Yes
1038,8705-DWKTI,30.3,Médio,"Contrato mensal, Internet fibra óptica, Mensalidade alta",52,Month-to-month,Fiber optic,83.8,4331.4,Credit card (automatic),Yes,Male,0,No,No
1039,5055-MGMGF,30.2,Médio,"Contrato mensal, Internet fibra óptica, Pagamento por cheque eletrônico, Mensalidade alta",65,Month-to-month,Fiber optic,105.05,6914.95,Electronic check,Yes,Female,0,Yes,No
1040,4983-CLMLV,30.2,Médio,"Contrato mensal, Internet fibra óptica, Mensalidade alta",52,Month-to-month,Fiber optic,102.7,5138.1,Credit card (automatic),Yes,Female,0,Yes,No
1041,4937-QPZPO,30.2,Médio,"Internet fibra óptica, Pagamento por cheque eletrônico, Mensalidade alta",61,One year,Fiber optic,99.9,6241.35,Electronic check,Yes,Male,0,Yes,Yes
1042,7128-GGCNO,30.2,Médio,"Contrato mensal, Internet fibra óptica, Mensalidade alta",46,Month-to-month,Fiber optic,72.8,3249.4,Bank transfer (automatic),No,Male,0,No,No
1043,3349-ANQNH,30.2,Médio,"Internet fibra óptica, Pagamento por cheque eletrônico, Mensalidade alta",59,One year,Fiber optic,99.5,5890.0,Electronic check,Yes,Female,1,No,No
1044,2625-TRCZQ,30.1,Médio,"Contrato mensal, Pagamento por cheque eletrônico",51,Month-to-month,DSL,49.65,2553.35,Electronic check,Yes,Female,0,Yes,No
1045,3898-GUYTS,30.1,Médio,"Contrato mensal, Internet fibra óptica, Pagamento por cheque eletrônico, Mensalidade alta",45,Month-to-month,Fiber optic,97.05,4385.05,Electronic check,Yes,Female,1,No,No
1046,4950-BDEUX,30.1,Médio,"Contrato mensal, Pagamento por cheque eletrônico",35,Month-to-month,DSL,49.2,1701.65,Electronic check,No,Male,0,No,No
1047,0212-ISBBF,30.0,Médio,"Contrato mensal, Pagamento por cheque eletrônico",22,Month-to-month,DSL,50.35,1098.85,Electronic check,Yes,Female,0,No,No
1048,9332-GYWLO,30.0,Médio,"Contrato mensal, Cliente novo (≤12 meses), Pagamento por cheque eletrônico",6,Month-to-month,DSL,54.85,355.1,Electronic check,No,Female,0,Yes,Yes
1049,1905-OEILC,30.0,Médio,"Contrato mensal, Cliente novo (≤12 meses)",1,Month-to-month,No,19.5,19.5,Mailed check,No,Female,0,No,No
1050,1552-AAGRX,30.0,Médio,"Contrato mensal, Internet fibra óptica, Mensalidade alta",30,Month-to-month,Fiber optic,106.4,3211.9,Bank transfer (automatic),No,Female,0,No,No
1051,4860-IJUDE,30.0,Médio,"Contrato mensal, Internet fibra óptica, Mensalidade alta",13,Month-to-month,Fiber optic,73.75,956.65,Credit card (automatic),Yes,Male,0,No,No
1052,0869-PAPRP,29.9,Médio,"Contrato mensal, Internet fibra óptica, Mensalidade alta",26,Month-to-month,Fiber optic,85.7,2067.0,Credit card (automatic),Yes,Female,1,Yes,No
1053,5243-SAOTC,29.9,Médio,"Contrato mensal, Internet fibra óptica, Mensalidade alta",54,Month-to-month,Fiber optic,79.85,4308.25,Bank transfer (automatic),Yes,Male,0,No,No
1054,4452-QIIEB,29.9,Médio,"Contrato mensal, Cliente novo (≤12 meses)",7,Month-to-month,DSL,43.9,278.4,Mailed check,No,Male,0,No,No
1055,7246-ZGQDF,29.9,Médio,"Contrato mensal, Cliente novo (≤12 meses), Pagamento por cheque eletrônico",1,Month-to-month,DSL,54.5,54.5,Electronic check,No,Female,0,No,Yes
1056,9469-WEJBT,29.9,Médio,"Contrato mensal, Internet fibra óptica, Pagamento por cheque eletrônico, Mensalidade alta",37,Month-to-month,Fiber optic,90.35,3419.3,Electronic check,Yes,Male,0,Yes,No
1057,7813-ZGGAW,29.9,Médio,"Contrato mensal, Internet fibra óptica, Mensalidade alta",31,Month-to-month,Fiber optic,96.6,2877.95,Bank transfer (automatic),Yes,Male,1,No,No
1058,6896-SRVYQ,29.8,Médio,"Contrato mensal, Internet fibra óptica, Pagamento por cheque eletrônico, Mensalidade alta",44,Month-to-month,Fiber optic,73.85,3122.4,Electronic check,No,Male,1,No,No
1059,0913-XWSCN,29.8,Médio,"Contrato mensal, Internet fibra óptica, Mensalidade alta",55,Month-to-month,Fiber optic,85.5,4713.4,Bank transfer (automatic),No,Male,0,Yes,Yes
1060,3853-LYGAM,29.8,Médio,"Contrato mensal, Internet fibra óptica, Mensalidade alta",17,Month-to-month,Fiber optic,95.65,1640.0,Bank transfer (automatic),Yes,Male,0,No,No
1061,3729-OWRVL,29.8,Médio,"Internet fibra óptica, Pagamento por cheque eletrônico, Mensalidade alta",65,Two year,Fiber optic,110.35,7246.15,Electronic check,Yes,Male,1,No,No
1062,8203-XJZRC,29.7,Médio,"Contrato mensal, Cliente novo (≤12 meses)",1,Month-to-month,No,20.25,20.25,Mailed check,No,Male,0,No,No
1063,3082-VQXNH,29.7,Médio,"Contrato mensal, Cliente novo (≤12 meses)",3,Month-to-month,DSL,29.8,94.4,Credit card (automatic),No,Male,0,Yes,No
1064,7508-SMHXL,29.7,Médio,"Contrato mensal, Internet fibra óptica, Mensalidade alta",15,Month-to-month,Fiber optic,89.0,1288.3,Credit card (automatic),No,Female,1,No,No
1065,4462-CYWMH,29.7,Médio,"Contrato mensal, Internet fibra óptica, Mensalidade alta",62,Month-to-month,Fiber optic,89.8,5629.55,Bank transfer (automatic),Yes,Male,1,Yes,No
1066,1215-FIGMP,29.7,Médio,"Contrato mensal, Internet fibra óptica, Mensalidade alta",60,Month-to-month,Fiber optic,89.9,5450.7,Bank transfer (automatic),Yes,Male,0,No,No
1067,5950-AAAGJ,29.7,Médio,"Contrato mensal, Internet fibra óptica, Mensalidade alta",18,Month-to-month,Fiber optic,84.3,1537.9,Bank transfer (automatic),No,Male,0,No,No
1068,9842-EFSYY,29.6,Médio,"Contrato mensal, Cliente novo (≤12 meses)",4,Month-to-month,DSL,57.2,223.75,Mailed check,Yes,Female,0,No,Yes
1069,7594-LZNWR,29.6,Médio,"Contrato mensal, Internet fibra óptica",34,Month-to-month,Fiber optic,69.15,2275.1,Credit card (automatic),No,Male,1,No,No
1070,1047-NNCBF,29.6,Médio,"Contrato mensal, Internet fibra óptica, Mensalidade alta",20,Month-to-month,Fiber optic,70.55,1493.55,Credit card (automatic),No,Male,0,No,No
1071,3258-SANFR,29.6,Médio,"Contrato mensal, Cliente novo (≤12 meses)",6,Month-to-month,DSL,44.7,276.5,Credit card (automatic),No,Male,1,No,No
1072,2750-BJLSB,29.5,Médio,"Internet fibra óptica, Pagamento por cheque eletrônico, Mensalidade alta",47,One year,Fiber optic,103.7,4730.6,Electronic check,Yes,Female,0,No,No
1073,2111-DWYHN,29.5,Médio,"Contrato mensal, Cliente novo (≤12 meses)",1,Month-to-month,No,21.1,21.1,Mailed check,No,Male,0,No,No
1074,4931-TRZWN,29.5,Médio,"Contrato mensal, Pagamento por cheque eletrônico, Mensalidade alta",13,Month-to-month,DSL,71.95,923.85,Electronic check,Yes,Female,0,No,No
1075,7401-RUBNK,29.5,Médio,"Contrato mensal, Internet fibra óptica, Pagamento por cheque eletrônico, Mensalidade alta",18,Month-to-month,Fiber optic,74.8,1438.05,Electronic check,No,Female,0,Yes,No
1076,0564-MUUQK,29.5,Médio,"Contrato mensal, Internet fibra óptica, Mensalidade alta",20,Month-to-month,Fiber optic,95.5,1916.2,Bank transfer (automatic),Yes,Female,0,Yes,Yes
1077,8543-MSDMF,29.5,Médio,"Contrato mensal, Cliente novo (≤12 meses), Pagamento por cheque eletrônico, Mensalidade alta",3,Month-to-month,DSL,77.4,206.15,Electronic check,Yes,Male,0,No,No
1078,6360-SVNWV,29.4,Médio,"Contrato mensal, Internet fibra óptica, Mensalidade alta",31,Month-to-month,Fiber optic,73.55,2094.65,Credit card (automatic),Yes,Female,1,No,No
1079,5515-RUGKN,29.3,Médio,"Contrato mensal, Cliente novo (≤12 meses)",8,Month-to-month,DSL,54.75,438.05,Credit card (automatic),Yes,Male,0,No,No
1080,9356-AXGMP,29.3,Médio,"Internet fibra óptica, Pagamento por cheque eletrônico, Mensalidade alta",38,One year,Fiber optic,110.7,4428.6,Electronic check,Yes,Male,0,Yes,No
1081,8393-JMVMB,29.3,Médio,"Contrato mensal, Cliente novo (≤12 meses)",1,Month-to-month,No,19.45,19.45,Mailed check,No,Male,0,No,No
1082,8887-IPQNC,29.3,Médio,"Contrato mensal, Cliente novo (≤12 meses)",7,Month-to-month,DSL,44.25,313.45,Mailed check,Yes,Female,0,Yes,No
1083,3503-TYDAY,29.2,Médio,"Contrato mensal, Internet fibra óptica, Pagamento por cheque eletrônico, Mensalidade alta",43,Month-to-month,Fiber optic,80.45,3398.9,Electronic check,No,Female,0,Yes,No
1084,6339-DKLMK,29.2,Médio,"Contrato mensal, Pagamento por cheque eletrônico",13,Month-to-month,DSL,31.65,389.95,Electronic check,Yes,Female,0,No,No
1085,0804-XBFBV,29.2,Médio,"Contrato mensal, Cliente novo (≤12 meses), Pagamento por cheque eletrônico",11,Month-to-month,DSL,25.2,321.05,Electronic check,No,Female,0,No,Yes
1086,0080-OROZO,29.2,Médio,"Internet fibra óptica, Pagamento por cheque eletrônico, Mensalidade alta",35,One year,Fiber optic,99.25,3532.0,Electronic check,Yes,Female,0,No,No
1087,2812-SFXMJ,29.2,Médio,"Contrato mensal, Cliente novo (≤12 meses)",1,Month-to-month,No,20.05,20.05,Mailed check,No,Male,0,No,Yes
1088,2207-QPJED,29.2,Médio,"Contrato mensal, Internet fibra óptica, Pagamento por cheque eletrônico, Mensalidade alta",37,Month-to-month,Fiber optic,90.0,3371.75,Electronic check,No,Female,1,Yes,No
1089,7929-DMBCV,29.2,Médio,"Contrato mensal, Internet fibra óptica, Mensalidade alta",20,Month-to-month,Fiber optic,81.0,1683.7,Mailed check,Yes,Female,0,Yes,No
1090,5349-AZPEW,29.1,Médio,"Contrato mensal, Cliente novo (≤12 meses)",5,Month-to-month,DSL,25.05,125.5,Mailed check,No,Female,0,Yes,Yes
1091,3308-MHOOC,29.1,Médio,"Contrato mensal, Cliente novo (≤12 meses)",1,Month-to-month,No,19.2,19.2,Mailed check,Yes,Male,0,No,Yes
1092,2676-ISHSF,29.1,Médio,"Contrato mensal, Cliente novo (≤12 meses)",1,Month-to-month,No,20.3,20.3,Mailed check,No,Male,0,No,No
1093,9122-UMROB,29.1,Médio,"Contrato mensal, Cliente novo (≤12 meses)",1,Month-to-month,No,20.3,20.3,Mailed check,No,Male,0,No,No
1094,2105-PHWON,29.1,Médio,"Contrato mensal, Internet fibra óptica, Mensalidade alta",33,Month-to-month,Fiber optic,95.0,3008.15,Credit card (automatic),Yes,Female,0,Yes,No
1095,0247-SLUJI,29.0,Médio,"Contrato mensal, Cliente novo (≤12 meses)",1,Month-to-month,No,19.7,19.7,Mailed check,No,Male,0,Yes,Yes
1096,4851-BQDNX,29.0,Médio,"Internet fibra óptica, Pagamento por cheque eletrônico, Mensalidade alta",40,One year,Fiber optic,85.05,3355.65,Electronic check,Yes,Male,0,Yes,Yes
1097,2000-MPKCA,29.0,Médio,"Internet fibra óptica, Pagamento por cheque eletrônico, Mensalidade alta",58,One year,Fiber optic,107.75,6332.75,Electronic check,Yes,Female,0,No,No
1098,1170-SASML,29.0,Médio,"Contrato mensal, Internet fibra óptica, Mensalidade alta",69,Month-to-month,Fiber optic,85.4,5869.4,Bank transfer (automatic),Yes,Female,0,Yes,No
1099,8910-LEDAG,29.0,Médio,"Contrato mensal, Internet fibra óptica, Mensalidade alta",34,Month-to-month,Fiber optic,71.55,2427.35,Credit card (automatic),No,Male,1,Yes,No
1100,2014-MKGMH,29.0,Médio,"Internet fibra óptica, Pagamento por cheque eletrônico, Mensalidade alta",46,One year,Fiber optic,101.1,4674.4,Electronic check,Yes,Female,0,No,No
1101,6572-ADKRS,28.9,Médio,"Contrato mensal, Internet fibra óptica, Mensalidade alta",46,Month-to-month,Fiber optic,74.8,3548.3,Credit card (automatic),Yes,Female,0,No,No
1102,4781-ZXYGU,28.9,Médio,"Contrato mensal, Cliente novo (≤12 meses)",1,Month-to-month,No,20.15,20.15,Bank transfer (automatic),Yes,Male,0,Yes,Yes
1103,3509-GWQGF,28.9,Médio,"Contrato mensal, Internet fibra óptica",24,Month-to-month,Fiber optic,70.0,1732.6,Credit card (automatic),No,Male,1,No,No
1104,9327-QSDED,28.9,Médio,"Contrato mensal, Cliente novo (≤12 meses)",8,Month-to-month,DSL,43.55,335.4,Mailed check,No,Male,0,No,No
1105,7356-IWLFW,28.9,Médio,"Contrato mensal, Internet fibra óptica, Mensalidade alta",46,Month-to-month,Fiber optic,80.0,3769.7,Bank transfer (automatic),Yes,Male,0,Yes,Yes
1106,9108-EJFJP,28.9,Médio,"Contrato mensal, Cliente novo (≤12 meses)",1,Month-to-month,DSL,53.55,53.55,Mailed check,Yes,Female,0,Yes,No
1107,7310-EGVHZ,28.8,Médio,"Contrato mensal, Cliente novo (≤12 meses)",1,Month-to-month,No,20.2,20.2,Bank transfer (automatic),No,Male,0,No,No
1108,0419-YAAPX,28.8,Médio,"Contrato mensal, Internet fibra óptica, Mensalidade alta",49,Month-to-month,Fiber optic,85.3,4297.95,Credit card (automatic),Yes,Male,0,Yes,No
1109,7853-WNZSY,28.8,Médio,"Contrato mensal, Cliente novo (≤12 meses)",1,Month-to-month,No,19.75,19.75,Credit card (automatic),Yes,Male,0,No,No
1110,0319-QZTCO,28.8,Médio,"Contrato mensal, Cliente novo (≤12 meses)",3,Month-to-month,DSL,58.7,168.6,Credit card (automatic),Yes,Female,0,Yes,Yes
1111,7271-AJDTL,28.8,Médio,"Contrato mensal, Internet fibra óptica, Mensalidade alta",55,Month-to-month,Fiber optic,94.45,5073.1,Credit card (automatic),Yes,Female,0,Yes,No
1112,8404-FYDIB,28.8,Médio,"Contrato mensal, Internet fibra óptica, Mensalidade alta",26,Month-to-month,Fiber optic,86.65,2208.75,Credit card (automatic),Yes,Male,0,No,No
1113,0463-ZSDNT,28.8,Médio,"Contrato mensal, Cliente novo (≤12 meses)",10,Month-to-month,DSL,56.75,503.25,Bank transfer (automatic),Yes,Male,0,No,No
1114,8751-EDEKA,28.8,Médio,"Contrato mensal, Internet fibra óptica, Mensalidade alta",28,Month-to-month,Fiber optic,89.9,2433.5,Credit card (automatic),No,Female,0,Yes,No
1115,8158-WPEZG,28.7,Médio,"Contrato mensal, Cliente novo (≤12 meses), Pagamento por cheque eletrônico",11,Month-to-month,DSL,35.65,425.1,Electronic check,Yes,Male,0,No,No
1116,3144-KMTWZ,28.7,Médio,"Contrato mensal, Internet fibra óptica, Mensalidade alta",71,Month-to-month,Fiber optic,93.25,6669.45,Bank transfer (automatic),Yes,Male,0,Yes,No
1117,2669-OIDSD,28.7,Médio,"Contrato mensal, Internet fibra óptica, Mensalidade alta",48,Month-to-month,Fiber optic,100.05,4834.0,Credit card (automatic),Yes,Female,0,Yes,No
1118,8676-OOQEJ,28.7,Médio,"Contrato mensal, Cliente novo (≤12 meses), Pagamento por cheque eletrônico",4,Month-to-month,DSL,30.5,118.4,Electronic check,No,Male,0,No,No
1119,4488-KQFDT,28.7,Médio,"Internet fibra óptica, Pagamento por cheque eletrônico, Mensalidade alta",61,One year,Fiber optic,103.95,6423.0,Electronic check,Yes,Female,0,No,No
1120,0856-NAOES,28.7,Médio,"Contrato mensal, Cliente novo (≤12 meses)",6,Month-to-month,DSL,60.9,414.1,Mailed check,No,Male,0,No,No
1121,6635-CPNUN,28.6,Médio,"Contrato mensal, Internet fibra óptica, Mensalidade alta",28,Month-to-month,Fiber optic,96.6,2684.35,Credit card (automatic),No,Male,0,Yes,No
1122,6143-JQKEA,28.6,Médio,"Contrato mensal, Cliente novo (≤12 meses)",10,Month-to-month,DSL,45.8,436.2,Credit card (automatic),Yes,Male,0,No,No
1123,7501-VTYLJ,28.6,Médio,"Contrato mensal, Cliente novo (≤12 meses)",2,Month-to-month,DSL,51.55,106.2,Mailed check,No,Female,0,No,Yes
1124,9278-VZKCD,28.6,Médio,"Contrato mensal, Internet fibra óptica, Pagamento por cheque eletrônico, Mensalidade alta",52,Month-to-month,Fiber optic,109.1,5647.95,Electronic check,Yes,Female,1,Yes,No
1125,7159-FVYPK,28.6,Médio,"Contrato mensal, Cliente novo (≤12 meses)",3,Month-to-month,DSL,69.15,235.0,Bank transfer (automatic),Yes,Female,0,Yes,Yes
1126,3014-WJKSM,28.5,Médio,"Contrato mensal, Internet fibra óptica, Mensalidade alta",29,Month-to-month,Fiber optic,75.3,2263.4,Credit card (automatic),Yes,Male,0,Yes,No
1127,7251-XFOIL,28.5,Médio,"Contrato mensal, Internet fibra óptica, Mensalidade alta",61,Month-to-month,Fiber optic,89.2,5500.6,Mailed check,No,Female,0,No,No
1128,9544-PYPSJ,28.4,Médio,"Contrato mensal, Internet fibra óptica, Mensalidade alta",62,Month-to-month,Fiber optic,96.1,6019.35,Credit card (automatic),Yes,Female,1,Yes,Yes
1129,5886-VLQVU,28.4,Médio,"Contrato mensal, Internet fibra óptica, Mensalidade alta",35,Month-to-month,Fiber optic,89.85,3161.2,Bank transfer (automatic),Yes,Male,0,Yes,No
1130,5074-FBGHB,28.4,Médio,"Internet fibra óptica, Mensalidade alta",64,One year,Fiber optic,104.65,6889.8,Credit card (automatic),Yes,Male,0,No,No
1131,4680-KUTAJ,28.4,Médio,"Contrato mensal, Cliente novo (≤12 meses), Pagamento por cheque eletrônico",11,Month-to-month,DSL,55.6,580.8,Electronic check,Yes,Female,1,No,No
1132,9029-FEGVJ,28.4,Médio,"Contrato mensal, Internet fibra óptica, Mensalidade alta",32,Month-to-month,Fiber optic,79.3,2570.0,Mailed check,No,Female,1,Yes,No
1133,8033-VCZGH,28.4,Médio,"Internet fibra óptica, Pagamento por cheque eletrônico, Mensalidade alta",50,One year,Fiber optic,103.95,5231.3,Electronic check,Yes,Male,0,Yes,No
1134,3590-TCXTB,28.3,Médio,"Contrato mensal, Cliente novo (≤12 meses)",1,Month-to-month,No,20.35,20.35,Mailed check,No,Male,0,No,No
1135,6637-KYRCV,28.3,Médio,"Contrato mensal, Cliente novo (≤12 meses), Pagamento por cheque eletrônico",5,Month-to-month,DSL,30.5,167.2,Electronic check,Yes,Female,0,Yes,Yes
1136,3665-JATSN,28.3,Médio,"Contrato mensal, Pagamento por cheque eletrônico",19,Month-to-month,DSL,39.7,710.05,Electronic check,Yes,Female,0,No,No
1137,7789-HKSBS,28.3,Médio,"Internet fibra óptica, Mensalidade alta",42,One year,Fiber optic,105.2,4599.15,Bank transfer (automatic),Yes,Female,1,Yes,No
1138,4718-DHSMV,28.3,Médio,"Contrato mensal, Cliente novo (≤12 meses)",11,Month-to-month,DSL,35.8,363.15,Mailed check,Yes,Female,0,No,No
1139,8755-IWJHN,28.3,Médio,"Contrato mensal, Internet fibra óptica, Mensalidade alta",69,Month-to-month,Fiber optic,95.35,6382.0,Bank transfer (automatic),Yes,Male,1,Yes,No
1140,0468-YRPXN,28.3,Médio,"Contrato mensal, Internet fibra óptica, Mensalidade alta",29,Month-to-month,Fiber optic,98.8,2807.1,Credit card (automatic),Yes,Male,0,No,No
1141,5804-HYIEZ,28.3,Médio,"Contrato mensal, Internet fibra óptica, Pagamento por cheque eletrônico, Mensalidade alta",70,Month-to-month,Fiber optic,106.05,7554.05,Electronic check,Yes,Male,0,Yes,Yes
1142,2190-BCXEC,28.2,Médio,"Contrato mensal, Internet fibra óptica, Mensalidade alta",40,Month-to-month,Fiber optic,78.85,3126.85,Credit card (automatic),Yes,Female,0,Yes,No
1143,0999-QXNSA,28.2,Médio,"Contrato mensal, Cliente novo (≤12 meses)",7,Month-to-month,DSL,45.75,344.2,Mailed check,Yes,Male,1,No,Yes
1144,1456-TWCGB,28.1,Médio,"Contrato mensal, Cliente novo (≤12 meses)",4,Month-to-month,DSL,49.25,208.45,Mailed check,No,Male,0,No,No
1145,1399-UBQIU,28.1,Médio,"Contrato mensal, Cliente novo (≤12 meses), Pagamento por cheque eletrônico",11,Month-to-month,DSL,69.35,712.25,Electronic check,Yes,Male,0,No,No
1146,0668-OGMHD,28.1,Médio,"Contrato mensal, Pagamento por cheque eletrônico",21,Month-to-month,DSL,28.5,629.35,Electronic check,No,Female,0,Yes,No
1147,6362-QHAFM,28.1,Médio,"Internet fibra óptica, Pagamento por cheque eletrônico, Mensalidade alta",42,One year,Fiber optic,108.3,4586.15,Electronic check,Yes,Male,0,Yes,No
1148,4468-YDOVK,28.1,Médio,"Contrato mensal, Cliente novo (≤12 meses)",5,Month-to-month,DSL,48.65,235.2,Bank transfer (automatic),Yes,Male,0,No,Yes
1149,6627-CFOSN,28.0,Médio,"Contrato mensal, Internet fibra óptica, Mensalidade alta",59,Month-to-month,Fiber optic,99.45,5623.7,Bank transfer (automatic),Yes,Female,0,No,No
1150,6815-ABQFQ,28.0,Médio,"Internet fibra óptica, Pagamento por cheque eletrônico, Mensalidade alta",56,One year,Fiber optic,107.25,6033.3,Electronic check,Yes,Male,0,Yes,No
1151,4636-JGAAI,28.0,Médio,"Contrato mensal, Internet fibra óptica, Mensalidade alta",34,Month-to-month,Fiber optic,88.85,3000.25,Mailed check,No,Male,0,Yes,No
1152,7975-TZMLR,28.0,Médio,"Internet fibra óptica, Pagamento por cheque eletrônico, Mensalidade alta",47,One year,Fiber optic,103.1,4889.3,Electronic check,Yes,Male,0,No,No
1153,0666-UXTJO,28.0,Médio,"Contrato mensal, Internet fibra óptica, Mensalidade alta",34,Month-to-month,Fiber optic,85.2,2874.45,Credit card (automatic),Yes,Male,1,Yes,No
1154,7876-BEUTG,28.0,Médio,Contrato mensal,15,Month-to-month,DSL,48.8,720.1,Mailed check,Yes,Female,0,No,No
1155,8677-HDZEE,28.0,Médio,"Contrato mensal, Internet fibra óptica, Mensalidade alta",56,Month-to-month,Fiber optic,105.45,5916.95,Bank transfer (automatic),Yes,Female,0,No,No
1156,6652-YFFJO,28.0,Médio,"Contrato mensal, Cliente novo (≤12 meses), Pagamento por cheque eletrônico",11,Month-to-month,DSL,64.9,716.1,Electronic check,Yes,Female,0,No,No
1157,3620-MWJNE,27.9,Médio,"Contrato mensal, Cliente novo (≤12 meses)",2,Month-to-month,DSL,54.45,87.3,Mailed check,Yes,Male,0,No,No
1158,4480-MBMLB,27.9,Médio,"Internet fibra óptica, Mensalidade alta",36,One year,Fiber optic,104.8,3886.45,Bank transfer (automatic),Yes,Female,0,No,No
1159,7129-CAKJW,27.9,Médio,"Contrato mensal, Internet fibra óptica, Mensalidade alta",17,Month-to-month,Fiber optic,80.05,1345.65,Bank transfer (automatic),No,Female,0,No,No
1160,0621-HJWXJ,27.9,Médio,"Contrato mensal, Internet fibra óptica, Mensalidade alta",63,Month-to-month,Fiber optic,81.55,5029.05,Bank transfer (automatic),Yes,Female,0,Yes,No
1161,5816-SCGFC,27.9,Médio,"Contrato mensal, Cliente novo (≤12 meses)",7,Month-to-month,DSL,51.3,419.35,Mailed check,Yes,Female,1,No,No
1162,3058-WQDRE,27.9,Médio,Contrato mensal,13,Month-to-month,DSL,25.15,331.85,Bank transfer (automatic),Yes,Male,0,No,No
1163,9659-QEQSY,27.9,Médio,"Contrato mensal, Internet fibra óptica, Pagamento por cheque eletrônico, Mensalidade alta",45,Month-to-month,Fiber optic,115.65,5125.5,Electronic check,Yes,Female,0,No,No
1164,4826-TZEVA,27.9,Médio,"Contrato mensal, Internet fibra óptica, Mensalidade alta",40,Month-to-month,Fiber optic,74.8,2971.7,Credit card (automatic),No,Female,0,No,No
1165,1849-RJYIG,27.9,Médio,"Contrato mensal, Cliente novo (≤12 meses), Pagamento por cheque eletrônico",8,Month-to-month,DSL,60.0,487.75,Electronic check,Yes,Female,0,No,No
1166,6458-CYIDZ,27.9,Médio,"Contrato mensal, Cliente novo (≤12 meses), Internet fibra óptica, Pagamento por cheque eletrônico, Mensalidade alta",5,Month-to-month,Fiber optic,80.7,374.8,Electronic check,No,Female,1,No,No
1167,3717-LNXKW,27.8,Médio,"Contrato mensal, Internet fibra óptica, Mensalidade alta",38,Month-to-month,Fiber optic,91.7,3479.05,Bank transfer (automatic),No,Male,0,Yes,No
1168,6579-JPICP,27.8,Médio,"Contrato mensal, Cliente novo (≤12 meses)",1,Month-to-month,No,20.4,20.4,Mailed check,No,Male,0,No,No
1169,0673-IGUQO,27.8,Médio,"Contrato mensal, Cliente novo (≤12 meses)",1,Month-to-month,No,20.45,20.45,Mailed check,No,Male,0,No,No
1170,2668-TZSPS,27.8,Médio,"Contrato mensal, Cliente novo (≤12 meses)",1,Month-to-month,No,20.45,20.45,Mailed check,No,Male,0,No,No
1171,1656-DRSMG,27.8,Médio,"Contrato mensal, Internet fibra óptica, Mensalidade alta",63,Month-to-month,Fiber optic,109.85,7002.95,Credit card (automatic),Yes,Female,0,No,No
1172,7919-ZODZZ,27.8,Médio,Cliente novo (≤12 meses),10,One year,DSL,65.9,660.05,Mailed check,Yes,Female,0,Yes,Yes
1173,5802-ADBRC,27.8,Médio,"Internet fibra óptica, Mensalidade alta",50,One year,Fiber optic,104.4,5232.9,Mailed check,Yes,Female,0,Yes,No
1174,5445-GLVOT,27.8,Médio,"Contrato mensal, Pagamento por cheque eletrônico",22,Month-to-month,DSL,49.8,1049.05,Electronic check,Yes,Female,0,No,No
1175,2692-PFYTJ,27.7,Médio,"Contrato mensal, Cliente novo (≤12 meses)",1,Month-to-month,No,25.75,25.75,Mailed check,Yes,Female,0,No,No
1176,1453-RZFON,27.7,Médio,"Contrato mensal, Cliente novo (≤12 meses)",1,Month-to-month,DSL,49.9,49.9,Mailed check,No,Female,0,No,Yes
1177,8695-WDYEA,27.7,Médio,"Contrato mensal, Cliente novo (≤12 meses)",1,Month-to-month,DSL,51.25,51.25,Mailed check,No,Male,0,No,No
1178,0003-MKNFE,27.7,Médio,"Contrato mensal, Cliente novo (≤12 meses)",9,Month-to-month,DSL,59.9,542.4,Mailed check,No,Male,0,No,No
1179,4343-EJVQB,27.6,Médio,"Contrato mensal, Cliente novo (≤12 meses), Internet fibra óptica, Mensalidade alta",7,Month-to-month,Fiber optic,74.35,533.6,Mailed check,No,Male,0,No,No
1180,1928-BXYIV,27.6,Médio,"Contrato mensal, Cliente novo (≤12 meses), Pagamento por cheque eletrônico",1,Month-to-month,DSL,61.15,61.15,Electronic check,No,Male,0,No,No
1181,9350-VLHMB,27.6,Médio,"Contrato mensal, Internet fibra óptica, Mensalidade alta",67,Month-to-month,Fiber optic,89.55,6373.1,Bank transfer (automatic),Yes,Male,0,Yes,Yes
1182,6218-KNUBD,27.5,Médio,"Contrato mensal, Cliente novo (≤12 meses), Pagamento por cheque eletrônico",6,Month-to-month,DSL,59.45,357.6,Electronic check,No,Male,0,No,No
1183,1310-QRITU,27.5,Médio,"Contrato mensal, Pagamento por cheque eletrônico",18,Month-to-month,DSL,50.3,913.3,Electronic check,Yes,Female,0,No,No
1184,4482-FTFFX,27.5,Médio,"Contrato mensal, Cliente novo (≤12 meses), Pagamento por cheque eletrônico",5,Month-to-month,DSL,56.15,291.45,Electronic check,No,Male,0,No,No
1185,1791-PQHBB,27.5,Médio,"Contrato mensal, Cliente novo (≤12 meses)",2,Month-to-month,DSL,61.2,125.95,Credit card (automatic),Yes,Female,0,No,Yes
1186,7134-MJPDY,27.5,Médio,"Internet fibra óptica, Mensalidade alta",66,One year,Fiber optic,102.85,6976.75,Credit card (automatic),Yes,Female,1,No,No
1187,3154-CFSZG,27.4,Médio,"Contrato mensal, Internet fibra óptica, Pagamento por cheque eletrônico, Mensalidade alta",47,Month-to-month,Fiber optic,90.05,4137.2,Electronic check,No,Male,0,Yes,Yes
1188,7009-LGECI,27.4,Médio,"Contrato mensal, Cliente novo (≤12 meses)",4,Month-to-month,DSL,50.55,235.65,Bank transfer (automatic),Yes,Female,0,No,No
1189,7176-WIONM,27.4,Médio,"Contrato mensal, Cliente novo (≤12 meses)",12,Month-to-month,DSL,49.85,617.15,Bank transfer (automatic),Yes,Female,0,Yes,No
1190,4010-YLMVT,27.4,Médio,"Contrato mensal, Internet fibra óptica, Mensalidade alta",56,Month-to-month,Fiber optic,106.6,5893.95,Credit card (automatic),Yes,Female,0,No,No
1191,8455-HIRAQ,27.4,Médio,"Contrato mensal, Cliente novo (≤12 meses)",8,Month-to-month,DSL,44.45,369.3,Mailed check,No,Female,0,No,No
1192,9777-WJJPR,27.3,Médio,"Contrato mensal, Internet fibra óptica, Mensalidade alta",31,Month-to-month,Fiber optic,88.65,2683.2,Credit card (automatic),No,Male,0,Yes,No
1193,6917-IAYHD,27.3,Médio,"Contrato mensal, Cliente novo (≤12 meses)",1,Month-to-month,DSL,33.6,33.6,Mailed check,No,Male,0,No,Yes
1194,4320-QMLLA,27.3,Médio,"Contrato mensal, Cliente novo (≤12 meses)",7,Month-to-month,DSL,54.85,370.4,Mailed check,No,Male,0,No,No
1195,2181-UAESM,27.3,Médio,"Contrato mensal, Cliente novo (≤12 meses), Pagamento por cheque eletrônico",2,Month-to-month,DSL,53.45,119.5,Electronic check,No,Male,0,No,No
1196,2858-EIMXH,27.2,Médio,"Internet fibra óptica, Mensalidade alta",53,One year,Fiber optic,95.85,5016.25,Credit card (automatic),Yes,Female,1,Yes,No
1197,7030-NJVDP,27.2,Médio,"Contrato mensal, Internet fibra óptica, Pagamento por cheque eletrônico, Mensalidade alta",24,Month-to-month,Fiber optic,89.25,2210.2,Electronic check,Yes,Male,0,Yes,No
1198,8495-PRWFH,27.1,Médio,"Contrato mensal, Pagamento por cheque eletrônico",42,Month-to-month,DSL,55.65,2421.75,Electronic check,No,Female,1,No,No
1199,0924-BJCRC,27.1,Médio,"Contrato mensal, Internet fibra óptica, Pagamento por cheque eletrônico, Mensalidade alta",60,Month-to-month,Fiber optic,89.45,5294.6,Electronic check,No,Female,1,Yes,No
1200,6745-JEFZB,27.1,Médio,"Contrato mensal, Internet fibra óptica, Mensalidade alta",35,Month-to-month,Fiber optic,91.5,3236.35,Credit card (automatic),Yes,Male,0,Yes,No
1201,2257-BOVXD,27.0,Médio,Contrato mensal,14,Month-to-month,DSL,66.6,979.5,Credit card (automatic),Yes,Male,0,Yes,No
1202,7272-QDCKA,27.0,Médio,"Internet fibra óptica, Pagamento por cheque eletrônico, Mensalidade alta",28,One year,Fiber optic,100.2,2688.45,Electronic check,No,Male,0,No,No
1203,3604-WLABM,27.0,Médio,"Contrato mensal, Cliente novo (≤12 meses), Pagamento por cheque eletrônico",10,Month-to-month,DSL,54.25,583.0,Electronic check,No,Female,0,No,No
1204,5188-HGMLP,27.0,Médio,"Contrato mensal, Internet fibra óptica, Mensalidade alta",54,Month-to-month,Fiber optic,74.0,3919.15,Bank transfer (automatic),No,Male,1,Yes,No
1205,2883-ILGWO,27.0,Médio,"Contrato mensal, Internet fibra óptica, Mensalidade alta",57,Month-to-month,Fiber optic,104.9,5913.95,Bank transfer (automatic),Yes,Male,1,No,No
1206,5131-PONJI,27.0,Médio,"Contrato mensal, Internet fibra óptica, Mensalidade alta",49,Month-to-month,Fiber optic,90.4,4494.65,Credit card (automatic),Yes,Male,0,Yes,Yes
1207,8272-ONJLV,27.0,Médio,"Cliente novo (≤12 meses), Internet fibra óptica, Pagamento por cheque eletrônico, Mensalidade alta",12,One year,Fiber optic,95.7,1184.0,Electronic check,No,Male,0,No,No
1208,0899-WZRSD,26.9,Médio,"Contrato mensal, Internet fibra óptica, Mensalidade alta",56,Month-to-month,Fiber optic,105.35,5794.45,Mailed check,Yes,Male,0,No,No
1209,6133-OZILE,26.9,Médio,"Contrato mensal, Pagamento por cheque eletrônico",18,Month-to-month,DSL,35.2,607.3,Electronic check,Yes,Female,0,No,No
1210,3893-JRNFS,26.8,Médio,Contrato mensal,68,Month-to-month,DSL,39.9,2796.35,Bank transfer (automatic),Yes,Male,0,No,No
1211,9681-KYGYB,26.8,Médio,"Contrato mensal, Internet fibra óptica, Pagamento por cheque eletrônico, Mensalidade alta",49,Month-to-month,Fiber optic,88.2,4159.45,Electronic check,Yes,Male,1,Yes,No
1212,3351-NGXYI,26.8,Médio,"Contrato mensal, Pagamento por cheque eletrônico",16,Month-to-month,DSL,54.1,889.0,Electronic check,Yes,Female,1,No,No
1213,9821-BESNZ,26.8,Médio,"Internet fibra óptica, Pagamento por cheque eletrônico, Mensalidade alta",66,One year,Fiber optic,104.25,6860.6,Electronic check,Yes,Male,0,No,No
1214,4647-XXZAM,26.8,Médio,"Contrato mensal, Cliente novo (≤12 meses)",6,Month-to-month,DSL,45.5,285.2,Mailed check,No,Female,0,Yes,Yes
1215,5156-UMKOW,26.8,Médio,"Contrato mensal, Cliente novo (≤12 meses)",3,Month-to-month,DSL,29.65,90.05,Mailed check,No,Female,0,No,Yes
1216,9481-SFCQY,26.7,Médio,Contrato mensal,14,Month-to-month,DSL,59.8,824.85,Credit card (automatic),Yes,Female,0,No,Yes
1217,7554-AKDQF,26.7,Médio,"Contrato mensal, Cliente novo (≤12 meses)",6,Month-to-month,DSL,45.65,323.45,Mailed check,No,Female,0,Yes,No
1218,7426-WEIJX,26.7,Médio,"Contrato mensal, Internet fibra óptica, Pagamento por cheque eletrônico, Mensalidade alta",60,Month-to-month,Fiber optic,80.95,4859.1,Electronic check,Yes,Male,1,Yes,Yes
1219,1559-DTODC,26.7,Médio,Contrato mensal,19,Month-to-month,DSL,25.15,468.35,Bank transfer (automatic),Yes,Male,0,No,No
1220,7798-JVXYM,26.6,Médio,"Contrato mensal, Pagamento por cheque eletrônico",14,Month-to-month,DSL,69.65,921.4,Electronic check,Yes,Female,0,No,No
1221,2586-CWXVV,26.6,Médio,"Contrato mensal, Pagamento por cheque eletrônico",54,Month-to-month,DSL,30.4,1621.35,Electronic check,No,Male,0,Yes,No
1222,5447-WZAFP,26.6,Médio,"Internet fibra óptica, Mensalidade alta",53,One year,Fiber optic,100.3,5200.8,Mailed check,Yes,Female,0,No,No
1223,0380-NEAVX,26.6,Médio,"Internet fibra óptica, Pagamento por cheque eletrônico, Mensalidade alta",34,One year,Fiber optic,99.85,3343.15,Electronic check,Yes,Male,1,No,No
1224,5716-LIBJC,26.6,Médio,"Internet fibra óptica, Mensalidade alta",13,One year,Fiber optic,104.15,1299.1,Credit card (automatic),Yes,Female,0,No,Yes
1225,1357-BIJKI,26.6,Médio,"Internet fibra óptica, Pagamento por cheque eletrônico, Mensalidade alta",50,One year,Fiber optic,98.25,4858.7,Electronic check,Yes,Male,0,Yes,No
1226,6029-CSMJE,26.5,Médio,Contrato mensal,17,Month-to-month,DSL,25.65,440.2,Mailed check,Yes,Male,0,No,No
1227,0139-IVFJG,26.5,Médio,"Contrato mensal, Cliente novo (≤12 meses), Internet fibra óptica, Pagamento por cheque eletrônico, Mensalidade alta",2,Month-to-month,Fiber optic,90.35,190.5,Electronic check,No,Female,0,Yes,No
1228,8979-CAMGB,26.5,Médio,"Internet fibra óptica, Pagamento por cheque eletrônico, Mensalidade alta",64,One year,Fiber optic,102.1,6688.1,Electronic check,No,Male,1,No,No
1229,3011-WQKSZ,26.5,Médio,"Contrato mensal, Pagamento por cheque eletrônico",19,Month-to-month,No,20.0,377.55,Electronic check,Yes,Male,0,No,Yes
1230,6300-BWMJX,26.4,Médio,"Contrato mensal, Internet fibra óptica, Pagamento por cheque eletrônico, Mensalidade alta",59,Month-to-month,Fiber optic,93.35,5386.5,Electronic check,No,Female,0,Yes,No
1231,2924-KHUVI,26.4,Médio,"Internet fibra óptica, Pagamento por cheque eletrônico, Mensalidade alta",56,One year,Fiber optic,100.55,5514.95,Electronic check,Yes,Male,0,Yes,No
1232,3323-CPBWR,26.4,Médio,"Contrato mensal, Internet fibra óptica, Mensalidade alta",23,Month-to-month,Fiber optic,96.9,2085.45,Credit card (automatic),Yes,Male,0,No,No
1233,4007-NHVHI,26.4,Médio,"Contrato mensal, Internet fibra óptica, Pagamento por cheque eletrônico, Mensalidade alta",56,Month-to-month,Fiber optic,96.85,5219.65,Electronic check,Yes,Female,1,No,No
1234,2346-DJQTB,26.3,Médio,"Contrato mensal, Pagamento por cheque eletrônico",35,Month-to-month,DSL,24.15,812.5,Electronic check,No,Female,0,No,No
1235,5868-YTYKS,26.2,Médio,"Contrato mensal, Cliente novo (≤12 meses)",1,Month-to-month,No,20.25,20.25,Mailed check,Yes,Male,0,No,Yes
1236,7572-KPVKK,26.2,Médio,"Internet fibra óptica, Pagamento por cheque eletrônico, Mensalidade alta",62,Two year,Fiber optic,104.05,6590.5,Electronic check,Yes,Male,0,No,Yes
1237,5035-PGZXH,26.2,Médio,"Internet fibra óptica, Pagamento por cheque eletrônico, Mensalidade alta",56,One year,Fiber optic,106.8,5914.4,Electronic check,Yes,Female,0,No,No
1238,7621-VPNET,26.2,Médio,"Contrato mensal, Internet fibra óptica, Mensalidade alta",42,Month-to-month,Fiber optic,85.9,3729.75,Credit card (automatic),Yes,Female,0,Yes,No
1239,0567-GGCAC,26.2,Médio,"Contrato mensal, Cliente novo (≤12 meses), Pagamento por cheque eletrônico",7,Month-to-month,DSL,61.4,438.9,Electronic check,No,Female,0,No,No
1240,9873-MNDKV,26.2,Médio,"Contrato mensal, Cliente novo (≤12 meses)",11,Month-to-month,DSL,44.65,472.25,Mailed check,Yes,Female,0,No,No
1241,2480-EJWYP,26.2,Médio,"Internet fibra óptica, Mensalidade alta",58,One year,Fiber optic,97.8,5458.8,Bank transfer (automatic),Yes,Female,1,Yes,No
1242,1074-AMIOH,26.1,Médio,"Contrato mensal, Internet fibra óptica, Mensalidade alta",53,Month-to-month,Fiber optic,108.25,5935.1,Bank transfer (automatic),Yes,Female,0,Yes,Yes
1243,0060-FUALY,26.1,Médio,"Contrato mensal, Internet fibra óptica, Pagamento por cheque eletrônico, Mensalidade alta",59,Month-to-month,Fiber optic,94.75,5597.65,Electronic check,Yes,Female,0,Yes,No
1244,4672-FOTSD,26.1,Médio,"Contrato mensal, Cliente novo (≤12 meses), Pagamento por cheque eletrônico",12,Month-to-month,DSL,67.25,832.3,Electronic check,Yes,Male,0,No,No
1245,7634-WSWDB,26.1,Médio,"Contrato mensal, Cliente novo (≤12 meses), Pagamento por cheque eletrônico",8,Month-to-month,DSL,38.5,330.8,Electronic check,Yes,Female,0,No,Yes
1246,9975-SKRNR,26.0,Médio,"Contrato mensal, Cliente novo (≤12 meses)",1,Month-to-month,No,18.9,18.9,Mailed check,No,Male,0,No,No
1247,8982-NHAVY,26.0,Médio,"Internet fibra óptica, Mensalidade alta",27,One year,Fiber optic,100.5,2673.45,Bank transfer (automatic),Yes,Male,0,No,No
1248,1169-SAOCL,26.0,Médio,"Internet fibra óptica, Mensalidade alta",49,One year,Fiber optic,106.65,5168.1,Bank transfer (automatic),Yes,Male,0,No,No
1249,7268-IGMFD,26.0,Médio,"Contrato mensal, Internet fibra óptica, Mensalidade alta",18,Month-to-month,Fiber optic,93.9,1743.9,Bank transfer (automatic),No,Male,1,No,No
1250,6874-SGLHU,26.0,Médio,"Internet fibra óptica, Mensalidade alta",30,One year,Fiber optic,97.0,3021.3,Bank transfer (automatic),Yes,Male,0,No,No
1251,6353-BRMMA,26.0,Médio,"Contrato mensal, Internet fibra óptica, Mensalidade alta",54,Month-to-month,Fiber optic,104.1,5645.8,Bank transfer (automatic),Yes,Female,0,Yes,Yes
1252,0708-LGSMF,26.0,Médio,"Contrato mensal, Pagamento por cheque eletrônico",13,Month-to-month,DSL,65.85,902.25,Electronic check,Yes,Male,0,Yes,No
1253,0327-WFZSY,25.9,Médio,"Internet fibra óptica, Pagamento por cheque eletrônico, Mensalidade alta",39,One year,Fiber optic,100.0,3835.55,Electronic check,No,Male,0,Yes,Yes
1254,9013-AQORL,25.9,Médio,Contrato mensal,48,Month-to-month,DSL,45.55,2108.35,Credit card (automatic),No,Female,0,No,Yes
1255,5213-TWWJU,25.9,Médio,"Contrato mensal, Internet fibra óptica, Pagamento por cheque eletrônico, Mensalidade alta",28,Month-to-month,Fiber optic,91.0,2626.15,Electronic check,No,Male,0,No,No
1256,8623-ULFNQ,25.9,Médio,"Contrato mensal, Pagamento por cheque eletrônico",26,Month-to-month,DSL,66.05,1652.4,Electronic check,Yes,Female,1,No,No
1257,7449-HVPIV,25.9,Médio,"Contrato mensal, Internet fibra óptica, Mensalidade alta",55,Month-to-month,Fiber optic,90.4,5099.15,Credit card (automatic),Yes,Male,0,Yes,Yes
1258,0541-FITGH,25.8,Médio,"Contrato mensal, Cliente novo (≤12 meses)",2,Month-to-month,DSL,62.15,113.1,Mailed check,Yes,Female,0,Yes,No
1259,2988-GBIVW,25.8,Médio,"Contrato mensal, Internet fibra óptica, Pagamento por cheque eletrônico, Mensalidade alta",70,Month-to-month,Fiber optic,90.85,6470.1,Electronic check,Yes,Female,1,Yes,No
1260,9708-HPXWZ,25.8,Médio,"Contrato mensal, Cliente novo (≤12 meses)",5,Month-to-month,DSL,45.4,214.75,Credit card (automatic),No,Male,1,No,No
1261,4280-DLSHD,25.8,Médio,"Contrato mensal, Cliente novo (≤12 meses)",8,Month-to-month,DSL,54.75,445.85,Mailed check,Yes,Male,0,Yes,No
1262,9921-EZKBY,25.8,Médio,"Contrato mensal, Internet fibra óptica, Mensalidade alta",33,Month-to-month,Fiber optic,95.3,3275.15,Bank transfer (automatic),Yes,Male,0,No,Yes
1263,2519-LBNQL,25.7,Médio,"Internet fibra óptica, Pagamento por cheque eletrônico, Mensalidade alta",60,One year,Fiber optic,104.35,6339.45,Electronic check,Yes,Male,1,Yes,No
1264,3528-HFRIQ,25.7,Médio,Contrato mensal,71,Month-to-month,DSL,52.3,3765.05,Bank transfer (automatic),Yes,Male,1,Yes,No
1265,6985-HAYWX,25.7,Médio,"Contrato mensal, Internet fibra óptica, Mensalidade alta",26,Month-to-month,Fiber optic,79.3,2015.8,Bank transfer (automatic),No,Female,0,Yes,No
1266,5071-FBJFS,25.7,Médio,"Contrato mensal, Cliente novo (≤12 meses), Pagamento por cheque eletrônico",4,Month-to-month,DSL,50.3,217.1,Electronic check,No,Female,0,Yes,Yes
1267,8868-GAGIO,25.7,Médio,"Contrato mensal, Internet fibra óptica, Mensalidade alta",45,Month-to-month,Fiber optic,84.55,3713.95,Mailed check,Yes,Male,0,Yes,No
1268,1024-KPRBB,25.7,Médio,"Internet fibra óptica, Mensalidade alta",38,One year,Fiber optic,89.1,3342.0,Mailed check,Yes,Female,0,No,No
1269,9828-QHFBK,25.7,Médio,"Contrato mensal, Pagamento por cheque eletrônico",24,Month-to-month,DSL,51.15,1275.7,Electronic check,Yes,Male,0,No,No
1270,3062-ICYZQ,25.7,Médio,"Contrato mensal, Internet fibra óptica, Pagamento por cheque eletrônico, Mensalidade alta",51,Month-to-month,Fiber optic,93.8,4539.35,Electronic check,Yes,Female,0,Yes,Yes
1271,6773-LQTVT,25.6,Médio,Contrato mensal,29,Month-to-month,DSL,35.65,1025.15,Mailed check,Yes,Female,1,Yes,Yes
1272,8807-ARQET,25.6,Médio,"Contrato mensal, Pagamento por cheque eletrônico",41,Month-to-month,DSL,40.35,1677.85,Electronic check,Yes,Female,0,No,No
1273,2001-MCUUW,25.6,Médio,"Internet fibra óptica, Pagamento por cheque eletrônico, Mensalidade alta",46,Two year,Fiber optic,108.65,4903.2,Electronic check,No,Male,0,No,No
1274,7722-CVFXN,25.6,Médio,"Internet fibra óptica, Pagamento por cheque eletrônico, Mensalidade alta",54,One year,Fiber optic,105.2,5637.85,Electronic check,Yes,Male,0,Yes,Yes
1275,0423-UDIJQ,25.6,Médio,"Contrato mensal, Cliente novo (≤12 meses)",9,Month-to-month,DSL,49.2,447.9,Mailed check,No,Male,1,No,No
1276,8205-MQUGY,25.6,Médio,"Contrato mensal, Cliente novo (≤12 meses), Pagamento por cheque eletrônico",12,Month-to-month,DSL,49.2,571.15,Electronic check,Yes,Male,0,Yes,Yes
1277,6629-LADHQ,25.6,Médio,"Contrato mensal, Cliente novo (≤12 meses)",2,Month-to-month,DSL,50.95,123.05,Mailed check,No,Female,0,No,No
1278,2267-WTPYD,25.6,Médio,"Contrato mensal, Internet fibra óptica, Mensalidade alta",57,Month-to-month,Fiber optic,94.0,5438.95,Credit card (automatic),No,Female,1,Yes,No
1279,4016-BJKTZ,25.5,Médio,"Internet fibra óptica, Pagamento por cheque eletrônico, Mensalidade alta",25,Two year,Fiber optic,108.9,2809.05,Electronic check,No,Female,0,No,No
1280,8096-LOIST,25.5,Médio,"Contrato mensal, Pagamento por cheque eletrônico",19,Month-to-month,DSL,56.2,1093.4,Electronic check,Yes,Female,0,No,No
1281,8920-NAVAY,25.5,Médio,"Internet fibra óptica, Mensalidade alta",62,One year,Fiber optic,110.75,7053.35,Bank transfer (automatic),Yes,Male,1,No,No
1282,2455-USLMV,25.5,Médio,"Contrato mensal, Internet fibra óptica, Mensalidade alta",31,Month-to-month,Fiber optic,84.75,2613.4,Credit card (automatic),Yes,Female,0,No,No
1283,1956-YIFGE,25.5,Médio,"Internet fibra óptica, Mensalidade alta",22,One year,Fiber optic,100.05,2090.25,Mailed check,Yes,Male,0,Yes,Yes
1284,4188-FRABG,25.4,Médio,"Contrato mensal, Internet fibra óptica, Pagamento por cheque eletrônico, Mensalidade alta",57,Month-to-month,Fiber optic,103.05,5925.75,Electronic check,Yes,Male,0,Yes,No
1285,3567-PQTSO,25.4,Médio,"Internet fibra óptica, Pagamento por cheque eletrônico, Mensalidade alta",53,One year,Fiber optic,105.25,5576.3,Electronic check,Yes,Male,0,Yes,Yes
1286,5201-FRKKS,25.4,Médio,"Contrato mensal, Internet fibra óptica, Mensalidade alta",25,Month-to-month,Fiber optic,74.3,1952.25,Bank transfer (automatic),No,Male,0,No,No
1287,3584-WKTTW,25.4,Médio,"Internet fibra óptica, Pagamento por cheque eletrônico, Mensalidade alta",51,One year,Fiber optic,111.55,5720.35,Electronic check,Yes,Male,0,Yes,No
1288,2074-GUHPQ,25.4,Médio,"Contrato mensal, Internet fibra óptica, Mensalidade alta",17,Month-to-month,Fiber optic,92.7,1556.85,Credit card (automatic),Yes,Female,0,No,Yes
1289,7130-YXBRO,25.4,Médio,"Contrato mensal, Internet fibra óptica, Mensalidade alta",48,Month-to-month,Fiber optic,111.45,5315.1,Bank transfer (automatic),Yes,Male,0,Yes,No
1290,6952-OMNWB,25.4,Médio,"Contrato mensal, Internet fibra óptica, Mensalidade alta",68,Month-to-month,Fiber optic,80.35,5589.3,Credit card (automatic),Yes,Male,1,Yes,No
1291,3345-PBBFH,25.3,Médio,"Contrato mensal, Cliente novo (≤12 meses)",8,Month-to-month,DSL,49.55,393.45,Bank transfer (automatic),Yes,Male,0,Yes,No
1292,5146-CBVOE,25.3,Médio,"Contrato mensal, Internet fibra óptica, Mensalidade alta",16,Month-to-month,Fiber optic,75.1,1212.85,Bank transfer (automatic),No,Female,0,No,No
1293,0975-VOOVL,25.2,Médio,"Contrato mensal, Cliente novo (≤12 meses)",3,Month-to-month,DSL,29.2,98.5,Mailed check,No,Female,0,No,No
1294,3572-UOLYZ,25.2,Médio,"Contrato mensal, Internet fibra óptica, Mensalidade alta",46,Month-to-month,Fiber optic,84.8,3958.85,Bank transfer (automatic),Yes,Female,0,No,Yes
1295,9097-ZUBYC,25.1,Médio,Contrato mensal,14,Month-to-month,DSL,48.8,664.4,Bank transfer (automatic),No,Male,0,Yes,No
1296,2085-BOJKI,25.1,Médio,"Internet fibra óptica, Mensalidade alta",17,One year,Fiber optic,96.65,1588.25,Bank transfer (automatic),Yes,Male,0,Yes,No
1297,7398-LXGYX,25.1,Médio,"Contrato mensal, Internet fibra óptica, Mensalidade alta",44,Month-to-month,Fiber optic,84.8,3626.35,Credit card (automatic),Yes,Male,0,Yes,No
1298,6333-YDVLT,25.1,Médio,"Internet fibra óptica, Mensalidade alta",65,One year,Fiber optic,110.0,7138.65,Credit card (automatic),Yes,Male,0,No,No
1299,2272-UOINI,25.1,Médio,"Contrato mensal, Cliente novo (≤12 meses), Pagamento por cheque eletrônico, Mensalidade alta",7,Month-to-month,DSL,78.5,571.05,Electronic check,Yes,Female,0,No,No
1300,2325-WINES,25.0,Médio,"Internet fibra óptica, Mensalidade alta",32,One year,Fiber optic,104.05,3416.85,Credit card (automatic),Yes,Female,0,No,No
1301,1600-DILPE,25.0,Médio,"Contrato mensal, Cliente novo (≤12 meses)",12,Month-to-month,DSL,45.0,524.35,Bank transfer (automatic),Yes,Female,0,No,No
1302,3692-JHONH,25.0,Médio,"Internet fibra óptica, Pagamento por cheque eletrônico, Mensalidade alta",52,One year,Fiber optic,106.5,5621.85,Electronic check,Yes,Female,1,Yes,No
1303,5740-YHGTW,25.0,Médio,"Contrato mensal, Internet fibra óptica, Mensalidade alta",70,Month-to-month,Fiber optic,97.55,6669.05,Credit card (automatic),Yes,Male,0,Yes,Yes
1304,5981-ZVXOT,25.0,Médio,"Internet fibra óptica, Pagamento por cheque eletrônico, Mensalidade alta",35,One year,Fiber optic,108.35,3726.15,Electronic check,Yes,Female,1,No,No
1305,7077-XJMET,25.0,Baixo,"Contrato mensal, Cliente novo (≤12 meses), Pagamento por cheque eletrônico, Mensalidade alta",12,Month-to-month,DSL,74.15,741.4,Electronic check,Yes,Male,0,Yes,No
1306,5067-XJQFU,24.9,Baixo,"Internet fibra óptica, Pagamento por cheque eletrônico, Mensalidade alta",66,One year,Fiber optic,108.45,7076.35,Electronic check,Yes,Male,1,Yes,Yes
1307,6578-KRMAW,24.9,Baixo,"Contrato mensal, Internet fibra óptica, Mensalidade alta",32,Month-to-month,Fiber optic,93.4,2979.3,Credit card (automatic),Yes,Male,0,No,No
1308,1925-LFCZZ,24.9,Baixo,—,55,One year,DSL,50.05,2743.45,Bank transfer (automatic),Yes,Male,1,No,No
1309,8095-WANWK,24.9,Baixo,"Contrato mensal, Cliente novo (≤12 meses)",10,Month-to-month,DSL,45.25,428.7,Mailed check,No,Female,0,No,No
1310,3865-QBWSJ,24.8,Baixo,"Contrato mensal, Internet fibra óptica, Mensalidade alta",38,Month-to-month,Fiber optic,80.45,3162.65,Mailed check,Yes,Male,1,No,Yes
1311,2796-UUZZO,24.8,Baixo,"Contrato mensal, Internet fibra óptica, Mensalidade alta",63,Month-to-month,Fiber optic,80.3,4896.35,Credit card (automatic),Yes,Male,0,Yes,Yes
1312,3694-DELSO,24.8,Baixo,"Contrato mensal, Cliente novo (≤12 meses)",4,Month-to-month,DSL,38.55,156.1,Credit card (automatic),No,Male,0,Yes,Yes
1313,0595-ITUDF,24.8,Baixo,"Contrato mensal, Internet fibra óptica, Pagamento por cheque eletrônico, Mensalidade alta",64,Month-to-month,Fiber optic,91.8,5960.5,Electronic check,Yes,Male,0,Yes,Yes
1314,5206-XZZQI,24.8,Baixo,"Contrato mensal, Internet fibra óptica, Mensalidade alta",53,Month-to-month,Fiber optic,80.6,4348.1,Mailed check,Yes,Male,0,No,No
1315,3137-LUPIX,24.8,Baixo,"Contrato mensal, Cliente novo (≤12 meses)",4,Month-to-month,DSL,64.4,253.0,Mailed check,Yes,Female,0,No,No
1316,9026-LHEVG,24.8,Baixo,"Contrato mensal, Cliente novo (≤12 meses), Pagamento por cheque eletrônico",9,Month-to-month,DSL,40.75,359.4,Electronic check,No,Female,0,No,No
1317,8552-OBVRU,24.8,Baixo,"Contrato mensal, Internet fibra óptica, Pagamento por cheque eletrônico, Mensalidade alta",48,Month-to-month,Fiber optic,104.5,5068.05,Electronic check,Yes,Female,1,Yes,Yes
1318,3645-DEYGF,24.7,Baixo,"Contrato mensal, Cliente novo (≤12 meses)",1,Month-to-month,No,20.75,20.75,Mailed check,No,Male,0,No,Yes
1319,2828-SLQPF,24.7,Baixo,Contrato mensal,19,Month-to-month,DSL,45.0,865.85,Bank transfer (automatic),Yes,Male,0,No,No
1320,1394-SUIUH,24.7,Baixo,"Contrato mensal, Internet fibra óptica, Pagamento por cheque eletrônico, Mensalidade alta",44,Month-to-month,Fiber optic,85.15,3670.5,Electronic check,Yes,Female,1,Yes,No
1321,8905-IAZPF,24.7,Baixo,"Internet fibra óptica, Mensalidade alta",69,One year,Fiber optic,95.65,6744.2,Credit card (automatic),Yes,Female,0,Yes,No
1322,6646-JPPHA,24.7,Baixo,"Contrato mensal, Internet fibra óptica, Pagamento por cheque eletrônico, Mensalidade alta",14,Month-to-month,Fiber optic,78.85,1043.8,Electronic check,No,Female,1,No,No
1323,7742-MYPGI,24.7,Baixo,"Contrato mensal, Cliente novo (≤12 meses)",6,Month-to-month,DSL,48.8,297.35,Mailed check,Yes,Female,0,Yes,Yes
1324,2731-GJRDG,24.7,Baixo,"Internet fibra óptica, Mensalidade alta",32,One year,Fiber optic,109.55,3608.0,Bank transfer (automatic),Yes,Female,0,No,No
1325,6897-UUBNU,24.6,Baixo,"Contrato mensal, Internet fibra óptica, Mensalidade alta",29,Month-to-month,Fiber optic,89.65,2623.65,Mailed check,No,Male,0,No,No
1326,3808-HFKDE,24.6,Baixo,"Contrato mensal, Pagamento por cheque eletrônico",20,Month-to-month,DSL,44.35,927.15,Electronic check,Yes,Female,0,No,No
1327,7245-JMTTQ,24.6,Baixo,"Internet fibra óptica, Pagamento por cheque eletrônico, Mensalidade alta",51,One year,Fiber optic,111.5,5703.25,Electronic check,Yes,Female,0,No,No
1328,7880-XSOJX,24.6,Baixo,"Contrato mensal, Cliente novo (≤12 meses)",4,Month-to-month,DSL,42.4,146.4,Mailed check,No,Male,0,No,No
1329,1049-FYSYG,24.6,Baixo,Contrato mensal,17,Month-to-month,DSL,35.65,646.05,Credit card (automatic),Yes,Female,0,Yes,No
1330,4391-LNRXK,24.5,Baixo,"Contrato mensal, Internet fibra óptica, Mensalidade alta",22,Month-to-month,Fiber optic,94.95,2142.8,Bank transfer (automatic),Yes,Male,0,No,No
1331,9391-YZEJW,24.5,Baixo,"Internet fibra óptica, Mensalidade alta",62,One year,Fiber optic,94.0,5757.2,Bank transfer (automatic),Yes,Female,0,No,No
1332,0215-BQKGS,24.5,Baixo,"Contrato mensal, Internet fibra óptica, Mensalidade alta",30,Month-to-month,Fiber optic,84.3,2438.6,Credit card (automatic),Yes,Male,0,No,No
1333,8885-QSQBX,24.4,Baixo,"Contrato mensal, Cliente novo (≤12 meses)",1,Month-to-month,DSL,49.55,49.55,Bank transfer (automatic),No,Female,0,No,No
1334,1848-LBZHY,24.4,Baixo,"Contrato mensal, Cliente novo (≤12 meses)",7,Month-to-month,DSL,50.3,355.1,Bank transfer (automatic),Yes,Female,0,Yes,No
1335,1428-IEDPR,24.4,Baixo,"Internet fibra óptica, Pagamento por cheque eletrônico, Mensalidade alta",52,Two year,Fiber optic,109.3,5731.4,Electronic check,Yes,Male,0,No,No
1336,4070-OKWVH,24.4,Baixo,"Contrato mensal, Internet fibra óptica, Mensalidade alta",52,Month-to-month,Fiber optic,94.6,5025.8,Bank transfer (automatic),No,Female,0,Yes,No
1337,5568-DMXZS,24.4,Baixo,"Contrato mensal, Cliente novo (≤12 meses), Pagamento por cheque eletrônico",8,Month-to-month,DSL,65.45,554.45,Electronic check,Yes,Female,0,No,No
1338,7629-WIXZF,24.3,Baixo,"Cliente novo (≤12 meses), Pagamento por cheque eletrônico",7,One year,DSL,59.1,369.25,Electronic check,Yes,Female,0,No,No
1339,6559-RAKOZ,24.3,Baixo,"Internet fibra óptica, Pagamento por cheque eletrônico, Mensalidade alta",49,One year,Fiber optic,97.95,4917.9,Electronic check,Yes,Male,0,Yes,Yes
1340,7395-XWZOY,24.3,Baixo,Contrato mensal,20,Month-to-month,DSL,55.0,1165.55,Credit card (automatic),Yes,Male,0,No,No
1341,8388-FYNPZ,24.3,Baixo,"Contrato mensal, Cliente novo (≤12 meses), Pagamento por cheque eletrônico",4,Month-to-month,DSL,56.75,245.15,Electronic check,No,Male,0,No,No
1342,8344-WFMFH,24.3,Baixo,"Contrato mensal, Cliente novo (≤12 meses), Pagamento por cheque eletrônico",9,Month-to-month,DSL,50.1,484.05,Electronic check,Yes,Male,0,No,Yes
1343,8069-YQQAJ,24.3,Baixo,Contrato mensal,14,Month-to-month,DSL,31.1,419.7,Mailed check,Yes,Male,0,No,No
1344,5651-CPDND,24.3,Baixo,"Contrato mensal, Cliente novo (≤12 meses)",10,Month-to-month,DSL,46.0,492.1,Mailed check,No,Male,0,No,No
1345,2826-DXLQO,24.3,Baixo,"Contrato mensal, Cliente novo (≤12 meses)",7,Month-to-month,DSL,29.8,220.45,Bank transfer (automatic),No,Male,1,Yes,No
1346,5285-MVEHD,24.2,Baixo,"Internet fibra óptica, Mensalidade alta",56,One year,Fiber optic,105.6,6068.65,Credit card (automatic),Yes,Female,0,Yes,No
1347,2806-MLNTI,24.2,Baixo,"Internet fibra óptica, Mensalidade alta",52,One year,Fiber optic,105.1,5376.4,Bank transfer (automatic),Yes,Male,1,Yes,No
1348,1550-EENBN,24.2,Baixo,"Contrato mensal, Internet fibra óptica, Pagamento por cheque eletrônico, Mensalidade alta",31,Month-to-month,Fiber optic,104.35,3205.6,Electronic check,No,Female,0,No,No
1349,0295-QVKPB,24.2,Baixo,"Contrato mensal, Cliente novo (≤12 meses)",5,Month-to-month,DSL,63.95,318.1,Credit card (automatic),Yes,Male,0,No,No
1350,7993-NQLJE,24.1,Baixo,"Contrato mensal, Internet fibra óptica, Mensalidade alta",15,Month-to-month,Fiber optic,75.1,1151.55,Mailed check,No,Male,0,Yes,Yes
1351,0481-SUMCB,24.1,Baixo,"Internet fibra óptica, Mensalidade alta",45,One year,Fiber optic,102.15,4735.35,Bank transfer (automatic),Yes,Female,1,No,No
1352,2195-VVRJF,24.1,Baixo,Contrato mensal,18,Month-to-month,DSL,59.1,1011.05,Credit card (automatic),Yes,Male,1,Yes,No
1353,9591-YVTEB,24.1,Baixo,"Contrato mensal, Pagamento por cheque eletrônico",55,Month-to-month,DSL,44.85,2479.05,Electronic check,Yes,Male,1,No,No
1354,5846-QFDFI,24.1,Baixo,"Contrato mensal, Internet fibra óptica, Mensalidade alta",33,Month-to-month,Fiber optic,88.6,2888.7,Credit card (automatic),No,Female,0,Yes,Yes
1355,3946-JEWRQ,24.1,Baixo,"Internet fibra óptica, Mensalidade alta",47,One year,Fiber optic,95.2,4563.0,Credit card (automatic),Yes,Male,0,Yes,No
1356,4450-MDZFX,24.1,Baixo,"Contrato mensal, Internet fibra óptica, Mensalidade alta",60,Month-to-month,Fiber optic,74.35,4453.3,Bank transfer (automatic),No,Male,0,Yes,Yes
1357,8791-GFXLZ,24.1,Baixo,"Contrato mensal, Cliente novo (≤12 meses)",12,Month-to-month,DSL,49.05,593.05,Bank transfer (automatic),Yes,Male,0,No,No
1358,7351-KYHQH,24.1,Baixo,"Contrato mensal, Cliente novo (≤12 meses), Pagamento por cheque eletrônico",7,Month-to-month,DSL,64.95,493.65,Electronic check,Yes,Female,1,No,No
1359,7776-QGYJC,24.1,Baixo,"Contrato mensal, Internet fibra óptica, Mensalidade alta",39,Month-to-month,Fiber optic,81.5,3107.3,Bank transfer (automatic),Yes,Female,0,Yes,Yes
1360,4176-FXYBO,24.1,Baixo,"Contrato mensal, Internet fibra óptica, Pagamento por cheque eletrônico, Mensalidade alta",54,Month-to-month,Fiber optic,109.55,6118.95,Electronic check,No,Male,0,Yes,No
1361,5701-ZIKJE,24.0,Baixo,Contrato mensal,13,Month-to-month,DSL,50.55,610.75,Mailed check,Yes,Male,0,No,No
1362,1867-TJHTS,24.0,Baixo,"Contrato mensal, Internet fibra óptica, Mensalidade alta",58,Month-to-month,Fiber optic,79.8,4526.85,Bank transfer (automatic),Yes,Female,0,No,No
1363,0422-UXFAP,24.0,Baixo,"Internet fibra óptica, Pagamento por cheque eletrônico, Mensalidade alta",51,One year,Fiber optic,98.85,4947.55,Electronic check,Yes,Female,0,Yes,No
1364,4459-BBGHE,24.0,Baixo,"Contrato mensal, Pagamento por cheque eletrônico",30,Month-to-month,DSL,44.5,1307.8,Electronic check,Yes,Male,0,No,Yes
1365,2133-TSRRM,24.0,Baixo,"Contrato mensal, Internet fibra óptica, Mensalidade alta",34,Month-to-month,Fiber optic,105.35,3688.6,Bank transfer (automatic),Yes,Female,0,No,Yes
1366,0237-YFUTL,24.0,Baixo,"Contrato mensal, Internet fibra óptica, Mensalidade alta",50,Month-to-month,Fiber optic,109.65,5405.8,Bank transfer (automatic),Yes,Female,0,Yes,No
1367,9137-UIYPG,23.9,Baixo,"Contrato mensal, Internet fibra óptica, Pagamento por cheque eletrônico, Mensalidade alta",35,Month-to-month,Fiber optic,106.9,3756.45,Electronic check,Yes,Female,0,Yes,Yes
1368,6128-DAFVY,23.9,Baixo,Contrato mensal,56,Month-to-month,DSL,44.85,2564.95,Credit card (automatic),Yes,Female,0,No,No
1369,4310-KEDTB,23.9,Baixo,Contrato mensal,26,Month-to-month,DSL,29.8,786.5,Mailed check,Yes,Female,0,No,Yes
1370,7658-UYUQS,23.8,Baixo,"Contrato mensal, Internet fibra óptica, Mensalidade alta",21,Month-to-month,Fiber optic,86.55,1857.25,Bank transfer (automatic),No,Male,1,Yes,No
1371,6253-WRFHY,23.8,Baixo,Pagamento por cheque eletrônico,13,One year,DSL,64.75,877.35,Electronic check,Yes,Male,0,Yes,Yes
1372,3717-OFRTN,23.8,Baixo,"Contrato mensal, Cliente novo (≤12 meses)",1,Month-to-month,No,19.75,19.75,Bank transfer (automatic),No,Male,0,No,No
1373,1194-SPVSP,23.8,Baixo,"Contrato mensal, Cliente novo (≤12 meses)",1,Month-to-month,No,19.65,19.65,Bank transfer (automatic),No,Male,0,No,No
1374,4819-HJPIW,23.8,Baixo,Contrato mensal,18,Month-to-month,DSL,25.15,476.8,Mailed check,No,Male,0,No,No
1375,2599-CZABP,23.8,Baixo,Pagamento por cheque eletrônico,14,One year,DSL,44.6,641.25,Electronic check,No,Male,0,Yes,No
1376,9169-BSVIN,23.8,Baixo,"Contrato mensal, Cliente novo (≤12 meses), Mensalidade alta",12,Month-to-month,DSL,74.75,827.05,Bank transfer (automatic),No,Male,0,No,No
1377,5630-AHZIL,23.7,Baixo,"Contrato mensal, Cliente novo (≤12 meses)",3,Month-to-month,DSL,64.5,177.4,Bank transfer (automatic),Yes,Female,0,No,Yes
1378,5027-YOCXN,23.7,Baixo,"Internet fibra óptica, Mensalidade alta",51,One year,Fiber optic,110.05,5686.4,Credit card (automatic),No,Male,0,Yes,Yes
1379,2293-IJWPS,23.7,Baixo,"Internet fibra óptica, Mensalidade alta",57,One year,Fiber optic,100.75,5985.0,Credit card (automatic),Yes,Female,0,Yes,No
1380,5311-IHLEI,23.7,Baixo,"Contrato mensal, Cliente novo (≤12 meses)",12,Month-to-month,DSL,50.95,605.75,Bank transfer (automatic),Yes,Male,0,No,No
1381,5339-TJFEK,23.6,Baixo,"Contrato mensal, Internet fibra óptica, Pagamento por cheque eletrônico, Mensalidade alta",62,Month-to-month,Fiber optic,105.5,6487.2,Electronic check,Yes,Male,0,Yes,Yes
1382,7421-ZLUPA,23.6,Baixo,"Contrato mensal, Cliente novo (≤12 meses)",8,Month-to-month,DSL,29.25,226.95,Mailed check,Yes,Female,0,No,No
1383,8564-LDKFL,23.6,Baixo,"Internet fibra óptica, Mensalidade alta",40,One year,Fiber optic,106.0,4178.65,Bank transfer (automatic),Yes,Male,0,Yes,No
1384,4881-JVQOD,23.6,Baixo,"Contrato mensal, Cliente novo (≤12 meses)",10,Month-to-month,DSL,34.55,362.6,Bank transfer (automatic),Yes,Male,1,Yes,Yes
1385,8190-ZTQFB,23.6,Baixo,Pagamento por cheque eletrônico,41,One year,DSL,51.35,2075.1,Electronic check,Yes,Male,0,No,No
1386,7611-YKYTC,23.5,Baixo,"Contrato mensal, Internet fibra óptica, Mensalidade alta",22,Month-to-month,Fiber optic,75.0,1573.95,Bank transfer (automatic),No,Male,0,Yes,Yes
1387,9233-PSYHO,23.5,Baixo,"Internet fibra óptica, Mensalidade alta",45,One year,Fiber optic,100.15,4459.8,Bank transfer (automatic),Yes,Female,1,No,No
1388,7766-CLTIC,23.5,Baixo,"Contrato mensal, Cliente novo (≤12 meses)",10,Month-to-month,DSL,60.95,629.55,Mailed check,Yes,Female,0,No,No
1389,4226-KKDON,23.5,Baixo,"Contrato mensal, Cliente novo (≤12 meses), Pagamento por cheque eletrônico",8,Month-to-month,DSL,66.65,520.95,Electronic check,Yes,Male,0,No,No
1390,0471-ARVMX,23.5,Baixo,"Internet fibra óptica, Pagamento por cheque eletrônico, Mensalidade alta",62,One year,Fiber optic,104.85,6312.9,Electronic check,Yes,Female,1,Yes,No
1391,7251-LJBQN,23.5,Baixo,"Internet fibra óptica, Mensalidade alta",40,One year,Fiber optic,103.75,4188.4,Credit card (automatic),Yes,Female,1,No,No
1392,3639-XJHKQ,23.5,Baixo,"Contrato mensal, Pagamento por cheque eletrônico",19,Month-to-month,DSL,60.6,1297.8,Electronic check,Yes,Female,0,No,Yes
1393,0512-FLFDW,23.4,Baixo,"Internet fibra óptica, Mensalidade alta",60,One year,Fiber optic,100.5,6029.0,Credit card (automatic),Yes,Female,1,Yes,No
1394,3511-APPBJ,23.4,Baixo,"Internet fibra óptica, Mensalidade alta",23,One year,Fiber optic,99.95,2292.75,Credit card (automatic),Yes,Male,0,No,No
1395,6345-HOVES,23.4,Baixo,Contrato mensal,34,Month-to-month,DSL,25.05,852.7,Bank transfer (automatic),Yes,Male,0,No,No
1396,7516-GMHUV,23.4,Baixo,"Internet fibra óptica, Mensalidade alta",50,Two year,Fiber optic,105.05,5163.3,Credit card (automatic),Yes,Male,1,Yes,No
1397,0799-DDIHE,23.4,Baixo,"Contrato mensal, Pagamento por cheque eletrônico",15,Month-to-month,DSL,46.3,639.45,Electronic check,No,Female,0,Yes,Yes
1398,9505-SQFSW,23.4,Baixo,"Contrato mensal, Cliente novo (≤12 meses)",3,Month-to-month,DSL,40.3,92.5,Mailed check,No,Female,0,Yes,Yes
1399,7921-LMDFQ,23.4,Baixo,"Internet fibra óptica, Mensalidade alta",51,One year,Fiber optic,94.0,4905.75,Bank transfer (automatic),Yes,Male,1,No,No
1400,9396-ZSFLL,23.3,Baixo,Contrato mensal,15,Month-to-month,DSL,48.85,631.4,Mailed check,No,Female,0,No,No
1401,1015-OWJKI,23.3,Baixo,"Contrato mensal, Cliente novo (≤12 meses)",1,Month-to-month,No,19.05,19.05,Mailed check,No,Male,0,No,No
1402,1663-MHLHE,23.3,Baixo,"Contrato mensal, Cliente novo (≤12 meses)",1,Month-to-month,No,19.2,19.2,Mailed check,No,Male,0,No,No
1403,9441-QHEVC,23.3,Baixo,"Contrato mensal, Cliente novo (≤12 meses)",1,Month-to-month,No,19.1,19.1,Mailed check,No,Male,0,No,No
1404,4450-YOOHP,23.3,Baixo,Contrato mensal,39,Month-to-month,DSL,50.65,1905.4,Credit card (automatic),Yes,Female,0,No,No
1405,8152-UOBNY,23.3,Baixo,"Internet fibra óptica, Pagamento por cheque eletrônico, Mensalidade alta",50,One year,Fiber optic,106.8,5347.95,Electronic check,Yes,Female,1,No,No
1406,8267-KFGYD,23.3,Baixo,"Contrato mensal, Cliente novo (≤12 meses)",1,Month-to-month,No,21.05,21.05,Mailed check,Yes,Male,0,No,Yes
1407,8671-KKKOS,23.2,Baixo,"Contrato mensal, Pagamento por cheque eletrônico",46,Month-to-month,DSL,45.55,2062.15,Electronic check,No,Female,0,Yes,No
1408,5921-NGYRH,23.2,Baixo,"Contrato mensal, Internet fibra óptica, Mensalidade alta",64,Month-to-month,Fiber optic,73.55,4764.0,Mailed check,Yes,Male,0,Yes,No
1409,9974-JFBHQ,23.2,Baixo,"Contrato mensal, Internet fibra óptica, Mensalidade alta",64,Month-to-month,Fiber optic,99.15,6171.2,Credit card (automatic),Yes,Male,0,No,Yes
1410,7471-MQPOS,23.2,Baixo,Mensalidade alta,71,One year,DSL,72.9,5139.65,Bank transfer (automatic),Yes,Male,1,Yes,Yes
1411,6569-KTMDU,23.2,Baixo,"Contrato mensal, Cliente novo (≤12 meses)",1,Month-to-month,No,19.1,19.1,Mailed check,No,Female,0,No,No
1412,5370-IIVVL,23.2,Baixo,"Internet fibra óptica, Mensalidade alta",37,One year,Fiber optic,104.5,3778.0,Credit card (automatic),Yes,Male,0,No,No
1413,3113-IWHLC,23.2,Baixo,"Contrato mensal, Cliente novo (≤12 meses)",5,Month-to-month,DSL,55.8,274.35,Mailed check,Yes,Male,0,No,No
1414,5173-WXOQV,23.2,Baixo,"Contrato mensal, Cliente novo (≤12 meses)",2,Month-to-month,DSL,64.2,143.65,Mailed check,Yes,Male,0,Yes,No
1415,2615-YVMYX,23.2,Baixo,"Contrato mensal, Internet fibra óptica, Pagamento por cheque eletrônico, Mensalidade alta",71,Month-to-month,Fiber optic,107.5,7713.55,Electronic check,Yes,Male,1,Yes,No
1416,8645-KWHJO,23.2,Baixo,"Contrato mensal, Pagamento por cheque eletrônico",14,Month-to-month,DSL,55.0,771.95,Electronic check,Yes,Male,0,No,No
1417,4109-CYRBD,23.2,Baixo,"Contrato mensal, Pagamento por cheque eletrônico",29,Month-to-month,DSL,51.6,1442.0,Electronic check,Yes,Male,1,Yes,No
1418,1853-ARAAQ,23.1,Baixo,Contrato mensal,26,Month-to-month,DSL,50.35,1277.5,Credit card (automatic),Yes,Female,0,No,No
1419,4130-MZLCC,23.1,Baixo,"Contrato mensal, Cliente novo (≤12 meses)",5,Month-to-month,DSL,50.55,244.75,Bank transfer (automatic),No,Female,0,No,No
1420,5778-BVOFB,23.1,Baixo,"Contrato mensal, Cliente novo (≤12 meses)",9,Month-to-month,DSL,59.5,530.05,Bank transfer (automatic),Yes,Female,0,No,No
1421,3016-KSVCP,23.1,Baixo,Contrato mensal,29,Month-to-month,DSL,33.75,1009.25,Mailed check,No,Male,0,Yes,No
1422,3373-YZZYM,23.0,Baixo,"Contrato mensal, Cliente novo (≤12 meses)",1,Month-to-month,No,19.2,19.2,Mailed check,No,Male,0,Yes,Yes
1423,0106-GHRQR,23.0,Baixo,"Contrato mensal, Mensalidade alta",16,Month-to-month,DSL,71.4,1212.1,Bank transfer (automatic),Yes,Male,0,No,No
1424,3466-WAESX,23.0,Baixo,"Contrato mensal, Pagamento por cheque eletrônico",16,Month-to-month,DSL,69.1,1083.7,Electronic check,Yes,Male,0,No,Yes
1425,4685-ERGHK,23.0,Baixo,"Internet fibra óptica, Pagamento por cheque eletrônico, Mensalidade alta",57,One year,Fiber optic,86.9,4939.25,Electronic check,Yes,Male,0,No,No
1426,5002-GCQFH,23.0,Baixo,"Contrato mensal, Internet fibra óptica, Mensalidade alta",49,Month-to-month,Fiber optic,93.85,4733.1,Bank transfer (automatic),Yes,Male,0,Yes,No
1427,5334-JLAXU,22.9,Baixo,"Contrato mensal, Internet fibra óptica, Mensalidade alta",60,Month-to-month,Fiber optic,94.1,5475.9,Credit card (automatic),Yes,Female,0,Yes,No
1428,6898-MDLZW,22.9,Baixo,"Contrato mensal, Cliente novo (≤12 meses)",12,Month-to-month,DSL,53.75,648.65,Mailed check,Yes,Male,0,No,No
1429,3873-NFTGI,22.9,Baixo,Contrato mensal,14,Month-to-month,DSL,55.5,767.55,Credit card (automatic),Yes,Male,0,No,No
1430,6447-GORXK,22.9,Baixo,Contrato mensal,31,Month-to-month,DSL,25.0,789.2,Credit card (automatic),No,Male,0,No,Yes
1431,5671-UUNXD,22.9,Baixo,"Internet fibra óptica, Pagamento por cheque eletrônico, Mensalidade alta",50,One year,Fiber optic,100.65,5189.75,Electronic check,Yes,Female,1,Yes,No
1432,3865-ZYKAD,22.9,Baixo,"Contrato mensal, Internet fibra óptica, Mensalidade alta",69,Month-to-month,Fiber optic,84.9,5785.65,Credit card (automatic),Yes,Male,1,Yes,No
1433,1548-FEHVL,22.9,Baixo,"Contrato mensal, Internet fibra óptica, Pagamento por cheque eletrônico, Mensalidade alta",61,Month-to-month,Fiber optic,106.2,6375.2,Electronic check,Yes,Male,0,Yes,No
1434,6583-SZVGP,22.9,Baixo,"Internet fibra óptica, Mensalidade alta",48,Two year,Fiber optic,108.1,5067.45,Bank transfer (automatic),Yes,Male,0,No,No
1435,7636-OWBPG,22.8,Baixo,"Contrato mensal, Cliente novo (≤12 meses)",12,Month-to-month,DSL,29.35,381.2,Credit card (automatic),Yes,Male,1,No,No
1436,1116-DXXDF,22.8,Baixo,"Internet fibra óptica, Pagamento por cheque eletrônico, Mensalidade alta",39,Two year,Fiber optic,100.45,3801.7,Electronic check,Yes,Male,0,No,No
1437,3890-RTCMS,22.8,Baixo,Contrato mensal,16,Month-to-month,DSL,49.45,799.0,Mailed check,Yes,Male,0,No,No
1438,3999-WRNGR,22.8,Baixo,"Contrato mensal, Pagamento por cheque eletrônico",60,Month-to-month,DSL,49.75,3069.45,Electronic check,Yes,Female,0,Yes,Yes
1439,5088-QZLRL,22.8,Baixo,"Contrato mensal, Cliente novo (≤12 meses), Pagamento por cheque eletrônico",1,Month-to-month,No,20.65,20.65,Electronic check,No,Male,0,No,No
1440,0898-XCGTF,22.8,Baixo,"Internet fibra óptica, Mensalidade alta",61,One year,Fiber optic,96.5,5673.7,Bank transfer (automatic),Yes,Male,0,Yes,No
1441,7047-FWEYA,22.8,Baixo,"Internet fibra óptica, Pagamento por cheque eletrônico, Mensalidade alta",46,One year,Fiber optic,103.15,4594.65,Electronic check,Yes,Female,0,Yes,No
1442,1548-ARAGG,22.8,Baixo,"Contrato mensal, Cliente novo (≤12 meses)",4,Month-to-month,DSL,58.5,224.85,Mailed check,Yes,Female,0,Yes,Yes
1443,8985-OOPOS,22.7,Baixo,"Cliente novo (≤12 meses), Mensalidade alta",1,One year,DSL,74.1,74.1,Credit card (automatic),No,Female,0,No,No
1444,7064-FRRSW,22.7,Baixo,"Internet fibra óptica, Pagamento por cheque eletrônico, Mensalidade alta",48,One year,Fiber optic,99.0,4744.35,Electronic check,Yes,Male,1,No,No
1445,6211-WHMYA,22.7,Baixo,"Contrato mensal, Pagamento por cheque eletrônico",64,Month-to-month,DSL,43.85,2751.0,Electronic check,Yes,Female,1,No,No
1446,6344-SFJVH,22.7,Baixo,Contrato mensal,20,Month-to-month,DSL,24.9,505.95,Credit card (automatic),No,Female,0,No,No
1447,8799-OXZMD,22.7,Baixo,Contrato mensal,28,Month-to-month,DSL,29.75,790.7,Mailed check,Yes,Female,0,No,No
1448,1465-LNTLJ,22.7,Baixo,"Contrato mensal, Cliente novo (≤12 meses)",8,Month-to-month,DSL,64.4,581.7,Credit card (automatic),Yes,Male,1,Yes,No
1449,4138-NAXED,22.6,Baixo,"Contrato mensal, Internet fibra óptica, Mensalidade alta",51,Month-to-month,Fiber optic,81.0,4085.75,Bank transfer (automatic),No,Male,0,No,No
1450,5533-RJFTJ,22.6,Baixo,Contrato mensal,49,Month-to-month,DSL,30.2,1453.1,Bank transfer (automatic),Yes,Male,0,No,No
1451,5898-IGSLP,22.6,Baixo,"Contrato mensal, Internet fibra óptica, Pagamento por cheque eletrônico, Mensalidade alta",31,Month-to-month,Fiber optic,89.3,2823.0,Electronic check,No,Male,0,Yes,Yes
1452,8904-OPDCK,22.6,Baixo,Contrato mensal,54,Month-to-month,DSL,24.95,1364.75,Bank transfer (automatic),Yes,Male,1,Yes,No
1453,2696-ECXKC,22.6,Baixo,"Internet fibra óptica, Mensalidade alta",55,One year,Fiber optic,100.9,5448.6,Mailed check,No,Female,0,Yes,Yes
1454,1803-BGNBD,22.6,Baixo,"Contrato mensal, Cliente novo (≤12 meses), Pagamento por cheque eletrônico",12,Month-to-month,DSL,54.3,654.5,Electronic check,Yes,Female,0,No,No
1455,4524-QCSSM,22.6,Baixo,Contrato mensal,26,Month-to-month,DSL,44.65,1156.55,Bank transfer (automatic),Yes,Male,0,No,No
1456,2673-CXQEU,22.5,Baixo,"Internet fibra óptica, Pagamento por cheque eletrônico, Mensalidade alta",56,One year,Fiber optic,110.5,6139.5,Electronic check,No,Female,1,No,No
1457,4767-HZZHQ,22.5,Baixo,"Contrato mensal, Internet fibra óptica, Mensalidade alta",30,Month-to-month,Fiber optic,82.05,2570.2,Bank transfer (automatic),No,Male,0,Yes,Yes
1458,3733-ZEECP,22.5,Baixo,"Contrato mensal, Pagamento por cheque eletrônico",22,Month-to-month,DSL,51.1,1232.9,Electronic check,Yes,Male,0,Yes,Yes
1459,1208-NBVFH,22.5,Baixo,"Contrato mensal, Pagamento por cheque eletrônico",20,Month-to-month,DSL,49.6,939.8,Electronic check,Yes,Male,0,Yes,Yes
1460,6728-WYQBC,22.4,Baixo,"Contrato mensal, Cliente novo (≤12 meses)",1,Month-to-month,No,20.95,20.95,Bank transfer (automatic),No,Male,0,No,No
1461,2252-JHJGE,22.4,Baixo,"Internet fibra óptica, Pagamento por cheque eletrônico, Mensalidade alta",61,One year,Fiber optic,104.0,6363.45,Electronic check,No,Male,0,No,No
1462,1217-VASWC,22.4,Baixo,"Internet fibra óptica, Mensalidade alta",43,One year,Fiber optic,100.55,4304.0,Bank transfer (automatic),Yes,Male,1,Yes,No
1463,4824-GUCBY,22.4,Baixo,"Contrato mensal, Internet fibra óptica, Pagamento por cheque eletrônico, Mensalidade alta",22,Month-to-month,Fiber optic,81.7,1820.9,Electronic check,No,Female,1,No,No
1464,5882-CMAZQ,22.4,Baixo,"Contrato mensal, Cliente novo (≤12 meses), Pagamento por cheque eletrônico",5,Month-to-month,DSL,34.25,163.55,Electronic check,No,Female,0,Yes,Yes
1465,8706-HRADD,22.4,Baixo,Contrato mensal,21,Month-to-month,DSL,43.55,1011.5,Mailed check,Yes,Male,0,No,No
1466,6807-SIWJI,22.4,Baixo,"Internet fibra óptica, Pagamento por cheque eletrônico, Mensalidade alta",38,One year,Fiber optic,104.85,3887.25,Electronic check,Yes,Male,0,No,No
1467,2522-AHJXR,22.4,Baixo,"Contrato mensal, Internet fibra óptica, Mensalidade alta",60,Month-to-month,Fiber optic,109.45,6572.85,Bank transfer (automatic),Yes,Male,0,Yes,No
1468,1685-VAYJF,22.3,Baixo,"Contrato mensal, Cliente novo (≤12 meses)",11,Month-to-month,DSL,45.2,492.0,Credit card (automatic),No,Male,0,No,No
1469,8008-ESFLK,22.3,Baixo,"Internet fibra óptica, Pagamento por cheque eletrônico, Mensalidade alta",53,One year,Fiber optic,110.5,5835.5,Electronic check,No,Female,0,Yes,No
1470,8896-BQTTI,22.3,Baixo,"Contrato mensal, Cliente novo (≤12 meses)",1,Month-to-month,No,25.0,25.0,Mailed check,Yes,Male,0,No,No
1471,0187-WZNAB,22.3,Baixo,"Contrato mensal, Internet fibra óptica, Mensalidade alta",27,Month-to-month,Fiber optic,74.4,1972.35,Mailed check,No,Female,0,Yes,Yes
1472,2676-OXPPQ,22.3,Baixo,"Contrato mensal, Cliente novo (≤12 meses)",6,Month-to-month,DSL,55.7,335.65,Bank transfer (automatic),Yes,Male,0,No,No
1473,2208-NQBCT,22.3,Baixo,"Contrato mensal, Internet fibra óptica, Pagamento por cheque eletrônico, Mensalidade alta",26,Month-to-month,Fiber optic,81.95,2070.05,Electronic check,No,Female,0,Yes,Yes
1474,9419-IPPBE,22.2,Baixo,"Internet fibra óptica, Pagamento por cheque eletrônico, Mensalidade alta",51,One year,Fiber optic,90.15,4554.85,Electronic check,Yes,Female,0,Yes,Yes
1475,5046-NUHWD,22.2,Baixo,"Contrato mensal, Pagamento por cheque eletrônico",29,Month-to-month,DSL,45.0,1228.65,Electronic check,Yes,Female,1,Yes,No
1476,9099-FTUHS,22.2,Baixo,"Contrato mensal, Pagamento por cheque eletrônico",23,Month-to-month,DSL,54.4,1249.25,Electronic check,No,Female,0,No,No
1477,6854-EXGSF,22.2,Baixo,"Contrato mensal, Cliente novo (≤12 meses)",8,Month-to-month,DSL,65.5,573.15,Bank transfer (automatic),Yes,Female,0,No,No
1478,0130-SXOUN,22.1,Baixo,"Contrato mensal, Internet fibra óptica, Mensalidade alta",66,Month-to-month,Fiber optic,89.4,5976.9,Credit card (automatic),No,Male,0,No,No
1479,6281-FKEWS,22.1,Baixo,Pagamento por cheque eletrônico,44,One year,DSL,49.05,2265.0,Electronic check,Yes,Female,0,No,No
1480,1216-BGTSP,22.1,Baixo,"Contrato mensal, Internet fibra óptica, Mensalidade alta",45,Month-to-month,Fiber optic,108.45,4964.7,Credit card (automatic),Yes,Male,0,No,No
1481,2144-BFDSO,22.1,Baixo,"Contrato mensal, Internet fibra óptica, Mensalidade alta",50,Month-to-month,Fiber optic,108.75,5431.9,Bank transfer (automatic),No,Female,1,Yes,No
1482,6008-NAIXK,22.1,Baixo,Pagamento por cheque eletrônico,54,One year,DSL,55.45,2966.95,Electronic check,Yes,Male,1,No,No
1483,4987-GQWPO,22.1,Baixo,Contrato mensal,17,Month-to-month,DSL,25.1,382.8,Credit card (automatic),No,Male,0,No,No
1484,1061-PNTHC,22.1,Baixo,"Contrato mensal, Internet fibra óptica, Mensalidade alta",56,Month-to-month,Fiber optic,109.6,5953.0,Mailed check,Yes,Female,0,Yes,Yes
1485,3162-ZJZFU,22.1,Baixo,"Contrato mensal, Internet fibra óptica, Pagamento por cheque eletrônico, Mensalidade alta",53,Month-to-month,Fiber optic,92.55,4779.45,Electronic check,Yes,Male,0,Yes,Yes
1486,1907-YLNYW,22.1,Baixo,"Contrato mensal, Cliente novo (≤12 meses), Pagamento por cheque eletrônico",8,Month-to-month,DSL,66.7,579.0,Electronic check,Yes,Male,0,No,No
1487,7109-MFBYV,22.0,Baixo,"Contrato mensal, Pagamento por cheque eletrônico",26,Month-to-month,DSL,45.45,1233.15,Electronic check,No,Male,0,No,No
1488,4324-BZCKL,22.0,Baixo,"Contrato mensal, Cliente novo (≤12 meses)",10,Month-to-month,DSL,55.55,551.3,Mailed check,Yes,Female,0,Yes,Yes
1489,4976-LNFVV,22.0,Baixo,Contrato mensal,19,Month-to-month,DSL,34.3,577.15,Credit card (automatic),Yes,Male,1,Yes,No
1490,3756-VNWDH,22.0,Baixo,"Internet fibra óptica, Pagamento por cheque eletrônico, Mensalidade alta",65,One year,Fiber optic,100.75,6674.65,Electronic check,Yes,Male,1,Yes,No
1491,6137-MFAJN,22.0,Baixo,"Contrato mensal, Pagamento por cheque eletrônico",48,Month-to-month,DSL,44.8,2104.55,Electronic check,Yes,Female,0,No,No
1492,1174-FGIFN,22.0,Baixo,"Internet fibra óptica, Pagamento por cheque eletrônico, Mensalidade alta",28,One year,Fiber optic,90.45,2509.25,Electronic check,Yes,Female,0,Yes,Yes
1493,8108-UXRQN,22.0,Baixo,"Contrato mensal, Cliente novo (≤12 meses), Pagamento por cheque eletrônico",11,Month-to-month,DSL,50.55,565.35,Electronic check,No,Female,0,Yes,Yes
1494,9912-OMZDS,22.0,Baixo,"Internet fibra óptica, Pagamento por cheque eletrônico, Mensalidade alta",59,One year,Fiber optic,106.15,6256.2,Electronic check,Yes,Female,0,Yes,Yes
1495,3043-TYBNO,21.9,Baixo,"Contrato mensal, Cliente novo (≤12 meses)",3,Month-to-month,DSL,60.65,196.9,Mailed check,No,Male,0,No,No
1496,5298-GSTLM,21.9,Baixo,"Internet fibra óptica, Mensalidade alta",60,One year,Fiber optic,101.4,6176.6,Bank transfer (automatic),Yes,Female,1,No,No
1497,1784-EZDKJ,21.9,Baixo,"Internet fibra óptica, Mensalidade alta",51,One year,Fiber optic,106.8,5498.8,Bank transfer (automatic),Yes,Male,0,Yes,No
1498,5274-XHAKY,21.9,Baixo,"Contrato mensal, Internet fibra óptica, Mensalidade alta",41,Month-to-month,Fiber optic,94.3,3893.6,Bank transfer (automatic),Yes,Female,0,Yes,Yes
1499,0931-MHTEM,21.9,Baixo,"Internet fibra óptica, Mensalidade alta",54,One year,Fiber optic,100.05,5299.65,Credit card (automatic),Yes,Female,0,No,No
1500,2452-SNHFZ,21.9,Baixo,"Contrato mensal, Internet fibra óptica, Mensalidade alta",47,Month-to-month,Fiber optic,75.45,3545.1,Credit card (automatic),No,Female,0,No,No
1501,2279-AXJJK,21.9,Baixo,"Contrato mensal, Internet fibra óptica, Mensalidade alta",52,Month-to-month,Fiber optic,95.65,5088.4,Credit card (automatic),Yes,Male,0,Yes,No
1502,3170-GWYKC,21.8,Baixo,"Contrato mensal, Internet fibra óptica, Mensalidade alta",60,Month-to-month,Fiber optic,104.95,6236.75,Bank transfer (automatic),Yes,Female,0,No,No
1503,3689-MOZGR,21.8,Baixo,"Contrato mensal, Pagamento por cheque eletrônico",29,Month-to-month,DSL,31.2,926.2,Electronic check,Yes,Female,0,No,No
1504,7203-OYKCT,21.8,Baixo,"Internet fibra óptica, Pagamento por cheque eletrônico, Mensalidade alta",72,One year,Fiber optic,104.95,7544.3,Electronic check,Yes,Male,0,No,No
1505,8375-KVTHK,21.8,Baixo,"Internet fibra óptica, Pagamento por cheque eletrônico, Mensalidade alta",68,One year,Fiber optic,100.3,6754.35,Electronic check,Yes,Male,0,Yes,No
1506,4522-AKYLR,21.8,Baixo,"Contrato mensal, Pagamento por cheque eletrônico",13,Month-to-month,DSL,54.8,731.3,Electronic check,Yes,Female,1,No,No
1507,7587-AOVVU,21.8,Baixo,"Contrato mensal, Internet fibra óptica, Pagamento por cheque eletrônico, Mensalidade alta",27,Month-to-month,Fiber optic,100.75,2793.55,Electronic check,No,Male,0,Yes,Yes
1508,8980-WQFWL,21.8,Baixo,"Contrato mensal, Pagamento por cheque eletrônico",35,Month-to-month,DSL,62.1,2096.1,Electronic check,Yes,Female,0,No,No
1509,2712-SYWAY,21.8,Baixo,"Contrato mensal, Cliente novo (≤12 meses), Pagamento por cheque eletrônico",1,Month-to-month,No,25.7,25.7,Electronic check,Yes,Female,0,No,No
1510,0880-FVFWF,21.7,Baixo,"Contrato mensal, Internet fibra óptica, Pagamento por cheque eletrônico, Mensalidade alta",56,Month-to-month,Fiber optic,86.4,4922.4,Electronic check,Yes,Male,0,No,No
1511,0076-LVEPS,21.7,Baixo,Contrato mensal,29,Month-to-month,DSL,45.0,1242.45,Mailed check,Yes,Male,0,No,Yes
1512,8620-RJPZN,21.7,Baixo,"Contrato mensal, Cliente novo (≤12 meses), Pagamento por cheque eletrônico",1,Month-to-month,No,20.7,20.7,Electronic check,No,Female,0,No,No
1513,3541-ZNUHK,21.7,Baixo,"Contrato mensal, Internet fibra óptica, Pagamento por cheque eletrônico, Mensalidade alta",55,Month-to-month,Fiber optic,85.1,4600.95,Electronic check,Yes,Female,0,Yes,Yes
1514,7302-ZHMHP,21.7,Baixo,"Contrato mensal, Cliente novo (≤12 meses)",1,Month-to-month,No,19.15,19.15,Mailed check,No,Female,0,No,No
1515,4012-ZTHBR,21.7,Baixo,"Contrato mensal, Pagamento por cheque eletrônico",21,Month-to-month,DSL,44.95,926.25,Electronic check,Yes,Female,0,Yes,Yes
1516,2782-JEEBU,21.7,Baixo,Contrato mensal,21,Month-to-month,DSL,36.0,780.15,Mailed check,Yes,Male,0,No,No
1517,5951-AOFIH,21.6,Baixo,Contrato mensal,33,Month-to-month,DSL,66.4,2245.4,Credit card (automatic),Yes,Male,0,No,No
1518,8495-LJDFO,21.6,Baixo,"Contrato mensal, Internet fibra óptica, Mensalidade alta",64,Month-to-month,Fiber optic,108.95,7111.3,Bank transfer (automatic),Yes,Female,1,No,No
1519,9089-UOWJG,21.6,Baixo,"Contrato mensal, Cliente novo (≤12 meses)",12,Month-to-month,DSL,58.35,740.55,Credit card (automatic),Yes,Female,0,Yes,Yes
1520,6549-NNDYT,21.6,Baixo,Contrato mensal,13,Month-to-month,DSL,30.85,394.1,Bank transfer (automatic),Yes,Female,0,No,No
1521,1976-AZZPJ,21.6,Baixo,"Contrato mensal, Cliente novo (≤12 meses)",7,Month-to-month,DSL,34.2,256.6,Mailed check,No,Male,0,Yes,No
1522,6837-HAEVO,21.6,Baixo,"Internet fibra óptica, Pagamento por cheque eletrônico, Mensalidade alta",69,Two year,Fiber optic,105.0,7297.75,Electronic check,Yes,Male,0,Yes,Yes
1523,6859-RKMZJ,21.5,Baixo,"Contrato mensal, Cliente novo (≤12 meses)",11,Month-to-month,DSL,55.05,608.15,Bank transfer (automatic),Yes,Male,0,Yes,No
1524,9780-FKVVF,21.5,Baixo,"Contrato mensal, Cliente novo (≤12 meses)",6,Month-to-month,DSL,59.15,336.7,Bank transfer (automatic),Yes,Male,0,No,No
1525,3128-YOVTD,21.5,Baixo,"Contrato mensal, Internet fibra óptica, Mensalidade alta",51,Month-to-month,Fiber optic,79.15,4018.55,Bank transfer (automatic),Yes,Female,0,Yes,Yes
1526,4003-FUSHP,21.5,Baixo,Contrato mensal,19,Month-to-month,DSL,61.55,1093.2,Credit card (automatic),Yes,Male,0,No,No
1527,5174-ITUMV,21.5,Baixo,"Internet fibra óptica, Pagamento por cheque eletrônico, Mensalidade alta",67,One year,Fiber optic,105.4,6989.45,Electronic check,Yes,Male,0,Yes,Yes
1528,8769-KKTPH,21.5,Baixo,"Internet fibra óptica, Mensalidade alta",63,One year,Fiber optic,99.65,6311.2,Credit card (automatic),Yes,Female,0,Yes,Yes
1529,5186-EJEGL,21.5,Baixo,"Contrato mensal, Cliente novo (≤12 meses)",9,Month-to-month,DSL,69.5,653.25,Mailed check,Yes,Male,0,No,No
1530,1698-XFZCI,21.5,Baixo,"Internet fibra óptica, Pagamento por cheque eletrônico, Mensalidade alta",61,One year,Fiber optic,107.75,6521.9,Electronic check,Yes,Male,0,No,No
1531,0297-RBCSG,21.5,Baixo,—,19,One year,DSL,65.35,1231.85,Bank transfer (automatic),Yes,Male,0,No,No
1532,8992-VONJD,21.5,Baixo,"Contrato mensal, Pagamento por cheque eletrônico",13,Month-to-month,DSL,56.0,764.55,Electronic check,Yes,Female,0,No,Yes
1533,7130-CTCUS,21.5,Baixo,Contrato mensal,16,Month-to-month,DSL,54.55,825.1,Bank transfer (automatic),Yes,Male,1,Yes,No
1534,6689-VRRTK,21.4,Baixo,"Internet fibra óptica, Mensalidade alta",44,One year,Fiber optic,109.8,4860.35,Credit card (automatic),Yes,Female,1,No,No
1535,4608-LCIMN,21.4,Baixo,"Contrato mensal, Cliente novo (≤12 meses)",8,Month-to-month,DSL,44.65,369.15,Bank transfer (automatic),No,Male,0,Yes,Yes
1536,7075-BNDVQ,21.4,Baixo,"Contrato mensal, Cliente novo (≤12 meses)",4,Month-to-month,DSL,35.0,135.75,Mailed check,No,Female,0,No,No
1537,9844-FELAJ,21.4,Baixo,"Internet fibra óptica, Pagamento por cheque eletrônico, Mensalidade alta",70,One year,Fiber optic,107.9,7475.85,Electronic check,Yes,Female,1,Yes,Yes
1538,8050-WYBND,21.3,Baixo,—,22,One year,DSL,49.45,1031.4,Credit card (automatic),Yes,Female,0,No,Yes
1539,9862-KJTYK,21.3,Baixo,Contrato mensal,19,Month-to-month,DSL,25.35,566.1,Credit card (automatic),Yes,Male,0,No,Yes
1540,1421-HCERK,21.3,Baixo,"Contrato mensal, Internet fibra óptica, Mensalidade alta",30,Month-to-month,Fiber optic,105.7,3181.8,Bank transfer (automatic),Yes,Male,1,Yes,No
1541,1470-PSXNM,21.3,Baixo,"Internet fibra óptica, Pagamento por cheque eletrônico, Mensalidade alta",49,One year,Fiber optic,93.65,4520.15,Electronic check,Yes,Male,0,Yes,Yes
1542,9909-IDLEK,21.3,Baixo,"Contrato mensal, Internet fibra óptica, Mensalidade alta",20,Month-to-month,Fiber optic,96.8,1826.7,Mailed check,No,Male,0,Yes,Yes
1543,8329-UTMVM,21.3,Baixo,"Internet fibra óptica, Mensalidade alta",27,One year,Fiber optic,104.65,2964.0,Bank transfer (automatic),Yes,Male,1,No,No
1544,1230-QAJDW,21.3,Baixo,"Contrato mensal, Cliente novo (≤12 meses)",3,Month-to-month,DSL,65.25,209.9,Mailed check,Yes,Male,0,No,No
1545,0691-NIKRI,21.3,Baixo,"Internet fibra óptica, Mensalidade alta",40,One year,Fiber optic,105.95,4335.2,Credit card (automatic),Yes,Female,0,No,No
1546,4827-USJHP,21.3,Baixo,Contrato mensal,20,Month-to-month,DSL,51.8,1023.85,Mailed check,Yes,Male,0,No,No
1547,3339-EAQNV,21.3,Baixo,"Internet fibra óptica, Mensalidade alta",72,One year,Fiber optic,97.25,7133.1,Credit card (automatic),Yes,Male,1,Yes,No
1548,2826-UWHIS,21.3,Baixo,"Contrato mensal, Internet fibra óptica, Mensalidade alta",45,Month-to-month,Fiber optic,81.4,3775.85,Bank transfer (automatic),No,Male,0,Yes,No
1549,7879-CGSFV,21.2,Baixo,"Internet fibra óptica, Mensalidade alta",55,One year,Fiber optic,100.9,5552.05,Mailed check,Yes,Male,0,No,No
1550,7622-NXQZR,21.2,Baixo,Contrato mensal,28,Month-to-month,DSL,30.1,810.85,Credit card (automatic),Yes,Male,0,No,No
1551,7544-ZVIKX,21.2,Baixo,"Internet fibra óptica, Mensalidade alta",58,One year,Fiber optic,105.05,6004.85,Bank transfer (automatic),Yes,Male,0,Yes,Yes
1552,2931-FSOHN,21.2,Baixo,"Contrato mensal, Pagamento por cheque eletrônico",13,Month-to-month,DSL,59.9,788.35,Electronic check,Yes,Male,1,No,No
1553,9643-YBLUR,21.2,Baixo,"Contrato mensal, Cliente novo (≤12 meses)",9,Month-to-month,DSL,69.05,653.95,Credit card (automatic),Yes,Male,0,Yes,No
1554,6954-OOYZZ,21.2,Baixo,Contrato mensal,18,Month-to-month,DSL,44.35,768.05,Bank transfer (automatic),Yes,Male,0,Yes,No
1555,6789-HJBWG,21.2,Baixo,"Contrato mensal, Cliente novo (≤12 meses), Pagamento por cheque eletrônico",12,Month-to-month,DSL,49.4,611.65,Electronic check,Yes,Female,0,No,No
1556,1095-WGNGG,21.1,Baixo,"Internet fibra óptica, Mensalidade alta",61,Two year,Fiber optic,101.05,5971.25,Bank transfer (automatic),Yes,Female,0,Yes,No
1557,5939-XAIXZ,21.1,Baixo,Contrato mensal,19,Month-to-month,DSL,56.1,1033.9,Mailed check,Yes,Female,0,No,No
1558,5424-RLQLC,21.1,Baixo,"Contrato mensal, Cliente novo (≤12 meses)",10,Month-to-month,DSL,59.65,638.95,Mailed check,Yes,Male,0,No,No
1559,1258-YMZNM,21.1,Baixo,"Internet fibra óptica, Mensalidade alta",27,One year,Fiber optic,110.5,2857.6,Bank transfer (automatic),Yes,Female,1,No,No
1560,7814-LEEVE,21.1,Baixo,"Contrato mensal, Cliente novo (≤12 meses)",1,Month-to-month,No,20.3,20.3,Bank transfer (automatic),Yes,Female,0,Yes,No
1561,8597-CWYHH,21.1,Baixo,"Internet fibra óptica, Mensalidade alta",43,One year,Fiber optic,94.35,3921.3,Mailed check,No,Male,0,No,No
1562,6749-UTDVX,21.1,Baixo,"Internet fibra óptica, Pagamento por cheque eletrônico, Mensalidade alta",72,Two year,Fiber optic,103.65,7634.8,Electronic check,Yes,Male,0,No,No
1563,8259-NFJTV,21.0,Baixo,"Contrato mensal, Cliente novo (≤12 meses)",7,Month-to-month,DSL,34.65,246.6,Mailed check,No,Female,0,Yes,Yes
1564,7826-VVKWT,21.0,Baixo,"Internet fibra óptica, Pagamento por cheque eletrônico, Mensalidade alta",24,Two year,Fiber optic,96.55,2263.45,Electronic check,Yes,Female,1,Yes,Yes
1565,2075-RMJIK,21.0,Baixo,"Contrato mensal, Cliente novo (≤12 meses)",5,Month-to-month,DSL,49.4,232.55,Mailed check,Yes,Female,0,Yes,Yes
1566,5732-IKGQH,21.0,Baixo,"Internet fibra óptica, Mensalidade alta",52,One year,Fiber optic,104.45,5481.25,Bank transfer (automatic),Yes,Male,1,Yes,No
1567,0191-ZHSKZ,21.0,Baixo,"Contrato mensal, Pagamento por cheque eletrônico, Mensalidade alta",30,Month-to-month,DSL,74.75,2111.3,Electronic check,Yes,Male,1,No,No
1568,8679-LZBMD,21.0,Baixo,"Internet fibra óptica, Mensalidade alta",44,One year,Fiber optic,90.65,3974.15,Bank transfer (automatic),Yes,Male,0,Yes,No
1569,2267-FPIMA,20.9,Baixo,"Contrato mensal, Internet fibra óptica, Mensalidade alta",50,Month-to-month,Fiber optic,94.4,4914.9,Credit card (automatic),Yes,Male,0,Yes,No
1570,5730-RIITO,20.9,Baixo,Contrato mensal,43,Month-to-month,DSL,33.45,1500.25,Credit card (automatic),Yes,Female,1,No,No
1571,6647-ZEDXT,20.9,Baixo,"Internet fibra óptica, Mensalidade alta",30,One year,Fiber optic,110.45,3327.05,Credit card (automatic),No,Female,0,No,No
1572,4826-DXMUP,20.9,Baixo,Mensalidade alta,35,One year,DSL,72.1,2495.15,Mailed check,Yes,Male,0,No,Yes
1573,7291-CDTMJ,20.9,Baixo,"Contrato mensal, Cliente novo (≤12 meses)",1,Month-to-month,No,19.65,19.65,Bank transfer (automatic),Yes,Male,0,No,No
1574,3920-HIHMQ,20.9,Baixo,Contrato mensal,26,Month-to-month,DSL,49.5,1265.65,Mailed check,Yes,Female,0,No,Yes
1575,5172-MIGPM,20.9,Baixo,"Contrato mensal, Cliente novo (≤12 meses)",4,Month-to-month,DSL,65.55,237.2,Mailed check,No,Male,0,No,No
1576,6429-SHBCB,20.8,Baixo,Contrato mensal,19,Month-to-month,DSL,69.6,1394.55,Mailed check,No,Male,0,No,No
1577,3845-JHAMY,20.8,Baixo,Contrato mensal,16,Month-to-month,DSL,35.5,552.7,Credit card (automatic),Yes,Female,0,Yes,Yes
1578,4832-VRBMR,20.8,Baixo,"Internet fibra óptica, Mensalidade alta",65,One year,Fiber optic,103.15,6792.45,Bank transfer (automatic),Yes,Male,1,Yes,No
1579,5206-HPJKM,20.8,Baixo,Contrato mensal,17,Month-to-month,DSL,55.5,934.15,Credit card (automatic),Yes,Male,0,No,No
1580,3071-VBYPO,20.8,Baixo,"Contrato mensal, Cliente novo (≤12 meses), Internet fibra óptica, Pagamento por cheque eletrônico, Mensalidade alta",3,Month-to-month,Fiber optic,89.85,248.4,Electronic check,No,Male,0,Yes,Yes
1581,2270-CHBFN,20.8,Baixo,"Contrato mensal, Internet fibra óptica, Mensalidade alta",44,Month-to-month,Fiber optic,95.1,4060.55,Credit card (automatic),Yes,Female,0,Yes,No
1582,6625-UTXEW,20.8,Baixo,"Contrato mensal, Cliente novo (≤12 meses), Pagamento por cheque eletrônico",12,Month-to-month,DSL,51.25,612.1,Electronic check,Yes,Female,0,Yes,No
1583,8421-WZOOW,20.8,Baixo,"Contrato mensal, Internet fibra óptica, Mensalidade alta",57,Month-to-month,Fiber optic,95.3,5567.45,Credit card (automatic),Yes,Female,1,Yes,Yes
1584,8217-QYOHV,20.8,Baixo,"Contrato mensal, Cliente novo (≤12 meses)",5,Month-to-month,DSL,55.75,266.95,Mailed check,Yes,Male,0,No,No
1585,4393-RYCRE,20.8,Baixo,"Internet fibra óptica, Pagamento por cheque eletrônico, Mensalidade alta",44,One year,Fiber optic,106.05,4510.8,Electronic check,Yes,Male,0,No,No
1586,7966-YOTQW,20.7,Baixo,"Contrato mensal, Cliente novo (≤12 meses)",10,Month-to-month,DSL,54.5,568.2,Credit card (automatic),Yes,Male,0,No,No
1587,5968-XQIVE,20.7,Baixo,"Internet fibra óptica, Pagamento por cheque eletrônico, Mensalidade alta",72,One year,Fiber optic,89.7,6588.95,Electronic check,Yes,Male,0,Yes,Yes
1588,2758-RNWXS,20.7,Baixo,"Internet fibra óptica, Pagamento por cheque eletrônico, Mensalidade alta",35,One year,Fiber optic,89.2,3251.3,Electronic check,Yes,Male,0,No,No
1589,7129-AZJDE,20.7,Baixo,"Internet fibra óptica, Mensalidade alta",34,One year,Fiber optic,78.95,2647.2,Bank transfer (automatic),Yes,Male,0,Yes,Yes
1590,2654-VBVPB,20.7,Baixo,"Contrato mensal, Cliente novo (≤12 meses)",1,Month-to-month,No,19.9,19.9,Bank transfer (automatic),No,Female,0,No,No
1591,5828-DWPIL,20.7,Baixo,"Contrato mensal, Internet fibra óptica, Pagamento por cheque eletrônico, Mensalidade alta",62,Month-to-month,Fiber optic,89.1,5618.3,Electronic check,Yes,Male,1,Yes,No
1592,6728-VOIFY,20.7,Baixo,"Internet fibra óptica, Pagamento por cheque eletrônico, Mensalidade alta",63,One year,Fiber optic,96.0,6109.75,Electronic check,Yes,Female,0,Yes,No
1593,3255-GRXMG,20.6,Baixo,Contrato mensal,18,Month-to-month,DSL,45.65,747.2,Credit card (automatic),Yes,Male,0,No,Yes
1594,2604-XVDAM,20.6,Baixo,"Contrato mensal, Cliente novo (≤12 meses)",12,Month-to-month,DSL,43.8,540.95,Bank transfer (automatic),No,Female,0,No,No
1595,1304-SEGFY,20.6,Baixo,"Internet fibra óptica, Pagamento por cheque eletrônico, Mensalidade alta",72,Two year,Fiber optic,97.85,6841.3,Electronic check,Yes,Female,0,Yes,No
1596,6198-PNNSZ,20.6,Baixo,"Internet fibra óptica, Mensalidade alta",56,One year,Fiber optic,109.8,6109.65,Bank transfer (automatic),No,Female,0,Yes,No
1597,8735-DCXNF,20.6,Baixo,"Contrato mensal, Cliente novo (≤12 meses)",10,Month-to-month,DSL,54.95,568.85,Credit card (automatic),Yes,Male,0,Yes,No
1598,5651-WYIPH,20.6,Baixo,Contrato mensal,18,Month-to-month,DSL,49.85,865.75,Credit card (automatic),Yes,Female,1,No,No
1599,3858-XHYJO,20.6,Baixo,"Internet fibra óptica, Mensalidade alta",40,One year,Fiber optic,105.75,4228.55,Bank transfer (automatic),No,Female,0,Yes,No
1600,3179-GBRWV,20.6,Baixo,Contrato mensal,21,Month-to-month,DSL,64.95,1339.8,Bank transfer (automatic),Yes,Male,1,Yes,No
1601,7036-TYDEC,20.6,Baixo,"Internet fibra óptica, Pagamento por cheque eletrônico, Mensalidade alta",69,Two year,Fiber optic,104.0,7028.5,Electronic check,No,Female,0,No,No
1602,4957-TREIR,20.6,Baixo,"Contrato mensal, Cliente novo (≤12 meses)",3,Month-to-month,DSL,64.4,195.65,Credit card (automatic),Yes,Male,0,No,No
1603,4945-RVMTE,20.5,Baixo,Contrato mensal,28,Month-to-month,DSL,59.55,1646.45,Bank transfer (automatic),Yes,Female,0,No,No
1604,2843-CQMEG,20.5,Baixo,Contrato mensal,24,Month-to-month,DSL,49.7,1218.25,Mailed check,Yes,Male,0,No,No
1605,5438-QMDDL,20.5,Baixo,Contrato mensal,19,Month-to-month,DSL,59.8,1130.85,Mailed check,Yes,Female,0,Yes,No
1606,7233-IOQNP,20.5,Baixo,Contrato mensal,43,Month-to-month,DSL,34.0,1505.35,Bank transfer (automatic),No,Female,0,Yes,No
1607,0956-ACVZC,20.5,Baixo,"Internet fibra óptica, Mensalidade alta",54,One year,Fiber optic,94.1,5060.9,Credit card (automatic),Yes,Female,0,No,No
1608,8992-CEUEN,20.5,Baixo,"Contrato mensal, Cliente novo (≤12 meses), Pagamento por cheque eletrônico",1,Month-to-month,No,18.85,18.85,Electronic check,No,Female,0,No,No
1609,2087-QAREY,20.5,Baixo,Contrato mensal,22,Month-to-month,DSL,54.7,1178.75,Mailed check,Yes,Female,0,Yes,No
1610,2985-JUUBZ,20.5,Baixo,"Contrato mensal, Pagamento por cheque eletrônico, Mensalidade alta",40,Month-to-month,DSL,74.55,3015.75,Electronic check,Yes,Male,0,Yes,Yes
1611,4350-ZTLPI,20.4,Baixo,"Internet fibra óptica, Mensalidade alta",53,One year,Fiber optic,108.95,5718.2,Bank transfer (automatic),Yes,Female,0,Yes,No
1612,8124-NZVGJ,20.4,Baixo,Cliente novo (≤12 meses),6,One year,DSL,49.25,255.6,Mailed check,Yes,Female,0,No,No
1613,8715-KKTFG,20.4,Baixo,"Internet fibra óptica, Mensalidade alta",61,One year,Fiber optic,103.3,6518.35,Bank transfer (automatic),Yes,Female,0,Yes,No
1614,0356-ERHVT,20.4,Baixo,"Contrato mensal, Cliente novo (≤12 meses)",11,Month-to-month,DSL,45.9,521.9,Bank transfer (automatic),Yes,Male,0,Yes,No
1615,0980-PVMRC,20.3,Baixo,"Contrato mensal, Pagamento por cheque eletrônico",40,Month-to-month,DSL,50.85,2036.55,Electronic check,Yes,Female,0,Yes,Yes
1616,5366-OBVMR,20.3,Baixo,Contrato mensal,18,Month-to-month,DSL,50.3,908.75,Mailed check,Yes,Female,0,Yes,No
1617,1346-PJWTK,20.3,Baixo,"Contrato mensal, Internet fibra óptica, Mensalidade alta",61,Month-to-month,Fiber optic,94.15,5731.85,Credit card (automatic),No,Male,0,Yes,No
1618,2623-DRYAM,20.3,Baixo,"Internet fibra óptica, Pagamento por cheque eletrônico, Mensalidade alta",70,One year,Fiber optic,101.75,7069.3,Electronic check,Yes,Female,0,Yes,No
1619,8547-NSBBO,20.3,Baixo,"Contrato mensal, Internet fibra óptica, Mensalidade alta",35,Month-to-month,Fiber optic,96.75,3403.4,Mailed check,Yes,Male,0,No,No
1620,5402-HTOTQ,20.3,Baixo,"Contrato mensal, Pagamento por cheque eletrônico",16,Month-to-month,DSL,55.3,875.35,Electronic check,No,Male,0,No,No
1621,5336-UFNZP,20.3,Baixo,"Internet fibra óptica, Pagamento por cheque eletrônico, Mensalidade alta",65,One year,Fiber optic,107.45,7047.5,Electronic check,Yes,Female,1,Yes,Yes
1622,6599-GZWCM,20.3,Baixo,"Internet fibra óptica, Mensalidade alta",13,One year,Fiber optic,74.65,966.25,Mailed check,Yes,Female,0,No,No
1623,6421-SZVEM,20.2,Baixo,"Internet fibra óptica, Mensalidade alta",28,One year,Fiber optic,82.85,2320.8,Bank transfer (automatic),Yes,Female,0,Yes,Yes
1624,0409-WTMPL,20.2,Baixo,"Internet fibra óptica, Mensalidade alta",58,One year,Fiber optic,110.65,6526.65,Credit card (automatic),Yes,Female,0,Yes,No
1625,8930-XOTDP,20.2,Baixo,Contrato mensal,18,Month-to-month,DSL,55.95,1082.8,Mailed check,No,Female,0,Yes,Yes
1626,7576-JMYWV,20.2,Baixo,"Contrato mensal, Internet fibra óptica, Pagamento por cheque eletrônico, Mensalidade alta",46,Month-to-month,Fiber optic,110.2,4972.1,Electronic check,Yes,Female,1,Yes,Yes
1627,7426-GSWPO,20.2,Baixo,"Contrato mensal, Internet fibra óptica, Mensalidade alta",64,Month-to-month,Fiber optic,103.5,6548.65,Bank transfer (automatic),Yes,Male,1,No,No
1628,0100-DUVFC,20.2,Baixo,"Internet fibra óptica, Pagamento por cheque eletrônico, Mensalidade alta",70,One year,Fiber optic,104.8,7308.95,Electronic check,Yes,Male,1,Yes,No
1629,4567-AKPIA,20.1,Baixo,"Internet fibra óptica, Mensalidade alta",41,One year,Fiber optic,109.1,4454.25,Bank transfer (automatic),Yes,Female,0,Yes,Yes
1630,2716-GFZOR,20.1,Baixo,"Contrato mensal, Internet fibra óptica, Mensalidade alta",43,Month-to-month,Fiber optic,86.1,3551.65,Credit card (automatic),Yes,Male,0,Yes,No
1631,2305-MRGLV,20.1,Baixo,"Contrato mensal, Internet fibra óptica, Mensalidade alta",28,Month-to-month,Fiber optic,76.55,2065.4,Bank transfer (automatic),No,Male,0,Yes,No
1632,4683-WYDOU,20.1,Baixo,"Internet fibra óptica, Mensalidade alta",62,Two year,Fiber optic,107.6,6912.7,Bank transfer (automatic),Yes,Male,0,Yes,No
1633,0665-XHDJU,20.1,Baixo,"Internet fibra óptica, Pagamento por cheque eletrônico, Mensalidade alta",72,Two year,Fiber optic,99.4,7285.7,Electronic check,Yes,Male,0,Yes,No
1634,3413-DHLPB,20.1,Baixo,"Contrato mensal, Internet fibra óptica, Mensalidade alta",60,Month-to-month,Fiber optic,103.75,5969.95,Bank transfer (automatic),Yes,Male,0,Yes,Yes
1635,0326-VDYXE,20.1,Baixo,"Internet fibra óptica, Pagamento por cheque eletrônico, Mensalidade alta",70,One year,Fiber optic,97.65,6982.5,Electronic check,Yes,Female,0,Yes,No
1636,2709-UQGNP,20.0,Baixo,"Contrato mensal, Cliente novo (≤12 meses)",10,Month-to-month,DSL,51.65,524.5,Mailed check,Yes,Male,0,No,No
1637,1215-VFYVK,20.0,Baixo,"Contrato mensal, Cliente novo (≤12 meses)",4,Month-to-month,DSL,48.25,202.25,Mailed check,No,Female,0,No,No
1638,7409-JURKQ,20.0,Baixo,"Internet fibra óptica, Mensalidade alta",53,One year,Fiber optic,111.8,5809.75,Bank transfer (automatic),Yes,Female,0,Yes,No
1639,6507-DTJZV,20.0,Baixo,Contrato mensal,13,Month-to-month,DSL,66.4,831.75,Credit card (automatic),No,Male,0,No,Yes
1640,1153-GNOLC,20.0,Baixo,Pagamento por cheque eletrônico,33,One year,DSL,39.1,1309.0,Electronic check,Yes,Male,0,No,No
1641,7824-PANSQ,20.0,Baixo,"Contrato mensal, Internet fibra óptica, Mensalidade alta",58,Month-to-month,Fiber optic,80.65,4807.35,Bank transfer (automatic),No,Male,0,No,No
1642,1710-RCXUS,19.9,Baixo,"Internet fibra óptica, Mensalidade alta",51,One year,Fiber optic,90.35,4614.55,Credit card (automatic),Yes,Male,0,Yes,No
1643,3842-QTGDL,19.9,Baixo,"Contrato mensal, Internet fibra óptica, Mensalidade alta",16,Month-to-month,Fiber optic,80.75,1321.3,Bank transfer (automatic),No,Male,0,Yes,No
1644,5140-FOMCQ,19.9,Baixo,"Internet fibra óptica, Mensalidade alta",59,One year,Fiber optic,109.15,6557.75,Credit card (automatic),Yes,Female,0,Yes,No
1645,2436-QBZFP,19.9,Baixo,"Contrato mensal, Pagamento por cheque eletrônico",22,Month-to-month,DSL,39.2,849.9,Electronic check,No,Female,0,Yes,Yes
1646,3521-MNKLV,19.9,Baixo,Contrato mensal,24,Month-to-month,DSL,49.7,1167.8,Mailed check,Yes,Male,0,No,No
1647,6383-ZTSIW,19.9,Baixo,"Internet fibra óptica, Mensalidade alta",39,One year,Fiber optic,99.1,3877.95,Mailed check,No,Female,1,Yes,No
1648,8952-WCVCD,19.9,Baixo,"Internet fibra óptica, Mensalidade alta",41,One year,Fiber optic,104.45,4162.05,Bank transfer (automatic),Yes,Female,0,Yes,No
1649,8023-QHAIO,19.9,Baixo,"Contrato mensal, Internet fibra óptica, Mensalidade alta",56,Month-to-month,Fiber optic,76.85,4275.75,Bank transfer (automatic),Yes,Female,1,Yes,No
1650,6486-LHTMA,19.9,Baixo,"Internet fibra óptica, Pagamento por cheque eletrônico, Mensalidade alta",31,One year,Fiber optic,90.7,2835.5,Electronic check,Yes,Female,1,Yes,No
1651,6705-LNMDD,19.9,Baixo,Contrato mensal,20,Month-to-month,DSL,50.0,1003.05,Mailed check,No,Male,0,No,No
1652,7103-IPXPJ,19.9,Baixo,"Internet fibra óptica, Pagamento por cheque eletrônico, Mensalidade alta",50,One year,Fiber optic,99.4,5059.75,Electronic check,No,Male,0,Yes,No
1653,1395-OFUWC,19.9,Baixo,Contrato mensal,43,Month-to-month,DSL,29.3,1224.05,Credit card (automatic),No,Male,0,Yes,Yes
1654,1156-ZFYDO,19.9,Baixo,"Contrato mensal, Cliente novo (≤12 meses), Pagamento por cheque eletrônico",1,Month-to-month,No,19.75,19.75,Electronic check,No,Female,0,No,No
1655,6067-NGCEU,19.8,Baixo,"Contrato mensal, Internet fibra óptica, Mensalidade alta",65,Month-to-month,Fiber optic,111.05,7107.0,Credit card (automatic),Yes,Female,0,No,No
1656,4753-PADAS,19.8,Baixo,"Internet fibra óptica, Mensalidade alta",67,One year,Fiber optic,105.7,6816.95,Bank transfer (automatic),Yes,Female,0,Yes,No
1657,3173-NVMPX,19.8,Baixo,"Contrato mensal, Cliente novo (≤12 meses)",9,Month-to-month,DSL,55.3,501.2,Mailed check,Yes,Female,0,Yes,Yes
1658,5527-ACHSO,19.8,Baixo,"Contrato mensal, Cliente novo (≤12 meses), Mensalidade alta",11,Month-to-month,DSL,70.5,829.3,Mailed check,No,Female,0,No,No
1659,3606-SBKRY,19.8,Baixo,Pagamento por cheque eletrônico,31,One year,DSL,50.05,1523.4,Electronic check,Yes,Male,0,No,No
1660,5481-NTDOH,19.8,Baixo,"Internet fibra óptica, Mensalidade alta",67,One year,Fiber optic,107.05,7142.5,Credit card (automatic),Yes,Female,1,Yes,No
1661,2272-JKMSI,19.8,Baixo,"Internet fibra óptica, Pagamento por cheque eletrônico, Mensalidade alta",62,One year,Fiber optic,110.8,6840.95,Electronic check,Yes,Female,0,Yes,Yes
1662,6624-JDRDS,19.7,Baixo,"Contrato mensal, Cliente novo (≤12 meses)",6,Month-to-month,DSL,29.45,161.45,Bank transfer (automatic),No,Female,0,No,No
1663,0909-SDHNU,19.7,Baixo,"Contrato mensal, Cliente novo (≤12 meses)",7,Month-to-month,DSL,29.8,201.95,Mailed check,No,Female,0,No,Yes
1664,1098-TDVUQ,19.7,Baixo,"Contrato mensal, Cliente novo (≤12 meses)",1,Month-to-month,No,19.25,19.25,Bank transfer (automatic),Yes,Female,0,No,No
1665,0867-LDTTC,19.7,Baixo,"Contrato mensal, Cliente novo (≤12 meses), Mensalidade alta",5,Month-to-month,DSL,75.15,392.65,Bank transfer (automatic),No,Male,0,No,No
1666,4377-VDHYI,19.7,Baixo,"Internet fibra óptica, Pagamento por cheque eletrônico, Mensalidade alta",32,One year,Fiber optic,90.8,3023.85,Electronic check,Yes,Male,0,Yes,Yes
1667,4693-VWVBO,19.7,Baixo,"Contrato mensal, Cliente novo (≤12 meses), Pagamento por cheque eletrônico",3,Month-to-month,No,19.55,61.05,Electronic check,No,Female,0,No,No
1668,7669-LCRSD,19.7,Baixo,"Contrato mensal, Cliente novo (≤12 meses)",12,Month-to-month,DSL,56.3,628.65,Mailed check,Yes,Male,0,Yes,Yes
1669,8166-ORCHU,19.7,Baixo,"Internet fibra óptica, Pagamento por cheque eletrônico, Mensalidade alta",33,One year,Fiber optic,93.55,3055.5,Electronic check,Yes,Male,1,Yes,No
1670,8878-RYUKI,19.7,Baixo,"Contrato mensal, Pagamento por cheque eletrônico",52,Month-to-month,DSL,59.45,3043.7,Electronic check,Yes,Female,0,No,No
1671,9825-YCXWZ,19.6,Baixo,"Internet fibra óptica, Mensalidade alta",41,One year,Fiber optic,101.1,4016.2,Bank transfer (automatic),Yes,Female,1,No,No
1672,4472-VESGY,19.6,Baixo,"Contrato mensal, Internet fibra óptica, Mensalidade alta",52,Month-to-month,Fiber optic,98.15,4993.4,Bank transfer (automatic),No,Female,0,Yes,Yes
1673,9909-DFRJA,19.6,Baixo,"Internet fibra óptica, Mensalidade alta",26,One year,Fiber optic,95.85,2475.35,Bank transfer (automatic),Yes,Female,0,No,No
1674,6968-MHOMU,19.6,Baixo,—,58,One year,DSL,45.0,2689.35,Credit card (automatic),Yes,Male,0,Yes,No
1675,1335-HQMKX,19.6,Baixo,"Internet fibra óptica, Pagamento por cheque eletrônico, Mensalidade alta",72,One year,Fiber optic,101.35,7323.15,Electronic check,Yes,Female,0,Yes,No
1676,4918-FYJNT,19.6,Baixo,"Contrato mensal, Internet fibra óptica, Pagamento por cheque eletrônico, Mensalidade alta",55,Month-to-month,Fiber optic,90.45,5044.8,Electronic check,No,Female,1,Yes,No
1677,0314-TKOSI,19.6,Baixo,"Contrato mensal, Cliente novo (≤12 meses)",6,Month-to-month,DSL,55.15,322.9,Mailed check,No,Female,0,No,No
1678,7550-WIQVA,19.6,Baixo,"Internet fibra óptica, Pagamento por cheque eletrônico, Mensalidade alta",50,One year,Fiber optic,108.25,5431.4,Electronic check,Yes,Male,0,Yes,Yes
1679,7446-KQISO,19.5,Baixo,"Internet fibra óptica, Mensalidade alta",45,Two year,Fiber optic,109.75,4900.65,Bank transfer (automatic),Yes,Male,0,Yes,Yes
1680,8201-AAXCB,19.5,Baixo,"Contrato mensal, Pagamento por cheque eletrônico",25,Month-to-month,DSL,60.35,1404.65,Electronic check,No,Male,0,Yes,Yes
1681,6366-XIVKZ,19.5,Baixo,Contrato mensal,13,Month-to-month,DSL,63.15,816.8,Mailed check,Yes,Female,0,Yes,Yes
1682,7883-ROJOC,19.5,Baixo,Contrato mensal,19,Month-to-month,DSL,44.9,839.65,Mailed check,No,Female,0,Yes,No
1683,7718-UPSKJ,19.5,Baixo,"Internet fibra óptica, Mensalidade alta",69,One year,Fiber optic,106.4,7251.9,Credit card (automatic),Yes,Female,0,Yes,No
1684,7041-TXQJH,19.5,Baixo,Contrato mensal,37,Month-to-month,DSL,40.2,1478.85,Credit card (automatic),Yes,Female,0,No,No
1685,8402-EIVQS,19.5,Baixo,"Internet fibra óptica, Mensalidade alta",67,One year,Fiber optic,100.9,6733.15,Credit card (automatic),Yes,Male,0,Yes,No
1686,0308-GIQJT,19.4,Baixo,"Internet fibra óptica, Mensalidade alta",71,One year,Fiber optic,105.75,7382.85,Bank transfer (automatic),No,Male,1,No,No
1687,3709-OIJEA,19.4,Baixo,"Internet fibra óptica, Pagamento por cheque eletrônico, Mensalidade alta",26,One year,Fiber optic,85.2,2184.6,Electronic check,Yes,Male,0,No,No
1688,1492-QGCLU,19.4,Baixo,"Contrato mensal, Pagamento por cheque eletrônico, Mensalidade alta",53,Month-to-month,DSL,85.7,4616.1,Electronic check,No,Male,0,Yes,Yes
1689,0103-CSITQ,19.4,Baixo,"Internet fibra óptica, Mensalidade alta",57,One year,Fiber optic,109.4,6252.7,Bank transfer (automatic),Yes,Female,0,Yes,No
1690,7950-XWOVN,19.3,Baixo,"Contrato mensal, Cliente novo (≤12 meses)",11,Month-to-month,DSL,34.7,383.55,Mailed check,No,Male,0,No,No
1691,9052-VKDUW,19.3,Baixo,"Contrato mensal, Internet fibra óptica, Mensalidade alta",65,Month-to-month,Fiber optic,109.4,7227.45,Credit card (automatic),Yes,Female,1,Yes,No
1692,0734-OXWBT,19.3,Baixo,"Contrato mensal, Cliente novo (≤12 meses), Mensalidade alta",3,Month-to-month,DSL,70.7,225.65,Mailed check,No,Male,0,No,Yes
1693,9323-HGFWY,19.3,Baixo,"Internet fibra óptica, Mensalidade alta",27,One year,Fiber optic,101.9,2681.15,Credit card (automatic),Yes,Female,0,Yes,No
1694,8812-ZRHFP,19.3,Baixo,"Internet fibra óptica, Pagamento por cheque eletrônico, Mensalidade alta",30,One year,Fiber optic,86.45,2538.05,Electronic check,No,Female,0,Yes,Yes
1695,1169-WCVAK,19.3,Baixo,"Contrato mensal, Internet fibra óptica, Mensalidade alta",19,Month-to-month,Fiber optic,88.8,1672.35,Credit card (automatic),Yes,Male,0,Yes,No
1696,1297-VQDRP,19.3,Baixo,"Internet fibra óptica, Mensalidade alta",68,One year,Fiber optic,107.15,7379.8,Credit card (automatic),Yes,Male,1,Yes,Yes
1697,1091-SOZGA,19.2,Baixo,"Internet fibra óptica, Mensalidade alta",56,One year,Fiber optic,99.8,5515.45,Credit card (automatic),Yes,Female,0,Yes,Yes
1698,9761-XUJWD,19.2,Baixo,"Contrato mensal, Cliente novo (≤12 meses)",5,Month-to-month,DSL,65.6,339.9,Bank transfer (automatic),Yes,Male,0,No,No
1699,1357-MVDOZ,19.2,Baixo,"Contrato mensal, Cliente novo (≤12 meses)",11,Month-to-month,DSL,59.65,683.25,Bank transfer (automatic),Yes,Male,0,Yes,Yes
1700,6821-JPCDC,19.2,Baixo,"Internet fibra óptica, Pagamento por cheque eletrônico, Mensalidade alta",48,One year,Fiber optic,97.05,4692.95,Electronic check,Yes,Female,0,Yes,No
1701,1448-CYWKC,19.2,Baixo,"Internet fibra óptica, Mensalidade alta",58,One year,Fiber optic,105.2,6225.4,Credit card (automatic),Yes,Female,0,Yes,Yes
1702,4801-JZAZL,19.2,Baixo,"Contrato mensal, Cliente novo (≤12 meses), Pagamento por cheque eletrônico",11,Month-to-month,DSL,29.6,346.45,Electronic check,Yes,Female,0,Yes,Yes
1703,7017-VFULY,19.2,Baixo,"Contrato mensal, Cliente novo (≤12 meses)",2,Month-to-month,No,20.1,43.15,Bank transfer (automatic),No,Female,0,Yes,No
1704,0939-EREMR,19.2,Baixo,Contrato mensal,13,Month-to-month,DSL,53.45,718.1,Mailed check,No,Female,0,No,Yes
1705,7909-FIOIY,19.1,Baixo,Contrato mensal,19,Month-to-month,DSL,24.85,434.8,Mailed check,Yes,Female,0,Yes,Yes
1706,6723-WSNTY,19.1,Baixo,"Internet fibra óptica, Mensalidade alta",66,One year,Fiber optic,108.1,7181.95,Credit card (automatic),Yes,Female,1,Yes,No
1707,8016-NCFVO,19.1,Baixo,"Contrato mensal, Internet fibra óptica, Pagamento por cheque eletrônico, Mensalidade alta",55,Month-to-month,Fiber optic,116.5,6382.55,Electronic check,Yes,Male,1,No,No
1708,0822-QGCXA,19.1,Baixo,"Contrato mensal, Pagamento por cheque eletrônico, Mensalidade alta",27,Month-to-month,DSL,83.85,2310.2,Electronic check,No,Female,1,Yes,No
1709,2186-QZEYA,19.1,Baixo,Contrato mensal,29,Month-to-month,DSL,58.55,1718.95,Bank transfer (automatic),Yes,Female,1,No,No
1710,2073-QBVBI,19.1,Baixo,—,41,One year,DSL,35.45,1391.65,Mailed check,No,Female,0,Yes,No
1711,4118-CEVPF,19.1,Baixo,"Internet fibra óptica, Mensalidade alta",35,One year,Fiber optic,110.8,3836.3,Bank transfer (automatic),Yes,Female,1,No,No
1712,2303-PJYHN,19.1,Baixo,"Contrato mensal, Cliente novo (≤12 meses)",2,Month-to-month,No,19.85,52.0,Bank transfer (automatic),No,Female,0,Yes,No
1713,5578-NKCXI,19.0,Baixo,"Internet fibra óptica, Mensalidade alta",58,One year,Fiber optic,99.25,5846.65,Credit card (automatic),No,Female,0,Yes,Yes
1714,4468-KAZHE,19.0,Baixo,"Contrato mensal, Pagamento por cheque eletrônico",20,Month-to-month,DSL,60.0,1259.35,Electronic check,Yes,Female,1,Yes,No
1715,9659-ZTWSM,19.0,Baixo,"Internet fibra óptica, Mensalidade alta",66,One year,Fiber optic,107.35,7051.95,Bank transfer (automatic),Yes,Male,1,Yes,No
1716,2937-FTHUR,19.0,Baixo,"Contrato mensal, Pagamento por cheque eletrônico",18,Month-to-month,DSL,64.8,1166.7,Electronic check,No,Female,0,No,Yes
1717,5149-TGWDZ,19.0,Baixo,"Internet fibra óptica, Mensalidade alta",21,One year,Fiber optic,104.55,2239.4,Mailed check,Yes,Female,0,No,No
1718,1360-JYXKQ,19.0,Baixo,"Internet fibra óptica, Pagamento por cheque eletrônico, Mensalidade alta",54,One year,Fiber optic,99.1,5437.1,Electronic check,Yes,Female,1,Yes,No
1719,9342-VNIMQ,18.9,Baixo,Contrato mensal,33,Month-to-month,DSL,54.65,1665.2,Bank transfer (automatic),Yes,Male,0,No,No
1720,5223-UZAVK,18.9,Baixo,"Internet fibra óptica, Mensalidade alta",64,One year,Fiber optic,100.3,6603.8,Credit card (automatic),Yes,Male,0,No,No
1721,7596-LDUXP,18.9,Baixo,"Cliente novo (≤12 meses), Internet fibra óptica, Mensalidade alta",12,One year,Fiber optic,85.15,979.05,Credit card (automatic),Yes,Female,0,No,No
1722,6743-HHQPF,18.9,Baixo,Contrato mensal,42,Month-to-month,DSL,25.1,1097.15,Credit card (automatic),Yes,Male,0,Yes,No
1723,6917-YACBP,18.9,Baixo,"Contrato mensal, Internet fibra óptica, Pagamento por cheque eletrônico, Mensalidade alta",59,Month-to-month,Fiber optic,89.75,5496.9,Electronic check,Yes,Female,1,No,No
1724,1442-BQPVU,18.9,Baixo,"Contrato mensal, Pagamento por cheque eletrônico",13,Month-to-month,DSL,29.15,357.15,Electronic check,No,Female,0,No,No
1725,4525-VZCZG,18.9,Baixo,"Internet fibra óptica, Pagamento por cheque eletrônico, Mensalidade alta",54,One year,Fiber optic,105.85,5826.65,Electronic check,Yes,Male,0,No,Yes
1726,9402-ROUMJ,18.9,Baixo,"Internet fibra óptica, Mensalidade alta",67,One year,Fiber optic,100.25,6689.0,Bank transfer (automatic),Yes,Female,0,Yes,Yes
1727,9708-KFDBY,18.9,Baixo,"Contrato mensal, Cliente novo (≤12 meses)",1,Month-to-month,No,20.55,20.55,Credit card (automatic),No,Male,0,No,No
1728,2692-AQCPF,18.9,Baixo,"Internet fibra óptica, Mensalidade alta",65,One year,Fiber optic,108.05,7118.9,Credit card (automatic),Yes,Female,0,Yes,No
1729,1020-JPQOW,18.9,Baixo,"Contrato mensal, Internet fibra óptica, Pagamento por cheque eletrônico, Mensalidade alta",56,Month-to-month,Fiber optic,90.55,5116.6,Electronic check,No,Female,0,Yes,No
1730,5966-EMAZU,18.8,Baixo,"Internet fibra óptica, Mensalidade alta",64,One year,Fiber optic,108.5,6880.85,Mailed check,Yes,Male,0,Yes,No
1731,7025-IWFHT,18.8,Baixo,"Internet fibra óptica, Pagamento por cheque eletrônico, Mensalidade alta",41,One year,Fiber optic,89.55,3729.75,Electronic check,Yes,Male,0,No,No
1732,5353-WILCI,18.8,Baixo,"Contrato mensal, Pagamento por cheque eletrônico",28,Month-to-month,DSL,56.05,1522.65,Electronic check,No,Female,0,No,No
1733,2045-BMBTJ,18.8,Baixo,Contrato mensal,33,Month-to-month,DSL,59.45,1884.65,Bank transfer (automatic),Yes,Female,1,No,No
1734,5843-TTHGI,18.8,Baixo,Contrato mensal,18,Month-to-month,DSL,50.0,892.7,Mailed check,Yes,Female,0,No,No
1735,0365-TRTPY,18.8,Baixo,"Contrato mensal, Internet fibra óptica, Mensalidade alta",37,Month-to-month,Fiber optic,91.2,3382.3,Bank transfer (automatic),No,Female,0,No,No
1736,3256-EZDBI,18.8,Baixo,Contrato mensal,51,Month-to-month,DSL,29.45,1459.35,Credit card (automatic),Yes,Male,1,Yes,No
1737,5056-FIMPT,18.8,Baixo,"Internet fibra óptica, Mensalidade alta",43,One year,Fiber optic,106.0,4532.3,Credit card (automatic),Yes,Female,0,No,Yes
1738,4282-MSACW,18.8,Baixo,"Internet fibra óptica, Mensalidade alta",68,One year,Fiber optic,117.2,8035.95,Credit card (automatic),Yes,Male,0,No,No
1739,2560-PPCHE,18.8,Baixo,"Internet fibra óptica, Mensalidade alta",65,One year,Fiber optic,105.05,6744.25,Bank transfer (automatic),Yes,Female,0,No,No
1740,4123-FCVCB,18.8,Baixo,"Cliente novo (≤12 meses), Mensalidade alta",12,One year,DSL,75.85,854.45,Mailed check,Yes,Female,0,No,No
1741,8992-OBVDG,18.7,Baixo,Contrato mensal,21,Month-to-month,DSL,61.65,1393.6,Mailed check,No,Male,0,No,No
1742,1135-HIORI,18.7,Baixo,"Internet fibra óptica, Pagamento por cheque eletrônico, Mensalidade alta",64,One year,Fiber optic,111.45,7266.95,Electronic check,Yes,Female,0,Yes,Yes
1743,0575-CUQOV,18.7,Baixo,"Internet fibra óptica, Pagamento por cheque eletrônico, Mensalidade alta",60,One year,Fiber optic,97.95,5867.0,Electronic check,Yes,Male,1,Yes,No
1744,9445-ZUEQE,18.7,Baixo,"Contrato mensal, Internet fibra óptica, Mensalidade alta",27,Month-to-month,Fiber optic,85.2,2151.6,Credit card (automatic),Yes,Male,0,Yes,Yes
1745,9402-CXWPL,18.7,Baixo,"Internet fibra óptica, Pagamento por cheque eletrônico, Mensalidade alta",70,One year,Fiber optic,98.9,6838.6,Electronic check,No,Female,0,No,No
1746,2585-KTFRE,18.7,Baixo,"Contrato mensal, Cliente novo (≤12 meses), Mensalidade alta",1,Month-to-month,DSL,70.45,70.45,Bank transfer (automatic),Yes,Male,0,No,Yes
1747,1530-ZTDOZ,18.7,Baixo,Contrato mensal,49,Month-to-month,DSL,40.65,2070.75,Bank transfer (automatic),No,Female,0,Yes,No
1748,0523-VNGTF,18.6,Baixo,"Contrato mensal, Pagamento por cheque eletrônico",52,Month-to-month,DSL,50.5,2566.3,Electronic check,Yes,Female,1,No,No
1749,1810-BOHSY,18.6,Baixo,"Internet fibra óptica, Mensalidade alta",51,One year,Fiber optic,96.4,4911.05,Credit card (automatic),Yes,Male,0,Yes,No
1750,9494-BDNNC,18.6,Baixo,"Internet fibra óptica, Pagamento por cheque eletrônico, Mensalidade alta",66,One year,Fiber optic,95.3,6273.4,Electronic check,No,Male,0,Yes,No
1751,1089-HDMKP,18.6,Baixo,"Contrato mensal, Cliente novo (≤12 meses), Pagamento por cheque eletrônico",11,Month-to-month,DSL,54.55,601.25,Electronic check,Yes,Male,1,No,Yes
1752,8033-ATFAS,18.6,Baixo,Contrato mensal,39,Month-to-month,DSL,59.85,2341.5,Mailed check,Yes,Female,0,Yes,Yes
1753,1125-SNVCK,18.6,Baixo,Contrato mensal,49,Month-to-month,DSL,43.8,2106.05,Mailed check,No,Female,1,No,No
1754,6633-SYEUS,18.6,Baixo,"Contrato mensal, Internet fibra óptica, Mensalidade alta",23,Month-to-month,Fiber optic,83.2,2032.3,Bank transfer (automatic),No,Female,0,No,No
1755,5136-RGMZO,18.5,Baixo,"Contrato mensal, Pagamento por cheque eletrônico, Mensalidade alta",31,Month-to-month,DSL,71.05,2168.15,Electronic check,Yes,Male,0,No,No
1756,5553-AOINX,18.5,Baixo,"Internet fibra óptica, Pagamento por cheque eletrônico, Mensalidade alta",66,One year,Fiber optic,104.9,6891.45,Electronic check,Yes,Female,1,Yes,Yes
1757,4673-KKSLS,18.5,Baixo,"Contrato mensal, Internet fibra óptica, Pagamento por cheque eletrônico, Mensalidade alta",31,Month-to-month,Fiber optic,87.6,2724.25,Electronic check,No,Female,0,No,No
1758,1564-HJUVY,18.5,Baixo,"Contrato mensal, Cliente novo (≤12 meses)",4,Month-to-month,DSL,63.75,226.2,Bank transfer (automatic),Yes,Male,0,No,No
1759,7821-DPRQE,18.5,Baixo,"Contrato mensal, Internet fibra óptica, Pagamento por cheque eletrônico, Mensalidade alta",68,Month-to-month,Fiber optic,107.7,7320.9,Electronic check,Yes,Male,0,Yes,No
1760,5949-HGVJL,18.5,Baixo,"Contrato mensal, Pagamento por cheque eletrônico, Mensalidade alta",26,Month-to-month,DSL,73.05,1959.5,Electronic check,Yes,Female,0,Yes,No
1761,1422-DGUBX,18.4,Baixo,"Internet fibra óptica, Pagamento por cheque eletrônico, Mensalidade alta",32,One year,Fiber optic,79.25,2619.15,Electronic check,Yes,Male,0,Yes,No
1762,3948-FVVRP,18.4,Baixo,"Contrato mensal, Cliente novo (≤12 meses)",9,Month-to-month,DSL,54.8,452.8,Mailed check,No,Male,0,Yes,Yes
1763,2853-CWQFQ,18.4,Baixo,"Contrato mensal, Cliente novo (≤12 meses)",1,Month-to-month,DSL,59.55,59.55,Mailed check,Yes,Male,0,No,Yes
1764,8250-ZNGGW,18.4,Baixo,"Contrato mensal, Cliente novo (≤12 meses)",5,Month-to-month,DSL,59.9,287.85,Credit card (automatic),No,Female,1,No,No
1765,2832-SCUCO,18.4,Baixo,"Contrato mensal, Cliente novo (≤12 meses), Pagamento por cheque eletrônico",2,Month-to-month,No,19.9,57.4,Electronic check,No,Female,0,No,No
1766,2294-DMMUS,18.4,Baixo,"Contrato mensal, Mensalidade alta",62,Month-to-month,DSL,70.45,4300.45,Credit card (automatic),Yes,Female,0,Yes,Yes
1767,2957-JIRMN,18.4,Baixo,"Internet fibra óptica, Pagamento por cheque eletrônico, Mensalidade alta",62,One year,Fiber optic,84.45,4959.15,Electronic check,No,Female,1,No,No
1768,6341-AEVKX,18.4,Baixo,"Internet fibra óptica, Pagamento por cheque eletrônico, Mensalidade alta",62,One year,Fiber optic,104.3,6613.65,Electronic check,Yes,Female,0,Yes,No
1769,2172-EJXVF,18.4,Baixo,"Internet fibra óptica, Pagamento por cheque eletrônico, Mensalidade alta",71,One year,Fiber optic,105.9,7521.95,Electronic check,Yes,Female,1,No,No
1770,5423-BHIXO,18.4,Baixo,"Contrato mensal, Pagamento por cheque eletrônico",32,Month-to-month,DSL,54.2,1739.6,Electronic check,Yes,Female,0,No,No
1771,7905-NJMXS,18.3,Baixo,"Contrato mensal, Cliente novo (≤12 meses), Pagamento por cheque eletrônico",7,Month-to-month,DSL,64.2,475.0,Electronic check,No,Male,1,Yes,No
1772,2898-MRKPI,18.3,Baixo,"Internet fibra óptica, Mensalidade alta",68,One year,Fiber optic,101.05,6770.5,Credit card (automatic),Yes,Male,0,Yes,Yes
1773,3570-YUEKJ,18.3,Baixo,"Contrato mensal, Pagamento por cheque eletrônico",42,Month-to-month,DSL,49.55,2077.95,Electronic check,Yes,Female,0,No,No
1774,9839-ETQOE,18.3,Baixo,"Contrato mensal, Pagamento por cheque eletrônico",43,Month-to-month,DSL,40.45,1912.85,Electronic check,Yes,Male,0,No,Yes
1775,4338-EYCER,18.3,Baixo,Contrato mensal,21,Month-to-month,DSL,54.6,1125.2,Bank transfer (automatic),No,Male,0,Yes,No
1776,0487-RPVUM,18.3,Baixo,"Contrato mensal, Internet fibra óptica, Mensalidade alta",61,Month-to-month,Fiber optic,99.4,5943.65,Bank transfer (automatic),No,Male,0,Yes,No
1777,2683-JXWQQ,18.2,Baixo,Contrato mensal,61,Month-to-month,DSL,33.6,2117.2,Bank transfer (automatic),No,Male,0,Yes,Yes
1778,0440-QEXBZ,18.2,Baixo,Contrato mensal,44,Month-to-month,DSL,50.15,2139.1,Mailed check,Yes,Female,0,No,No
1779,0997-YTLNY,18.2,Baixo,Contrato mensal,19,Month-to-month,DSL,48.8,953.65,Mailed check,No,Female,0,No,Yes
1780,9103-CXVOK,18.2,Baixo,"Contrato mensal, Cliente novo (≤12 meses), Pagamento por cheque eletrônico",1,Month-to-month,No,19.75,19.75,Electronic check,No,Male,0,Yes,Yes
1781,1110-KYLGQ,18.2,Baixo,"Contrato mensal, Internet fibra óptica, Mensalidade alta",63,Month-to-month,Fiber optic,108.25,6780.1,Credit card (automatic),No,Female,0,No,No
1782,7740-KKCXF,18.2,Baixo,Contrato mensal,51,Month-to-month,DSL,30.05,1529.45,Credit card (automatic),Yes,Male,0,Yes,No
1783,7872-RDDLZ,18.2,Baixo,"Contrato mensal, Pagamento por cheque eletrônico",67,Month-to-month,DSL,54.9,3725.5,Electronic check,No,Female,1,No,No
1784,7989-VCQOH,18.2,Baixo,"Contrato mensal, Pagamento por cheque eletrônico, Mensalidade alta",18,Month-to-month,DSL,83.25,1611.15,Electronic check,No,Male,0,Yes,Yes
1785,6050-IJRHS,18.2,Baixo,"Internet fibra óptica, Pagamento por cheque eletrônico, Mensalidade alta",70,One year,Fiber optic,106.5,7397.0,Electronic check,Yes,Female,0,Yes,Yes
1786,0853-NWIFK,18.1,Baixo,"Internet fibra óptica, Pagamento por cheque eletrônico, Mensalidade alta",45,One year,Fiber optic,100.3,4483.95,Electronic check,Yes,Female,0,No,No
1787,5060-TQUQN,18.1,Baixo,"Contrato mensal, Internet fibra óptica, Mensalidade alta",30,Month-to-month,Fiber optic,83.55,2570.2,Bank transfer (automatic),Yes,Male,0,Yes,Yes
1788,8229-MYEJZ,18.1,Baixo,"Contrato mensal, Cliente novo (≤12 meses), Pagamento por cheque eletrônico",10,Month-to-month,DSL,51.2,498.25,Electronic check,No,Female,0,No,No
1789,4816-OKWNX,18.1,Baixo,"Internet fibra óptica, Mensalidade alta",50,One year,Fiber optic,103.4,5236.4,Bank transfer (automatic),Yes,Male,0,Yes,Yes
1790,6284-KMNUF,18.1,Baixo,"Internet fibra óptica, Pagamento por cheque eletrônico, Mensalidade alta",56,One year,Fiber optic,98.0,5270.6,Electronic check,Yes,Female,0,Yes,No
1791,3657-COGMW,18.1,Baixo,"Contrato mensal, Internet fibra óptica, Mensalidade alta",52,Month-to-month,Fiber optic,108.1,5839.3,Credit card (automatic),No,Female,1,No,No
1792,9391-DXGGG,18.1,Baixo,"Internet fibra óptica, Mensalidade alta",44,One year,Fiber optic,89.15,3990.75,Credit card (automatic),No,Female,1,No,No
1793,6563-VNPMN,18.0,Baixo,"Contrato mensal, Internet fibra óptica, Mensalidade alta",45,Month-to-month,Fiber optic,85.7,3778.1,Bank transfer (automatic),Yes,Female,1,No,No
1794,4332-MUOEZ,18.0,Baixo,"Internet fibra óptica, Mensalidade alta",20,One year,Fiber optic,94.3,1818.3,Credit card (automatic),No,Male,1,Yes,Yes
1795,9853-JFZDU,18.0,Baixo,"Contrato mensal, Pagamento por cheque eletrônico",35,Month-to-month,DSL,56.85,1861.1,Electronic check,No,Female,0,Yes,No
1796,8049-WJCLQ,18.0,Baixo,"Contrato mensal, Cliente novo (≤12 meses)",10,Month-to-month,DSL,60.2,563.5,Mailed check,No,Male,0,Yes,Yes
1797,3301-LSLWQ,18.0,Baixo,"Contrato mensal, Pagamento por cheque eletrônico",29,Month-to-month,DSL,66.1,1912.15,Electronic check,Yes,Female,0,No,No
1798,7188-CBBBA,18.0,Baixo,"Internet fibra óptica, Pagamento por cheque eletrônico, Mensalidade alta",65,One year,Fiber optic,95.5,6153.85,Electronic check,Yes,Female,0,No,No
1799,0206-TBWLC,18.0,Baixo,"Internet fibra óptica, Mensalidade alta",54,One year,Fiber optic,114.65,6049.5,Mailed check,Yes,Female,0,Yes,No
1800,8961-QDZZJ,18.0,Baixo,"Internet fibra óptica, Pagamento por cheque eletrônico, Mensalidade alta",57,One year,Fiber optic,95.0,5535.8,Electronic check,Yes,Female,0,Yes,Yes
1801,5198-HQAEN,18.0,Baixo,"Internet fibra óptica, Pagamento por cheque eletrônico, Mensalidade alta",35,One year,Fiber optic,89.7,3165.6,Electronic check,Yes,Male,0,Yes,Yes
1802,0516-OOHAR,17.9,Baixo,"Internet fibra óptica, Mensalidade alta",28,One year,Fiber optic,100.35,2799.0,Bank transfer (automatic),No,Male,0,Yes,Yes
1803,9154-QDGTH,17.9,Baixo,"Internet fibra óptica, Mensalidade alta",43,One year,Fiber optic,104.3,4451.85,Credit card (automatic),Yes,Male,0,Yes,Yes
1804,0136-IFMYD,17.9,Baixo,"Internet fibra óptica, Pagamento por cheque eletrônico, Mensalidade alta",69,Two year,Fiber optic,109.95,7634.25,Electronic check,Yes,Male,1,Yes,No
1805,6614-VBEGU,17.9,Baixo,Contrato mensal,24,Month-to-month,DSL,69.45,1614.05,Bank transfer (automatic),Yes,Female,0,Yes,No
1806,2887-JPYLU,17.9,Baixo,Contrato mensal,41,Month-to-month,DSL,45.2,1841.9,Bank transfer (automatic),No,Female,0,No,Yes
1807,9938-EKRGF,17.9,Baixo,"Contrato mensal, Mensalidade alta",15,Month-to-month,DSL,84.45,1287.85,Mailed check,No,Female,0,No,No
1808,8819-ZBYNA,17.9,Baixo,"Internet fibra óptica, Mensalidade alta",58,Two year,Fiber optic,109.1,6393.65,Credit card (automatic),Yes,Female,0,Yes,No
1809,9475-NNDGC,17.9,Baixo,"Internet fibra óptica, Mensalidade alta",71,One year,Fiber optic,113.15,7953.25,Bank transfer (automatic),Yes,Male,0,Yes,No
1810,1986-PHGZF,17.9,Baixo,Contrato mensal,18,Month-to-month,DSL,58.4,964.9,Credit card (automatic),Yes,Male,1,No,No
1811,8433-WPJTV,17.8,Baixo,"Internet fibra óptica, Mensalidade alta",65,One year,Fiber optic,103.9,6767.1,Bank transfer (automatic),Yes,Female,1,Yes,Yes
1812,7191-ADRGF,17.8,Baixo,—,44,Two year,DSL,54.3,2390.45,Bank transfer (automatic),No,Male,0,Yes,No
1813,6217-TOWGS,17.8,Baixo,"Contrato mensal, Mensalidade alta",17,Month-to-month,DSL,75.4,1322.55,Bank transfer (automatic),Yes,Female,0,Yes,No
1814,0959-WHOKV,17.8,Baixo,"Internet fibra óptica, Pagamento por cheque eletrônico, Mensalidade alta",42,One year,Fiber optic,99.0,4298.45,Electronic check,Yes,Male,0,No,No
1815,6713-OKOMC,17.8,Baixo,"Contrato mensal, Cliente novo (≤12 meses)",10,Month-to-month,DSL,29.75,301.9,Mailed check,No,Female,0,No,No
1816,6465-GSRCL,17.8,Baixo,"Internet fibra óptica, Mensalidade alta",67,One year,Fiber optic,106.6,7244.7,Bank transfer (automatic),Yes,Female,0,No,Yes
1817,7617-EYGLW,17.7,Baixo,"Contrato mensal, Cliente novo (≤12 meses), Pagamento por cheque eletrônico",1,Month-to-month,No,19.45,19.45,Electronic check,No,Male,0,No,No
1818,0895-LMRSF,17.7,Baixo,—,23,One year,DSL,64.9,1509.8,Bank transfer (automatic),Yes,Male,0,No,No
1819,2229-VWQJH,17.7,Baixo,Contrato mensal,24,Month-to-month,DSL,49.3,1233.25,Credit card (automatic),Yes,Female,0,No,No
1820,5542-DHSXL,17.7,Baixo,"Contrato mensal, Cliente novo (≤12 meses)",4,Month-to-month,DSL,54.7,235.05,Mailed check,No,Female,0,Yes,No
1821,9795-VOWON,17.7,Baixo,Cliente novo (≤12 meses),7,One year,DSL,24.35,150.85,Credit card (automatic),Yes,Male,0,No,No
1822,3629-WEAAM,17.7,Baixo,"Contrato mensal, Cliente novo (≤12 meses)",8,Month-to-month,DSL,64.1,504.05,Mailed check,No,Female,0,No,No
1823,9308-ANMVE,17.7,Baixo,"Contrato mensal, Pagamento por cheque eletrônico",47,Month-to-month,DSL,55.3,2654.05,Electronic check,Yes,Male,0,No,Yes
1824,4476-OSWTN,17.7,Baixo,"Internet fibra óptica, Mensalidade alta",69,One year,Fiber optic,110.55,7610.1,Mailed check,Yes,Male,1,Yes,No
1825,9489-UTFKA,17.7,Baixo,"Contrato mensal, Cliente novo (≤12 meses)",8,Month-to-month,DSL,60.9,551.95,Bank transfer (automatic),No,Male,1,Yes,No
1826,6921-OZMFH,17.6,Baixo,"Contrato mensal, Cliente novo (≤12 meses)",5,Month-to-month,DSL,55.7,259.4,Mailed check,Yes,Male,0,Yes,Yes
1827,1697-NVVGY,17.6,Baixo,Contrato mensal,19,Month-to-month,DSL,66.4,1286.05,Bank transfer (automatic),No,Male,1,Yes,No
1828,6994-FGRHH,17.6,Baixo,"Internet fibra óptica, Pagamento por cheque eletrônico, Mensalidade alta",70,One year,Fiber optic,106.15,7475.1,Electronic check,Yes,Male,0,Yes,Yes
1829,5133-VRSAB,17.6,Baixo,"Contrato mensal, Cliente novo (≤12 meses)",8,Month-to-month,DSL,29.35,216.45,Mailed check,No,Male,0,No,No
1830,0851-DFJKB,17.6,Baixo,"Contrato mensal, Pagamento por cheque eletrônico",15,Month-to-month,DSL,58.95,955.15,Electronic check,No,Female,0,No,No
1831,9069-LGEUL,17.6,Baixo,Contrato mensal,23,Month-to-month,DSL,59.95,1406.0,Bank transfer (automatic),Yes,Male,0,Yes,No
1832,2791-SFVEW,17.6,Baixo,"Contrato mensal, Cliente novo (≤12 meses)",9,Month-to-month,No,20.15,238.15,Bank transfer (automatic),No,Female,0,No,No
1833,2927-QRRQV,17.6,Baixo,"Internet fibra óptica, Pagamento por cheque eletrônico, Mensalidade alta",46,One year,Fiber optic,94.65,4312.5,Electronic check,Yes,Male,0,Yes,No
1834,3982-DQLUS,17.5,Baixo,"Contrato mensal, Internet fibra óptica, Pagamento por cheque eletrônico, Mensalidade alta",65,Month-to-month,Fiber optic,85.75,5688.45,Electronic check,Yes,Male,1,Yes,Yes
1835,8148-BPLZQ,17.5,Baixo,"Contrato mensal, Pagamento por cheque eletrônico",34,Month-to-month,DSL,49.8,1734.2,Electronic check,Yes,Male,0,No,No
1836,3272-VUHPV,17.5,Baixo,"Contrato mensal, Cliente novo (≤12 meses)",8,Month-to-month,DSL,56.3,401.5,Bank transfer (automatic),No,Female,0,Yes,Yes
1837,4250-WAROZ,17.5,Baixo,"Contrato mensal, Internet fibra óptica, Pagamento por cheque eletrônico, Mensalidade alta",60,Month-to-month,Fiber optic,93.25,5774.55,Electronic check,Yes,Male,1,Yes,Yes
1838,7803-XOCCZ,17.5,Baixo,"Contrato mensal, Internet fibra óptica, Mensalidade alta",52,Month-to-month,Fiber optic,84.05,4326.8,Bank transfer (automatic),Yes,Female,0,Yes,Yes
1839,3566-VVORZ,17.5,Baixo,"Contrato mensal, Cliente novo (≤12 meses)",12,Month-to-month,DSL,45.9,505.95,Bank transfer (automatic),No,Female,0,Yes,No
1840,0842-IWYCP,17.5,Baixo,Contrato mensal,46,Month-to-month,DSL,44.95,2168.9,Bank transfer (automatic),No,Female,0,No,No
1841,9972-VAFJJ,17.5,Baixo,"Internet fibra óptica, Pagamento por cheque eletrônico, Mensalidade alta",53,One year,Fiber optic,94.0,4871.45,Electronic check,Yes,Female,1,Yes,No
1842,9700-ZCLOT,17.4,Baixo,"Contrato mensal, Cliente novo (≤12 meses)",2,Month-to-month,No,20.0,32.7,Mailed check,No,Male,0,No,No
1843,3186-AJIEK,17.4,Baixo,"Internet fibra óptica, Mensalidade alta",66,Two year,Fiber optic,105.65,6844.5,Bank transfer (automatic),Yes,Male,0,No,No
1844,9415-TPKRV,17.4,Baixo,"Contrato mensal, Cliente novo (≤12 meses), Pagamento por cheque eletrônico",8,Month-to-month,DSL,55.75,446.8,Electronic check,No,Female,0,Yes,Yes
1845,7808-DVWEP,17.4,Baixo,"Contrato mensal, Cliente novo (≤12 meses)",3,Month-to-month,No,20.0,49.65,Bank transfer (automatic),No,Male,0,Yes,No
1846,0811-GSDTP,17.4,Baixo,"Contrato mensal, Pagamento por cheque eletrônico",13,Month-to-month,DSL,30.15,382.2,Electronic check,No,Female,0,No,Yes
1847,4097-YODCF,17.4,Baixo,"Internet fibra óptica, Pagamento por cheque eletrônico, Mensalidade alta",34,One year,Fiber optic,103.8,3470.8,Electronic check,Yes,Male,0,No,Yes
1848,2533-TIBIX,17.4,Baixo,Contrato mensal,15,Month-to-month,DSL,30.2,469.65,Bank transfer (automatic),Yes,Male,0,Yes,Yes
1849,4184-VODJZ,17.4,Baixo,"Internet fibra óptica, Pagamento por cheque eletrônico, Mensalidade alta",63,One year,Fiber optic,91.35,5764.7,Electronic check,Yes,Male,0,Yes,Yes
1850,8652-YHIYU,17.4,Baixo,"Internet fibra óptica, Mensalidade alta",16,One year,Fiber optic,79.5,1264.2,Credit card (automatic),Yes,Female,0,No,Yes
1851,4083-BFNYK,17.4,Baixo,"Internet fibra óptica, Mensalidade alta",38,One year,Fiber optic,95.0,3591.25,Credit card (automatic),No,Female,1,Yes,No
1852,7595-EHCDL,17.4,Baixo,Contrato mensal,32,Month-to-month,DSL,50.6,1653.45,Credit card (automatic),No,Male,0,Yes,Yes
1853,3680-CTHUH,17.4,Baixo,"Internet fibra óptica, Mensalidade alta",60,One year,Fiber optic,116.6,7049.5,Credit card (automatic),Yes,Male,0,No,No
1854,4177-JPDFU,17.4,Baixo,"Contrato mensal, Cliente novo (≤12 meses)",12,Month-to-month,DSL,34.0,442.45,Mailed check,No,Male,0,No,No
1855,0678-RLHVP,17.4,Baixo,"Internet fibra óptica, Pagamento por cheque eletrônico, Mensalidade alta",53,Two year,Fiber optic,105.55,5682.25,Electronic check,No,Female,0,No,No
1856,2019-HDCZY,17.3,Baixo,"Internet fibra óptica, Pagamento por cheque eletrônico, Mensalidade alta",63,Two year,Fiber optic,102.6,6296.75,Electronic check,No,Male,0,Yes,No
1857,7502-BNYGS,17.3,Baixo,Contrato mensal,46,Month-to-month,DSL,69.1,3168.0,Credit card (automatic),Yes,Female,0,Yes,No
1858,0484-FFVBJ,17.3,Baixo,—,32,One year,DSL,64.85,2010.95,Bank transfer (automatic),Yes,Male,0,No,No
1859,4080-IIARD,17.3,Baixo,"Contrato mensal, Pagamento por cheque eletrônico, Mensalidade alta",13,Month-to-month,DSL,76.2,981.45,Electronic check,Yes,Female,0,Yes,No
1860,7940-UQQUG,17.3,Baixo,"Internet fibra óptica, Mensalidade alta",64,One year,Fiber optic,104.4,6721.6,Bank transfer (automatic),Yes,Female,0,Yes,Yes
1861,3391-JSQEW,17.3,Baixo,Contrato mensal,40,Month-to-month,DSL,50.15,2058.5,Mailed check,Yes,Male,0,Yes,No
1862,5193-QLVZB,17.3,Baixo,"Internet fibra óptica, Mensalidade alta",63,Two year,Fiber optic,104.75,6536.5,Bank transfer (automatic),Yes,Male,0,No,No
1863,4075-JFPGR,17.3,Baixo,"Internet fibra óptica, Pagamento por cheque eletrônico, Mensalidade alta",51,One year,Fiber optic,93.5,4619.55,Electronic check,Yes,Female,0,Yes,No
1864,0048-LUMLS,17.3,Baixo,"Internet fibra óptica, Mensalidade alta",37,One year,Fiber optic,91.2,3247.55,Credit card (automatic),No,Male,0,Yes,Yes
1865,3845-FXCYS,17.3,Baixo,"Contrato mensal, Cliente novo (≤12 meses), Pagamento por cheque eletrônico",2,Month-to-month,No,19.65,31.2,Electronic check,Yes,Male,0,No,No
1866,6473-ULUHT,17.3,Baixo,"Contrato mensal, Pagamento por cheque eletrônico, Mensalidade alta",16,Month-to-month,DSL,84.9,1398.25,Electronic check,No,Male,0,Yes,Yes
1867,1360-XFJMR,17.3,Baixo,"Internet fibra óptica, Mensalidade alta",67,One year,Fiber optic,109.7,7344.45,Credit card (automatic),Yes,Female,0,Yes,No
1868,1545-ACTAS,17.3,Baixo,"Internet fibra óptica, Mensalidade alta",48,One year,Fiber optic,99.7,4977.2,Bank transfer (automatic),Yes,Female,0,Yes,Yes
1869,7811-JIVPF,17.2,Baixo,Contrato mensal,23,Month-to-month,DSL,49.7,1081.25,Credit card (automatic),No,Female,0,No,No
1870,0222-CNVPT,17.2,Baixo,Contrato mensal,52,Month-to-month,DSL,48.8,2555.05,Credit card (automatic),Yes,Male,1,No,No
1871,2458-EOMRE,17.2,Baixo,"Contrato mensal, Cliente novo (≤12 meses)",11,Month-to-month,DSL,64.05,733.95,Bank transfer (automatic),No,Female,0,No,No
1872,4422-QVIJA,17.2,Baixo,Contrato mensal,35,Month-to-month,DSL,50.15,1655.35,Mailed check,No,Female,0,No,Yes
1873,7382-DFJTU,17.2,Baixo,Contrato mensal,18,Month-to-month,DSL,55.2,1058.1,Credit card (automatic),No,Male,0,No,No
1874,7078-NVFAM,17.2,Baixo,"Contrato mensal, Pagamento por cheque eletrônico",32,Month-to-month,DSL,35.15,1051.05,Electronic check,Yes,Female,0,Yes,Yes
1875,1950-KSVVJ,17.1,Baixo,"Internet fibra óptica, Mensalidade alta",45,One year,Fiber optic,113.3,5032.25,Mailed check,No,Female,0,Yes,No
1876,6620-JDYNW,17.1,Baixo,Contrato mensal,18,Month-to-month,DSL,60.6,1156.35,Mailed check,Yes,Female,0,No,No
1877,3086-RUCRN,17.1,Baixo,"Contrato mensal, Internet fibra óptica, Mensalidade alta",66,Month-to-month,Fiber optic,103.1,6595.0,Bank transfer (automatic),Yes,Female,0,No,No
1878,6906-MPARY,17.1,Baixo,"Internet fibra óptica, Mensalidade alta",40,One year,Fiber optic,89.6,3488.15,Credit card (automatic),Yes,Male,0,No,No
1879,7148-XZPHA,17.1,Baixo,"Contrato mensal, Internet fibra óptica, Pagamento por cheque eletrônico, Mensalidade alta",55,Month-to-month,Fiber optic,79.4,4238.45,Electronic check,No,Male,0,Yes,Yes
1880,1004-NOZNR,17.1,Baixo,"Internet fibra óptica, Mensalidade alta",56,One year,Fiber optic,94.8,5264.3,Credit card (automatic),No,Male,1,No,Yes
1881,6865-JZNKO,17.1,Baixo,Contrato mensal,30,Month-to-month,DSL,55.3,1530.6,Bank transfer (automatic),Yes,Female,0,No,No
1882,3552-CTCYF,17.1,Baixo,"Internet fibra óptica, Mensalidade alta",63,Two year,Fiber optic,104.8,6597.25,Bank transfer (automatic),Yes,Male,0,Yes,Yes
1883,2700-LUEVA,17.1,Baixo,"Contrato mensal, Cliente novo (≤12 meses)",1,Month-to-month,No,20.75,20.75,Credit card (automatic),No,Male,0,No,No
1884,2651-ZCBXV,17.1,Baixo,"Internet fibra óptica, Mensalidade alta",54,Two year,Fiber optic,108.0,5760.65,Credit card (automatic),Yes,Male,0,No,No
1885,2001-EWBQU,17.0,Baixo,"Internet fibra óptica, Pagamento por cheque eletrônico, Mensalidade alta",60,Two year,Fiber optic,104.7,6333.8,Electronic check,No,Female,0,No,No
1886,4194-WHFCB,17.0,Baixo,"Contrato mensal, Internet fibra óptica, Mensalidade alta",59,Month-to-month,Fiber optic,96.65,5580.8,Bank transfer (automatic),Yes,Female,0,Yes,Yes
1887,8107-RZLNV,17.0,Baixo,"Internet fibra óptica, Mensalidade alta",72,Two year,Fiber optic,106.3,7565.35,Bank transfer (automatic),Yes,Male,0,Yes,No
1888,2773-OVBPK,17.0,Baixo,"Internet fibra óptica, Mensalidade alta",67,Two year,Fiber optic,111.3,7567.2,Bank transfer (automatic),Yes,Male,0,Yes,No
1889,8091-TTVAX,17.0,Baixo,"Internet fibra óptica, Mensalidade alta",58,One year,Fiber optic,100.35,5681.1,Credit card (automatic),No,Male,0,Yes,No
1890,3450-WXOAT,17.0,Baixo,Contrato mensal,46,Month-to-month,DSL,45.2,2065.15,Credit card (automatic),Yes,Male,0,No,No
1891,4079-VTGLK,17.0,Baixo,"Pagamento por cheque eletrônico, Mensalidade alta",30,Two year,DSL,74.85,2181.75,Electronic check,No,Male,1,Yes,No
1892,3413-CSSTH,17.0,Baixo,Contrato mensal,41,Month-to-month,DSL,55.7,2237.55,Bank transfer (automatic),Yes,Male,0,No,No
1893,4822-LPTYJ,17.0,Baixo,"Internet fibra óptica, Mensalidade alta",72,Two year,Fiber optic,103.75,7346.2,Bank transfer (automatic),Yes,Male,0,Yes,No
1894,7799-DSEWS,16.9,Baixo,"Contrato mensal, Pagamento por cheque eletrônico",18,Month-to-month,DSL,68.35,1299.8,Electronic check,Yes,Male,0,No,No
1895,9115-YQHGA,16.9,Baixo,"Contrato mensal, Pagamento por cheque eletrônico",40,Month-to-month,DSL,51.1,2092.9,Electronic check,Yes,Male,0,No,No
1896,1202-KKGFU,16.9,Baixo,"Contrato mensal, Cliente novo (≤12 meses)",12,Month-to-month,DSL,54.2,690.5,Bank transfer (automatic),No,Female,0,Yes,No
1897,9822-BIIGN,16.9,Baixo,"Contrato mensal, Pagamento por cheque eletrônico, Mensalidade alta",53,Month-to-month,DSL,71.85,3827.9,Electronic check,No,Male,0,Yes,Yes
1898,4869-EPIUS,16.9,Baixo,"Internet fibra óptica, Pagamento por cheque eletrônico, Mensalidade alta",56,One year,Fiber optic,80.9,4557.5,Electronic check,Yes,Male,0,Yes,No
1899,3780-DDGSE,16.9,Baixo,"Contrato mensal, Pagamento por cheque eletrônico, Mensalidade alta",35,Month-to-month,DSL,76.05,2747.2,Electronic check,Yes,Male,1,Yes,Yes
1900,7054-ENNGU,16.9,Baixo,"Contrato mensal, Cliente novo (≤12 meses)",9,Month-to-month,DSL,50.85,466.6,Mailed check,No,Female,0,Yes,No
1901,6480-YAGIY,16.9,Baixo,"Internet fibra óptica, Mensalidade alta",45,One year,Fiber optic,112.2,5031.85,Credit card (automatic),No,Male,0,No,No
1902,8582-KRHPJ,16.8,Baixo,Contrato mensal,50,Month-to-month,DSL,35.0,1782.4,Mailed check,Yes,Male,0,No,No
1903,0946-FKYTX,16.8,Baixo,—,52,One year,DSL,30.1,1623.4,Mailed check,No,Male,0,No,No
1904,1958-RNRKS,16.8,Baixo,"Contrato mensal, Pagamento por cheque eletrônico",30,Month-to-month,DSL,49.9,1441.95,Electronic check,No,Male,0,Yes,No
1905,5701-SVCWR,16.8,Baixo,"Contrato mensal, Cliente novo (≤12 meses)",1,Month-to-month,No,24.0,24.0,Mailed check,No,Female,0,No,Yes
1906,3209-ZPKFI,16.8,Baixo,"Contrato mensal, Pagamento por cheque eletrônico",47,Month-to-month,DSL,54.25,2538.2,Electronic check,No,Male,0,Yes,Yes
1907,8294-UIMBA,16.8,Baixo,"Internet fibra óptica, Mensalidade alta",30,One year,Fiber optic,94.4,2638.1,Bank transfer (automatic),Yes,Female,0,No,No
1908,6734-FQAJX,16.8,Baixo,"Internet fibra óptica, Pagamento por cheque eletrônico, Mensalidade alta",67,Two year,Fiber optic,105.05,7171.7,Electronic check,Yes,Male,1,No,No
1909,6261-LHRTG,16.8,Baixo,Contrato mensal,26,Month-to-month,DSL,54.75,1406.9,Credit card (automatic),Yes,Female,0,No,No
1910,3090-LETTY,16.7,Baixo,"Contrato mensal, Cliente novo (≤12 meses)",2,Month-to-month,DSL,60.95,134.6,Bank transfer (automatic),No,Male,0,No,Yes
1911,4132-POCZS,16.7,Baixo,"Contrato mensal, Pagamento por cheque eletrônico",52,Month-to-month,DSL,39.9,2020.9,Electronic check,Yes,Male,0,Yes,No
1912,8663-UPDGF,16.7,Baixo,Contrato mensal,26,Month-to-month,DSL,69.5,1800.05,Bank transfer (automatic),Yes,Female,0,No,No
1913,3723-BFBGR,16.7,Baixo,Contrato mensal,24,Month-to-month,DSL,54.8,1291.3,Credit card (automatic),No,Male,1,No,No
1914,0201-MIBOL,16.6,Baixo,"Internet fibra óptica, Mensalidade alta",66,Two year,Fiber optic,102.4,6471.85,Bank transfer (automatic),Yes,Female,1,No,No
1915,5832-TRLPB,16.6,Baixo,Mensalidade alta,29,One year,DSL,75.35,2243.9,Bank transfer (automatic),Yes,Male,0,No,No
1916,7971-HLVXI,16.6,Baixo,"Internet fibra óptica, Mensalidade alta",72,Two year,Fiber optic,84.5,6130.85,Credit card (automatic),Yes,Male,0,Yes,Yes
1917,0701-TJSEF,16.6,Baixo,"Contrato mensal, Cliente novo (≤12 meses)",9,Month-to-month,DSL,68.25,576.95,Bank transfer (automatic),Yes,Male,0,No,No
1918,6537-OTKMY,16.6,Baixo,Pagamento por cheque eletrônico,15,One year,DSL,50.75,688.2,Electronic check,No,Male,0,No,No
1919,1591-MQJTP,16.6,Baixo,"Internet fibra óptica, Mensalidade alta",51,One year,Fiber optic,93.65,4839.15,Bank transfer (automatic),Yes,Male,1,Yes,No
1920,3307-TLCUD,16.6,Baixo,Contrato mensal,17,Month-to-month,DSL,34.4,592.75,Mailed check,No,Male,0,Yes,No
1921,9906-NHHVC,16.6,Baixo,—,65,Two year,DSL,53.5,3517.9,Bank transfer (automatic),Yes,Female,1,No,No
1922,5569-IDSEY,16.6,Baixo,"Internet fibra óptica, Mensalidade alta",71,One year,Fiber optic,105.7,7472.15,Bank transfer (automatic),Yes,Male,0,Yes,No
1923,1629-DQQVB,16.6,Baixo,Contrato mensal,14,Month-to-month,DSL,50.1,709.5,Bank transfer (automatic),No,Female,0,No,No
1924,9896-UYMIE,16.6,Baixo,"Internet fibra óptica, Mensalidade alta",66,One year,Fiber optic,114.3,7383.7,Bank transfer (automatic),Yes,Male,0,No,No
1925,0274-JKUJR,16.6,Baixo,"Contrato mensal, Cliente novo (≤12 meses)",7,Month-to-month,DSL,58.85,465.7,Mailed check,No,Male,0,Yes,Yes
1926,9309-BZGNT,16.6,Baixo,—,69,One year,DSL,29.8,2134.3,Credit card (automatic),Yes,Male,1,Yes,No
1927,2851-STERV,16.5,Baixo,"Pagamento por cheque eletrônico, Mensalidade alta",35,One year,DSL,73.0,2471.25,Electronic check,Yes,Male,1,No,No
1928,1936-CZAKF,16.5,Baixo,—,49,Two year,DSL,49.65,2409.9,Credit card (automatic),No,Male,0,Yes,No
1929,9163-GHAYE,16.5,Baixo,"Contrato mensal, Pagamento por cheque eletrônico",15,Month-to-month,DSL,48.85,736.8,Electronic check,No,Female,0,No,No
1930,1852-XEMDW,16.5,Baixo,Contrato mensal,22,Month-to-month,DSL,65.05,1427.55,Mailed check,No,Male,0,No,No
1931,6199-IWKGC,16.5,Baixo,"Internet fibra óptica, Pagamento por cheque eletrônico, Mensalidade alta",46,One year,Fiber optic,100.25,4753.85,Electronic check,No,Female,1,Yes,No
1932,5198-EFNBM,16.5,Baixo,"Internet fibra óptica, Pagamento por cheque eletrônico, Mensalidade alta",57,One year,Fiber optic,90.65,5199.8,Electronic check,Yes,Male,1,Yes,No
1933,6483-OATDN,16.5,Baixo,"Contrato mensal, Cliente novo (≤12 meses)",8,Month-to-month,DSL,51.3,411.6,Credit card (automatic),Yes,Male,0,Yes,Yes
1934,5168-MQQCA,16.5,Baixo,"Internet fibra óptica, Mensalidade alta",72,One year,Fiber optic,108.5,8003.8,Bank transfer (automatic),Yes,Female,0,Yes,No
1935,3758-CKOQL,16.5,Baixo,"Internet fibra óptica, Mensalidade alta",59,One year,Fiber optic,107.0,6152.3,Credit card (automatic),Yes,Female,0,Yes,No
1936,1703-MGIAB,16.5,Baixo,Contrato mensal,17,Month-to-month,DSL,69.0,1108.0,Mailed check,Yes,Female,0,No,No
1937,9256-JTBNZ,16.5,Baixo,"Contrato mensal, Cliente novo (≤12 meses)",11,Month-to-month,No,20.3,246.3,Bank transfer (automatic),No,Female,0,No,No
1938,1142-IHLOO,16.4,Baixo,"Internet fibra óptica, Mensalidade alta",51,One year,Fiber optic,87.55,4475.9,Credit card (automatic),No,Female,0,No,No
1939,6993-YCOBK,16.4,Baixo,"Internet fibra óptica, Pagamento por cheque eletrônico, Mensalidade alta",60,Two year,Fiber optic,110.6,6586.85,Electronic check,Yes,Male,0,Yes,Yes
1940,0723-VSOBE,16.4,Baixo,Pagamento por cheque eletrônico,45,One year,DSL,34.2,1596.6,Electronic check,No,Female,1,No,No
1941,7241-AJHFS,16.4,Baixo,"Contrato mensal, Internet fibra óptica, Mensalidade alta",32,Month-to-month,Fiber optic,87.65,2766.4,Bank transfer (automatic),No,Male,0,No,No
1942,8741-LQOBK,16.4,Baixo,Contrato mensal,46,Month-to-month,DSL,35.05,1620.25,Bank transfer (automatic),No,Female,0,Yes,Yes
1943,5734-EJKXG,16.4,Baixo,"Internet fibra óptica, Pagamento por cheque eletrônico, Mensalidade alta",61,One year,Fiber optic,118.6,7365.7,Electronic check,Yes,Female,0,No,No
1944,2798-NYLMZ,16.4,Baixo,"Internet fibra óptica, Mensalidade alta",71,Two year,Fiber optic,108.55,7616.0,Credit card (automatic),Yes,Male,0,Yes,No
1945,4324-AHJKS,16.4,Baixo,"Contrato mensal, Cliente novo (≤12 meses)",5,Month-to-month,DSL,55.8,300.4,Credit card (automatic),No,Female,0,No,No
1946,8263-OKETD,16.4,Baixo,Contrato mensal,20,Month-to-month,DSL,68.9,1370.35,Credit card (automatic),Yes,Female,0,No,No
1947,8082-GHXOP,16.4,Baixo,Contrato mensal,13,Month-to-month,DSL,44.0,659.35,Mailed check,No,Male,0,No,Yes
1948,3807-BPOMJ,16.4,Baixo,"Internet fibra óptica, Pagamento por cheque eletrônico, Mensalidade alta",55,One year,Fiber optic,94.75,5276.1,Electronic check,Yes,Female,0,Yes,No
1949,0036-IHMOT,16.4,Baixo,"Internet fibra óptica, Mensalidade alta",55,One year,Fiber optic,103.7,5656.75,Bank transfer (automatic),Yes,Female,0,Yes,Yes
1950,9501-UKKNL,16.4,Baixo,"Contrato mensal, Pagamento por cheque eletrônico",59,Month-to-month,DSL,51.7,3005.8,Electronic check,Yes,Male,0,No,No
1951,5286-YHCVC,16.4,Baixo,"Internet fibra óptica, Mensalidade alta",72,Two year,Fiber optic,104.8,7470.1,Bank transfer (automatic),Yes,Male,0,Yes,No
1952,2432-TFSMK,16.4,Baixo,"Internet fibra óptica, Mensalidade alta",18,One year,Fiber optic,89.6,1633.0,Credit card (automatic),Yes,Male,0,No,No
1953,7727-SHVZV,16.4,Baixo,"Contrato mensal, Cliente novo (≤12 meses)",9,Month-to-month,No,19.5,150.35,Bank transfer (automatic),No,Female,0,No,No
1954,7319-VENRZ,16.3,Baixo,"Contrato mensal, Cliente novo (≤12 meses)",7,Month-to-month,DSL,64.3,445.95,Bank transfer (automatic),No,Male,0,No,No
1955,3097-IDVPU,16.3,Baixo,Contrato mensal,19,Month-to-month,DSL,50.1,910.45,Credit card (automatic),No,Male,0,Yes,Yes
1956,4323-OHFOW,16.3,Baixo,"Internet fibra óptica, Mensalidade alta",70,One year,Fiber optic,105.55,7195.35,Bank transfer (automatic),Yes,Female,1,Yes,No
1957,3472-OAOOR,16.3,Baixo,Contrato mensal,19,Month-to-month,DSL,34.95,610.2,Mailed check,Yes,Male,0,Yes,Yes
1958,4307-KWMXE,16.3,Baixo,"Contrato mensal, Cliente novo (≤12 meses), Pagamento por cheque eletrônico",10,Month-to-month,DSL,35.75,389.8,Electronic check,No,Male,0,No,No
1959,0699-NDKJM,16.3,Baixo,Contrato mensal,57,Month-to-month,DSL,58.75,3437.45,Bank transfer (automatic),Yes,Female,0,Yes,No
1960,6202-DYYFX,16.3,Baixo,"Internet fibra óptica, Mensalidade alta",22,One year,Fiber optic,76.0,1783.6,Credit card (automatic),Yes,Female,0,No,No
1961,9758-MFWGD,16.3,Baixo,—,48,One year,DSL,29.9,1388.75,Bank transfer (automatic),No,Female,1,Yes,Yes
1962,3316-UWXUY,16.3,Baixo,"Contrato mensal, Internet fibra óptica, Mensalidade alta",50,Month-to-month,Fiber optic,93.5,4747.5,Credit card (automatic),Yes,Male,0,No,No
1963,0330-BGYZE,16.3,Baixo,"Internet fibra óptica, Mensalidade alta",60,One year,Fiber optic,102.5,6157.6,Bank transfer (automatic),No,Male,0,Yes,No
1964,3097-PYWXL,16.3,Baixo,"Contrato mensal, Cliente novo (≤12 meses), Pagamento por cheque eletrônico",4,Month-to-month,No,19.95,82.9,Electronic check,Yes,Female,0,Yes,Yes
1965,6967-QIQRV,16.2,Baixo,"Internet fibra óptica, Pagamento por cheque eletrônico, Mensalidade alta",15,One year,Fiber optic,101.9,1667.25,Electronic check,No,Male,0,Yes,Yes
1966,3327-YBAKM,16.2,Baixo,"Internet fibra óptica, Mensalidade alta",64,One year,Fiber optic,96.9,6314.35,Mailed check,Yes,Female,0,Yes,No
1967,3038-PQIUY,16.2,Baixo,Contrato mensal,38,Month-to-month,DSL,66.15,2522.4,Bank transfer (automatic),Yes,Female,0,No,No
1968,3090-QFUVD,16.2,Baixo,"Contrato mensal, Cliente novo (≤12 meses)",1,Month-to-month,No,20.3,20.3,Credit card (automatic),No,Female,0,No,No
1969,0442-ZXKVS,16.2,Baixo,"Internet fibra óptica, Mensalidade alta",54,One year,Fiber optic,115.6,6431.05,Bank transfer (automatic),Yes,Female,1,Yes,No
1970,8707-RMEZH,16.2,Baixo,"Internet fibra óptica, Mensalidade alta",69,One year,Fiber optic,87.3,6055.55,Credit card (automatic),No,Female,1,Yes,No
1971,9833-TGFHX,16.1,Baixo,"Internet fibra óptica, Pagamento por cheque eletrônico, Mensalidade alta",42,One year,Fiber optic,97.1,4016.75,Electronic check,No,Male,0,Yes,Yes
1972,4431-EDMIQ,16.1,Baixo,"Contrato mensal, Cliente novo (≤12 meses), Pagamento por cheque eletrônico, Mensalidade alta",7,Month-to-month,DSL,75.7,554.05,Electronic check,Yes,Female,0,Yes,Yes
1973,6791-YBNAK,16.1,Baixo,Contrato mensal,18,Month-to-month,DSL,25.55,467.85,Credit card (automatic),No,Male,0,Yes,Yes
1974,5954-BDFSG,16.1,Baixo,"Internet fibra óptica, Mensalidade alta",72,Two year,Fiber optic,107.5,7853.7,Credit card (automatic),Yes,Female,0,No,No
1975,2234-XADUH,16.1,Baixo,"Internet fibra óptica, Mensalidade alta",72,One year,Fiber optic,103.2,7362.9,Credit card (automatic),Yes,Female,0,Yes,Yes
1976,2284-VFLKH,16.1,Baixo,"Internet fibra óptica, Mensalidade alta",49,One year,Fiber optic,99.25,4920.8,Credit card (automatic),Yes,Male,0,Yes,No
1977,9644-KVCNC,16.1,Baixo,"Internet fibra óptica, Mensalidade alta",66,One year,Fiber optic,92.15,6056.9,Bank transfer (automatic),Yes,Female,0,No,No
1978,4544-RXFMG,16.1,Baixo,Cliente novo (≤12 meses),8,One year,DSL,43.45,345.5,Mailed check,Yes,Male,0,Yes,Yes
1979,1573-LGXBA,16.1,Baixo,"Internet fibra óptica, Mensalidade alta",57,One year,Fiber optic,97.55,5598.0,Credit card (automatic),Yes,Male,0,Yes,Yes
1980,9705-IOVQQ,16.0,Baixo,"Internet fibra óptica, Pagamento por cheque eletrônico, Mensalidade alta",61,One year,Fiber optic,99.0,5969.3,Electronic check,No,Male,1,Yes,Yes
1981,3160-TYXLT,16.0,Baixo,Contrato mensal,53,Month-to-month,DSL,46.3,2546.85,Bank transfer (automatic),Yes,Male,0,No,No
1982,9571-EDEBV,16.0,Baixo,"Internet fibra óptica, Mensalidade alta",71,One year,Fiber optic,98.65,6962.85,Credit card (automatic),Yes,Male,0,Yes,No
1983,8224-IVVPA,16.0,Baixo,Contrato mensal,27,Month-to-month,DSL,56.7,1652.95,Mailed check,Yes,Female,0,No,No
1984,0655-YDGFJ,16.0,Baixo,Contrato mensal,29,Month-to-month,DSL,48.95,1323.7,Bank transfer (automatic),No,Male,0,No,No
1985,6549-YMFAW,16.0,Baixo,"Contrato mensal, Cliente novo (≤12 meses)",9,Month-to-month,No,21.25,204.55,Mailed check,Yes,Male,1,Yes,No
1986,8999-XXGNS,16.0,Baixo,"Internet fibra óptica, Mensalidade alta",72,One year,Fiber optic,105.75,7629.85,Credit card (automatic),Yes,Female,1,Yes,No
1987,2055-SIFSS,16.0,Baixo,Contrato mensal,55,Month-to-month,DSL,51.65,2838.55,Bank transfer (automatic),No,Female,1,Yes,No
1988,0961-ZWLVI,15.9,Baixo,"Internet fibra óptica, Mensalidade alta",49,One year,Fiber optic,109.2,5290.45,Credit card (automatic),Yes,Male,0,No,Yes
1989,3164-YAXFY,15.9,Baixo,"Contrato mensal, Pagamento por cheque eletrônico",57,Month-to-month,DSL,53.75,3196.0,Electronic check,Yes,Male,0,No,No
1990,1666-JZPZT,15.9,Baixo,Contrato mensal,27,Month-to-month,DSL,49.0,1291.35,Mailed check,No,Male,0,No,No
1991,9138-EFSMO,15.9,Baixo,"Internet fibra óptica, Mensalidade alta",26,One year,Fiber optic,78.95,2034.25,Bank transfer (automatic),No,Male,0,Yes,Yes
1992,0239-OXEXL,15.8,Baixo,"Contrato mensal, Internet fibra óptica, Mensalidade alta",46,Month-to-month,Fiber optic,84.25,3847.6,Mailed check,No,Female,0,No,No
1993,2250-IVBWA,15.8,Baixo,"Contrato mensal, Internet fibra óptica, Pagamento por cheque eletrônico, Mensalidade alta",64,Month-to-month,Fiber optic,81.05,5135.35,Electronic check,No,Male,0,Yes,Yes
1994,5376-PCKNB,15.8,Baixo,"Internet fibra óptica, Mensalidade alta",72,One year,Fiber optic,104.45,7459.0,Credit card (automatic),Yes,Male,0,Yes,Yes
1995,7163-OCEQI,15.8,Baixo,Mensalidade alta,22,One year,DSL,78.65,1663.75,Mailed check,Yes,Male,0,Yes,Yes
1996,1596-OQSPS,15.7,Baixo,"Contrato mensal, Cliente novo (≤12 meses), Pagamento por cheque eletrônico",11,Month-to-month,DSL,51.1,531.15,Electronic check,No,Female,0,No,No
1997,2486-WYVVE,15.7,Baixo,Mensalidade alta,31,One year,DSL,79.3,2484.0,Mailed check,Yes,Male,0,Yes,No
1998,3470-BTGQO,15.7,Baixo,Contrato mensal,21,Month-to-month,DSL,45.65,985.05,Mailed check,No,Male,0,No,Yes
1999,5327-XOKKY,15.7,Baixo,Mensalidade alta,72,Two year,DSL,73.45,5329.0,Credit card (automatic),Yes,Male,1,Yes,No
2000,6668-CNMFP,15.7,Baixo,"Internet fibra óptica, Mensalidade alta",19,One year,Fiber optic,89.35,1686.85,Bank transfer (automatic),Yes,Female,0,Yes,Yes
2001,6035-RIIOM,15.7,Baixo,"Internet fibra óptica, Mensalidade alta",54,Two year,Fiber optic,97.2,5129.45,Bank transfer (automatic),Yes,Female,0,No,No
2002,3199-NPKCN,15.7,Baixo,"Internet fibra óptica, Pagamento por cheque eletrônico, Mensalidade alta",67,One year,Fiber optic,111.25,7511.65,Electronic check,Yes,Female,0,Yes,No
2003,4374-YMUSQ,15.7,Baixo,"Internet fibra óptica, Mensalidade alta",34,One year,Fiber optic,116.25,3899.05,Credit card (automatic),No,Male,0,No,No
2004,3428-MMGUB,15.7,Baixo,"Internet fibra óptica, Pagamento por cheque eletrônico, Mensalidade alta",60,Two year,Fiber optic,89.55,5231.2,Electronic check,Yes,Male,0,No,No
2005,2851-MMUTZ,15.7,Baixo,Contrato mensal,27,Month-to-month,DSL,56.15,1439.35,Mailed check,Yes,Female,0,No,No
2006,5686-CMAWK,15.7,Baixo,"Internet fibra óptica, Pagamento por cheque eletrônico, Mensalidade alta",17,One year,Fiber optic,86.75,1410.25,Electronic check,No,Male,0,No,No
2007,1134-YWTYF,15.7,Baixo,"Contrato mensal, Pagamento por cheque eletrônico",27,Month-to-month,DSL,53.8,1389.85,Electronic check,Yes,Male,0,Yes,No
2008,7537-CBQUZ,15.7,Baixo,"Contrato mensal, Internet fibra óptica, Mensalidade alta",63,Month-to-month,Fiber optic,109.4,7031.45,Bank transfer (automatic),Yes,Male,1,No,No
2009,8735-IJJEG,15.7,Baixo,Contrato mensal,14,Month-to-month,DSL,50.2,668.85,Credit card (automatic),No,Male,0,Yes,No
2010,5760-WRAHC,15.7,Baixo,Contrato mensal,22,Month-to-month,DSL,69.75,1545.4,Mailed check,Yes,Female,1,No,No
2011,8100-HZZLJ,15.6,Baixo,"Contrato mensal, Pagamento por cheque eletrônico",43,Month-to-month,DSL,63.95,2737.05,Electronic check,Yes,Female,0,No,Yes
2012,4908-XAXAY,15.6,Baixo,"Internet fibra óptica, Mensalidade alta",49,One year,Fiber optic,89.85,4287.2,Bank transfer (automatic),Yes,Female,1,No,No
2013,1353-LJWEM,15.6,Baixo,"Contrato mensal, Cliente novo (≤12 meses), Pagamento por cheque eletrônico",11,Month-to-month,DSL,60.9,688.5,Electronic check,Yes,Male,0,No,No
2014,1121-QSIVB,15.6,Baixo,Mensalidade alta,44,One year,DSL,77.55,3471.1,Mailed check,Yes,Female,0,No,Yes
2015,2324-EFHVG,15.6,Baixo,"Internet fibra óptica, Mensalidade alta",64,Two year,Fiber optic,104.4,6692.65,Bank transfer (automatic),Yes,Male,0,No,No
2016,6035-BXTTY,15.6,Baixo,Contrato mensal,32,Month-to-month,DSL,54.65,1830.1,Bank transfer (automatic),No,Female,1,No,No
2017,1347-KTTTA,15.5,Baixo,"Internet fibra óptica, Mensalidade alta",64,One year,Fiber optic,102.45,6654.1,Credit card (automatic),Yes,Male,0,Yes,No
2018,7143-BQIBA,15.5,Baixo,"Contrato mensal, Cliente novo (≤12 meses)",10,Month-to-month,DSL,62.25,612.95,Bank transfer (automatic),No,Male,0,No,No
2019,7926-IJOOU,15.5,Baixo,"Contrato mensal, Cliente novo (≤12 meses)",1,Month-to-month,No,19.3,19.3,Credit card (automatic),No,Male,0,No,No
2020,2419-FSORS,15.5,Baixo,"Internet fibra óptica, Pagamento por cheque eletrônico, Mensalidade alta",72,Two year,Fiber optic,108.4,7719.5,Electronic check,Yes,Male,0,Yes,No
2021,0345-XMMUG,15.5,Baixo,"Internet fibra óptica, Mensalidade alta",46,Two year,Fiber optic,108.9,4854.3,Credit card (automatic),Yes,Female,0,Yes,No
2022,8111-BKVDS,15.5,Baixo,"Contrato mensal, Cliente novo (≤12 meses)",10,Month-to-month,DSL,40.7,449.3,Bank transfer (automatic),No,Female,0,No,No
2023,5360-LJCNJ,15.5,Baixo,"Internet fibra óptica, Mensalidade alta",71,Two year,Fiber optic,105.15,7555.0,Bank transfer (automatic),Yes,Female,0,Yes,No
2024,2519-ERQOJ,15.5,Baixo,"Contrato mensal, Pagamento por cheque eletrônico",33,Month-to-month,DSL,54.6,1803.7,Electronic check,Yes,Male,1,No,No
2025,0282-NVSJS,15.5,Baixo,"Contrato mensal, Cliente novo (≤12 meses)",12,Month-to-month,DSL,29.3,355.9,Mailed check,Yes,Female,1,Yes,Yes
2026,5443-SCMKX,15.5,Baixo,"Internet fibra óptica, Pagamento por cheque eletrônico, Mensalidade alta",58,One year,Fiber optic,94.3,5610.15,Electronic check,Yes,Female,0,Yes,No
2027,2931-SVLTV,15.5,Baixo,"Contrato mensal, Internet fibra óptica, Mensalidade alta",40,Month-to-month,Fiber optic,110.1,4469.1,Credit card (automatic),Yes,Male,0,Yes,Yes
2028,5709-LVOEQ,15.5,Baixo,"Cliente novo (≤12 meses), Mensalidade alta",0,Two year,DSL,80.85,0.0,Mailed check,No,Female,0,Yes,Yes
2029,9746-MDMBK,15.5,Baixo,"Internet fibra óptica, Mensalidade alta",47,One year,Fiber optic,113.45,5317.8,Bank transfer (automatic),Yes,Male,0,Yes,Yes
2030,4622-YNKIJ,15.5,Baixo,"Internet fibra óptica, Pagamento por cheque eletrônico, Mensalidade alta",33,Two year,Fiber optic,88.95,3027.65,Electronic check,Yes,Male,0,No,No
2031,1855-CFULU,15.4,Baixo,"Contrato mensal, Cliente novo (≤12 meses)",4,Month-to-month,No,20.05,91.45,Mailed check,No,Female,1,No,No
2032,1485-YDHMM,15.4,Baixo,"Contrato mensal, Internet fibra óptica, Mensalidade alta",52,Month-to-month,Fiber optic,93.25,4631.7,Bank transfer (automatic),Yes,Male,0,Yes,Yes
2033,6907-CQGPN,15.4,Baixo,"Contrato mensal, Pagamento por cheque eletrônico",29,Month-to-month,DSL,34.3,1004.75,Electronic check,No,Male,0,No,No
2034,1543-LLLFT,15.4,Baixo,"Internet fibra óptica, Mensalidade alta",61,One year,Fiber optic,98.3,6066.55,Mailed check,Yes,Male,1,Yes,No
2035,2259-OUUSZ,15.4,Baixo,Cliente novo (≤12 meses),7,One year,DSL,35.5,249.55,Credit card (automatic),Yes,Male,0,No,No
2036,5924-IFQTT,15.4,Baixo,"Contrato mensal, Pagamento por cheque eletrônico, Mensalidade alta",13,Month-to-month,DSL,72.8,930.05,Electronic check,Yes,Male,0,Yes,Yes
2037,1370-GGAWX,15.4,Baixo,"Internet fibra óptica, Pagamento por cheque eletrônico, Mensalidade alta",46,One year,Fiber optic,94.15,4408.45,Electronic check,Yes,Female,0,No,No
2038,4923-ADWXJ,15.4,Baixo,Contrato mensal,25,Month-to-month,DSL,65.8,1679.65,Bank transfer (automatic),Yes,Female,0,No,No
2039,5312-IRCFR,15.4,Baixo,"Internet fibra óptica, Pagamento por cheque eletrônico, Mensalidade alta",64,One year,Fiber optic,92.85,5980.75,Electronic check,Yes,Female,0,Yes,Yes
2040,6655-LHBYW,15.4,Baixo,"Internet fibra óptica, Mensalidade alta",50,One year,Fiber optic,114.35,5791.1,Credit card (automatic),No,Male,0,No,No
2041,7964-ZRKKG,15.4,Baixo,"Internet fibra óptica, Mensalidade alta",67,One year,Fiber optic,88.4,5798.3,Bank transfer (automatic),Yes,Male,0,Yes,No
2042,9000-PLFUZ,15.4,Baixo,—,60,Two year,DSL,49.45,2907.55,Credit card (automatic),Yes,Female,1,Yes,No
2043,9060-HJJRW,15.4,Baixo,—,51,One year,DSL,56.4,2928.5,Credit card (automatic),Yes,Female,0,No,No
2044,3096-WPXBT,15.4,Baixo,"Internet fibra óptica, Mensalidade alta",61,One year,Fiber optic,100.7,6018.65,Credit card (automatic),Yes,Female,0,Yes,Yes
2045,1051-GEJLJ,15.4,Baixo,"Contrato mensal, Cliente novo (≤12 meses)",2,Month-to-month,No,19.5,27.55,Mailed check,No,Female,0,No,No
2046,9107-UKCKY,15.4,Baixo,"Pagamento por cheque eletrônico, Mensalidade alta",61,One year,DSL,79.8,4914.8,Electronic check,Yes,Male,0,Yes,No
2047,0369-ZGOVK,15.3,Baixo,"Internet fibra óptica, Mensalidade alta",28,One year,Fiber optic,70.4,1992.2,Bank transfer (automatic),Yes,Female,0,Yes,Yes
2048,7159-NOKYQ,15.3,Baixo,"Internet fibra óptica, Pagamento por cheque eletrônico, Mensalidade alta",67,Two year,Fiber optic,93.15,6368.2,Electronic check,Yes,Male,0,Yes,No
2049,8644-XYTSV,15.3,Baixo,Contrato mensal,42,Month-to-month,DSL,40.15,1626.05,Bank transfer (automatic),Yes,Male,0,Yes,No
2050,0774-IFUVM,15.3,Baixo,"Contrato mensal, Cliente novo (≤12 meses)",11,Month-to-month,DSL,65.15,723.35,Bank transfer (automatic),Yes,Male,0,Yes,Yes
2051,3638-DIMPH,15.3,Baixo,Pagamento por cheque eletrônico,13,One year,DSL,43.8,592.65,Electronic check,No,Female,0,Yes,No
2052,4456-RHSNB,15.3,Baixo,Contrato mensal,19,Month-to-month,DSL,49.6,962.9,Bank transfer (automatic),Yes,Female,0,Yes,Yes
2053,7787-BNTZM,15.3,Baixo,"Contrato mensal, Cliente novo (≤12 meses)",6,Month-to-month,No,20.15,130.5,Bank transfer (automatic),No,Male,0,No,No
2054,4973-RLZVI,15.3,Baixo,Mensalidade alta,30,One year,DSL,74.65,2308.6,Credit card (automatic),No,Female,0,No,No
2055,2446-ZKVAF,15.3,Baixo,Contrato mensal,18,Month-to-month,DSL,56.8,1074.65,Credit card (automatic),No,Male,0,Yes,No
2056,8707-HOEDG,15.2,Baixo,"Internet fibra óptica, Pagamento por cheque eletrônico, Mensalidade alta",70,Two year,Fiber optic,110.2,7689.8,Electronic check,Yes,Female,0,Yes,Yes
2057,0186-CAERR,15.2,Baixo,"Internet fibra óptica, Mensalidade alta",71,One year,Fiber optic,116.3,8309.55,Bank transfer (automatic),Yes,Male,0,No,No
2058,4646-QZXTF,15.2,Baixo,"Contrato mensal, Cliente novo (≤12 meses), Mensalidade alta",7,Month-to-month,DSL,81.25,580.1,Bank transfer (automatic),No,Female,0,Yes,No
2059,8311-UEUAB,15.2,Baixo,"Pagamento por cheque eletrônico, Mensalidade alta",67,Two year,DSL,75.5,5229.45,Electronic check,Yes,Female,0,Yes,Yes
2060,4439-YRNVD,15.2,Baixo,"Contrato mensal, Cliente novo (≤12 meses), Pagamento por cheque eletrônico",10,Month-to-month,DSL,36.25,374.0,Electronic check,No,Female,0,No,No
2061,7074-STDCN,15.1,Baixo,"Contrato mensal, Pagamento por cheque eletrônico",39,Month-to-month,DSL,40.6,1494.5,Electronic check,Yes,Male,0,No,No
2062,9480-BQJEI,15.1,Baixo,"Internet fibra óptica, Mensalidade alta",62,One year,Fiber optic,92.3,5731.45,Bank transfer (automatic),Yes,Male,0,No,No
2063,2882-DDZPG,15.1,Baixo,"Contrato mensal, Cliente novo (≤12 meses)",12,Month-to-month,No,19.45,227.45,Bank transfer (automatic),No,Female,0,No,No
2064,2542-HYGIQ,15.1,Baixo,"Contrato mensal, Cliente novo (≤12 meses)",1,Month-to-month,No,19.95,19.95,Credit card (automatic),No,Female,0,No,No
2065,5309-TAIKL,15.1,Baixo,"Contrato mensal, Cliente novo (≤12 meses)",7,Month-to-month,DSL,62.8,418.3,Bank transfer (automatic),No,Female,0,No,No
2066,4827-LTQRJ,15.1,Baixo,"Internet fibra óptica, Mensalidade alta",66,One year,Fiber optic,110.6,7210.85,Credit card (automatic),Yes,Female,1,Yes,Yes
2067,1017-FBQMM,15.1,Baixo,"Internet fibra óptica, Mensalidade alta",62,One year,Fiber optic,106.05,6703.5,Credit card (automatic),Yes,Female,0,Yes,Yes
2068,0786-IVLAW,15.0,Baixo,"Internet fibra óptica, Mensalidade alta",66,One year,Fiber optic,108.1,7238.6,Bank transfer (automatic),No,Female,1,No,No
2069,8967-SZQAS,15.0,Baixo,"Contrato mensal, Pagamento por cheque eletrônico",14,Month-to-month,DSL,50.45,765.45,Electronic check,No,Female,0,No,No
2070,5325-UWTWJ,15.0,Baixo,"Contrato mensal, Internet fibra óptica, Mensalidade alta",31,Month-to-month,Fiber optic,90.55,2929.75,Credit card (automatic),Yes,Male,0,Yes,No
2071,3221-CJMSG,15.0,Baixo,Contrato mensal,24,Month-to-month,DSL,51.1,1269.6,Credit card (automatic),Yes,Male,0,No,No
2072,8894-JVDCV,15.0,Baixo,"Internet fibra óptica, Mensalidade alta",62,One year,Fiber optic,115.05,7133.45,Credit card (automatic),Yes,Female,0,No,No
2073,4501-UYKBC,15.0,Baixo,—,46,One year,DSL,69.1,3255.35,Credit card (automatic),Yes,Female,1,No,No
2074,2061-VVFST,15.0,Baixo,Contrato mensal,37,Month-to-month,No,19.5,805.2,Bank transfer (automatic),No,Female,0,Yes,No
2075,8627-ZYGSZ,15.0,Baixo,"Internet fibra óptica, Pagamento por cheque eletrônico, Mensalidade alta",47,One year,Fiber optic,78.9,3650.35,Electronic check,Yes,Male,0,Yes,No
2076,7402-PWYJJ,14.9,Baixo,"Internet fibra óptica, Pagamento por cheque eletrônico, Mensalidade alta",53,One year,Fiber optic,91.15,4862.5,Electronic check,Yes,Female,0,Yes,No
2077,6131-FOYAS,14.9,Baixo,"Contrato mensal, Pagamento por cheque eletrônico",35,Month-to-month,DSL,59.6,2094.9,Electronic check,Yes,Male,0,No,No
2078,9926-PJHDQ,14.9,Baixo,Mensalidade alta,72,Two year,DSL,76.8,5468.45,Bank transfer (automatic),Yes,Female,0,Yes,Yes
2079,2475-MROZF,14.9,Baixo,"Contrato mensal, Internet fibra óptica, Mensalidade alta",30,Month-to-month,Fiber optic,95.0,2852.4,Credit card (automatic),Yes,Male,0,No,No
2080,9848-JQJTX,14.9,Baixo,"Internet fibra óptica, Mensalidade alta",72,Two year,Fiber optic,100.9,7459.05,Bank transfer (automatic),Yes,Male,0,No,No
2081,9481-IEBZY,14.9,Baixo,"Contrato mensal, Internet fibra óptica, Mensalidade alta",72,Month-to-month,Fiber optic,112.9,8061.5,Credit card (automatic),Yes,Male,1,Yes,No
2082,8417-GSODA,14.9,Baixo,"Internet fibra óptica, Mensalidade alta",28,One year,Fiber optic,92.2,2568.15,Bank transfer (automatic),No,Male,0,Yes,Yes
2083,9036-CSKBW,14.9,Baixo,"Internet fibra óptica, Mensalidade alta",51,One year,Fiber optic,107.45,5680.9,Bank transfer (automatic),No,Female,0,No,No
2084,2530-FMFXO,14.8,Baixo,"Internet fibra óptica, Pagamento por cheque eletrônico, Mensalidade alta",56,Two year,Fiber optic,103.2,5873.75,Electronic check,Yes,Male,0,Yes,Yes
2085,2972-YDYUW,14.8,Baixo,"Internet fibra óptica, Pagamento por cheque eletrônico, Mensalidade alta",57,One year,Fiber optic,94.7,5468.95,Electronic check,No,Female,0,No,No
2086,9058-HRZSV,14.8,Baixo,"Contrato mensal, Internet fibra óptica, Pagamento por cheque eletrônico, Mensalidade alta",65,Month-to-month,Fiber optic,94.4,6126.15,Electronic check,No,Female,1,Yes,No
2087,6075-QMNRR,14.8,Baixo,Contrato mensal,52,Month-to-month,DSL,49.75,2535.55,Bank transfer (automatic),Yes,Female,0,No,No
2088,2266-SJNAT,14.8,Baixo,"Internet fibra óptica, Mensalidade alta",72,One year,Fiber optic,109.15,7789.6,Credit card (automatic),No,Female,0,Yes,No
2089,3640-JQGJG,14.8,Baixo,Contrato mensal,13,Month-to-month,DSL,44.8,559.2,Bank transfer (automatic),No,Male,0,Yes,Yes
2090,1376-HHBDV,14.8,Baixo,Contrato mensal,30,Month-to-month,DSL,48.8,1536.75,Mailed check,Yes,Female,0,No,No
2091,0887-WBJVH,14.8,Baixo,"Internet fibra óptica, Pagamento por cheque eletrônico, Mensalidade alta",53,One year,Fiber optic,93.45,4872.2,Electronic check,Yes,Female,0,Yes,No
2092,9314-QDMDW,14.8,Baixo,"Cliente novo (≤12 meses), Pagamento por cheque eletrônico",11,One year,DSL,61.25,729.95,Electronic check,Yes,Male,0,No,No
2093,7789-CRUVC,14.8,Baixo,"Contrato mensal, Internet fibra óptica, Mensalidade alta",61,Month-to-month,Fiber optic,94.2,5895.45,Credit card (automatic),Yes,Female,1,Yes,No
2094,9143-CANJF,14.7,Baixo,"Contrato mensal, Pagamento por cheque eletrônico",24,Month-to-month,DSL,55.15,1319.85,Electronic check,No,Female,0,Yes,Yes
2095,2923-ARZLG,14.7,Baixo,Cliente novo (≤12 meses),0,One year,No,19.7,0.0,Mailed check,Yes,Male,0,Yes,Yes
2096,3863-QSTYI,14.7,Baixo,"Contrato mensal, Pagamento por cheque eletrônico",59,Month-to-month,DSL,64.65,3735.45,Electronic check,Yes,Male,0,No,No
2097,1229-RCALF,14.7,Baixo,"Internet fibra óptica, Pagamento por cheque eletrônico, Mensalidade alta",64,One year,Fiber optic,115.0,7396.15,Electronic check,Yes,Female,0,Yes,No
2098,6797-UCJHZ,14.7,Baixo,"Internet fibra óptica, Mensalidade alta",66,One year,Fiber optic,104.6,6819.45,Credit card (automatic),No,Female,1,Yes,No
2099,9031-ZVQPT,14.7,Baixo,"Internet fibra óptica, Pagamento por cheque eletrônico, Mensalidade alta",72,Two year,Fiber optic,108.2,7840.6,Electronic check,Yes,Male,0,Yes,No
2100,7816-VGHTO,14.7,Baixo,Cliente novo (≤12 meses),6,Two year,DSL,40.55,217.5,Mailed check,No,Female,0,Yes,Yes
2101,1131-SUEKT,14.7,Baixo,"Internet fibra óptica, Mensalidade alta",61,One year,Fiber optic,98.45,6145.2,Bank transfer (automatic),Yes,Male,0,Yes,Yes
2102,9837-FWLCH,14.6,Baixo,"Contrato mensal, Cliente novo (≤12 meses), Pagamento por cheque eletrônico",12,Month-to-month,No,19.2,239.0,Electronic check,Yes,Male,0,Yes,Yes
2103,4415-WNGVR,14.6,Baixo,"Cliente novo (≤12 meses), Pagamento por cheque eletrônico, Mensalidade alta",12,One year,DSL,79.2,943.85,Electronic check,Yes,Female,1,Yes,No
2104,4396-KLSEH,14.6,Baixo,"Contrato mensal, Cliente novo (≤12 meses), Pagamento por cheque eletrônico",4,Month-to-month,No,19.85,63.0,Electronic check,Yes,Male,0,No,No
2105,0128-MKWSG,14.6,Baixo,Contrato mensal,26,Month-to-month,DSL,45.8,1147.0,Mailed check,No,Female,0,No,Yes
2106,9715-WZCLW,14.6,Baixo,"Internet fibra óptica, Pagamento por cheque eletrônico, Mensalidade alta",71,Two year,Fiber optic,97.2,6910.3,Electronic check,Yes,Male,0,Yes,Yes
2107,5307-UVGNB,14.6,Baixo,Contrato mensal,53,Month-to-month,DSL,48.7,2495.2,Bank transfer (automatic),Yes,Female,0,Yes,Yes
2108,1096-ADRUX,14.5,Baixo,"Internet fibra óptica, Mensalidade alta",66,One year,Fiber optic,74.25,4859.25,Bank transfer (automatic),Yes,Female,0,Yes,Yes
2109,1400-WIVLL,14.5,Baixo,"Internet fibra óptica, Pagamento por cheque eletrônico, Mensalidade alta",57,Two year,Fiber optic,107.95,5969.85,Electronic check,No,Male,0,Yes,No
2110,4232-JGKIY,14.5,Baixo,"Contrato mensal, Cliente novo (≤12 meses), Pagamento por cheque eletrônico",1,Month-to-month,No,19.2,19.2,Electronic check,No,Male,0,No,No
2111,2212-LYASK,14.5,Baixo,—,27,One year,DSL,45.85,1246.4,Credit card (automatic),Yes,Male,0,Yes,Yes
2112,1163-ONYEY,14.5,Baixo,"Contrato mensal, Mensalidade alta",41,Month-to-month,DSL,74.55,3023.55,Credit card (automatic),Yes,Male,0,Yes,Yes
2113,0384-RVBPI,14.5,Baixo,Contrato mensal,20,Month-to-month,DSL,64.4,1398.6,Credit card (automatic),No,Male,0,No,No
2114,7820-ZYGNY,14.5,Baixo,"Internet fibra óptica, Mensalidade alta",63,One year,Fiber optic,90.45,5825.5,Credit card (automatic),No,Male,0,No,No
2115,7797-EJMDP,14.5,Baixo,"Contrato mensal, Cliente novo (≤12 meses)",8,Month-to-month,DSL,66.05,574.5,Bank transfer (automatic),No,Female,0,No,No
2116,1282-IHQAC,14.5,Baixo,—,70,One year,DSL,44.05,3011.65,Credit card (automatic),Yes,Male,1,No,No
2117,9754-CLVZW,14.5,Baixo,Contrato mensal,26,Month-to-month,DSL,38.85,1025.15,Credit card (automatic),No,Female,0,Yes,Yes
2118,5945-AZYHT,14.5,Baixo,"Internet fibra óptica, Pagamento por cheque eletrônico, Mensalidade alta",71,One year,Fiber optic,109.6,7854.15,Electronic check,Yes,Male,0,Yes,No
2119,3635-JBPSG,14.5,Baixo,—,15,Two year,DSL,38.8,603.0,Mailed check,Yes,Female,0,No,No
2120,2969-WGHQO,14.5,Baixo,"Cliente novo (≤12 meses), Pagamento por cheque eletrônico",7,One year,DSL,69.45,477.05,Electronic check,No,Female,0,Yes,Yes
2121,7691-XVTZH,14.4,Baixo,"Internet fibra óptica, Mensalidade alta",68,Two year,Fiber optic,89.95,5974.3,Bank transfer (automatic),Yes,Female,0,Yes,No
2122,7964-YESJC,14.4,Baixo,Contrato mensal,24,Month-to-month,DSL,66.3,1559.45,Mailed check,No,Female,0,Yes,No
2123,5478-JJVZK,14.4,Baixo,Contrato mensal,33,Month-to-month,DSL,60.9,2033.85,Mailed check,Yes,Female,0,No,No
2124,5811-IWXYM,14.4,Baixo,"Internet fibra óptica, Mensalidade alta",52,One year,Fiber optic,101.25,5301.1,Bank transfer (automatic),No,Female,0,Yes,Yes
2125,3022-BEXHZ,14.3,Baixo,"Internet fibra óptica, Mensalidade alta",67,Two year,Fiber optic,111.2,7530.8,Bank transfer (automatic),Yes,Male,0,Yes,Yes
2126,2801-NISEI,14.3,Baixo,"Contrato mensal, Pagamento por cheque eletrônico",24,Month-to-month,DSL,54.95,1348.5,Electronic check,No,Male,0,No,No
2127,9128-CPXKI,14.3,Baixo,"Internet fibra óptica, Pagamento por cheque eletrônico, Mensalidade alta",59,Two year,Fiber optic,95.8,5655.45,Electronic check,No,Female,0,No,No
2128,2277-BKJKN,14.3,Baixo,"Internet fibra óptica, Pagamento por cheque eletrônico, Mensalidade alta",71,Two year,Fiber optic,99.2,7213.75,Electronic check,Yes,Female,1,Yes,No
2129,7285-KLOTR,14.3,Baixo,"Cliente novo (≤12 meses), Pagamento por cheque eletrônico, Mensalidade alta",12,One year,DSL,78.85,876.75,Electronic check,No,Female,0,Yes,No
2130,0872-JCPIB,14.3,Baixo,Contrato mensal,17,Month-to-month,DSL,65.75,1111.2,Bank transfer (automatic),No,Male,0,No,No
2131,1360-RCYRT,14.3,Baixo,Contrato mensal,23,Month-to-month,DSL,30.35,678.75,Bank transfer (automatic),Yes,Male,0,Yes,Yes
2132,1104-FEJAM,14.2,Baixo,"Contrato mensal, Pagamento por cheque eletrônico",28,Month-to-month,DSL,64.4,1802.15,Electronic check,No,Male,0,Yes,Yes
2133,8561-NMTBD,14.2,Baixo,"Internet fibra óptica, Mensalidade alta",67,One year,Fiber optic,112.35,7388.45,Credit card (automatic),Yes,Female,0,Yes,Yes
2134,6959-GQEGV,14.2,Baixo,"Contrato mensal, Pagamento por cheque eletrônico, Mensalidade alta",45,Month-to-month,DSL,75.95,3273.8,Electronic check,Yes,Male,0,No,No
2135,6308-CQRBU,14.2,Baixo,"Internet fibra óptica, Pagamento por cheque eletrônico, Mensalidade alta",71,Two year,Fiber optic,109.25,7707.7,Electronic check,No,Female,0,Yes,No
2136,7951-VRDVK,14.2,Baixo,Mensalidade alta,36,One year,DSL,85.85,3003.55,Bank transfer (automatic),No,Female,0,No,No
2137,5619-PTMIK,14.2,Baixo,"Contrato mensal, Pagamento por cheque eletrônico",46,Month-to-month,DSL,53.1,2459.8,Electronic check,No,Female,0,Yes,No
2138,0580-PIQHM,14.2,Baixo,"Internet fibra óptica, Mensalidade alta",41,One year,Fiber optic,101.6,3930.55,Bank transfer (automatic),Yes,Female,0,Yes,Yes
2139,4355-CVPVS,14.1,Baixo,"Internet fibra óptica, Mensalidade alta",56,One year,Fiber optic,88.9,4968.0,Bank transfer (automatic),No,Female,0,Yes,Yes
2140,0479-HMSWA,14.1,Baixo,"Internet fibra óptica, Pagamento por cheque eletrônico, Mensalidade alta",26,Two year,Fiber optic,105.45,2715.3,Electronic check,Yes,Female,0,No,Yes
2141,2155-AMQRX,14.1,Baixo,Contrato mensal,28,Month-to-month,DSL,54.9,1505.15,Credit card (automatic),Yes,Female,0,No,No
2142,4429-WYGFR,14.1,Baixo,Contrato mensal,26,Month-to-month,DSL,49.15,1237.3,Bank transfer (automatic),No,Male,0,No,No
2143,0689-DSXGL,14.1,Baixo,"Contrato mensal, Internet fibra óptica, Mensalidade alta",52,Month-to-month,Fiber optic,85.8,4433.3,Bank transfer (automatic),No,Female,0,Yes,Yes
2144,5386-THSLQ,14.1,Baixo,—,66,One year,DSL,45.55,3027.25,Bank transfer (automatic),No,Female,1,Yes,No
2145,0096-FCPUF,14.1,Baixo,Contrato mensal,30,Month-to-month,DSL,64.5,1888.45,Mailed check,Yes,Male,0,No,No
2146,9881-VCZEP,14.1,Baixo,"Contrato mensal, Pagamento por cheque eletrônico",25,Month-to-month,DSL,54.1,1373.0,Electronic check,No,Female,0,Yes,No
2147,1840-BIUOG,14.1,Baixo,Pagamento por cheque eletrônico,20,One year,DSL,68.7,1416.2,Electronic check,Yes,Male,0,No,No
2148,8070-AAWZP,14.0,Baixo,Contrato mensal,24,Month-to-month,DSL,34.25,828.2,Mailed check,No,Male,1,Yes,No
2149,5639-NTUPK,14.0,Baixo,Contrato mensal,13,Month-to-month,DSL,52.1,670.65,Credit card (automatic),Yes,Male,0,No,Yes
2150,4115-UMJFQ,14.0,Baixo,—,69,One year,DSL,35.75,2492.25,Bank transfer (automatic),Yes,Male,0,No,No
2151,7446-YPODE,14.0,Baixo,"Contrato mensal, Cliente novo (≤12 meses)",11,Month-to-month,DSL,60.25,662.95,Bank transfer (automatic),No,Male,1,No,No
2152,5678-VFNEQ,14.0,Baixo,"Internet fibra óptica, Mensalidade alta",71,One year,Fiber optic,104.1,7412.25,Credit card (automatic),Yes,Female,0,Yes,No
2153,3703-TTEPD,14.0,Baixo,Contrato mensal,21,Month-to-month,DSL,65.35,1424.4,Bank transfer (automatic),No,Male,0,No,No
2154,1442-OKRJE,14.0,Baixo,"Internet fibra óptica, Mensalidade alta",66,One year,Fiber optic,103.15,7031.3,Bank transfer (automatic),Yes,Male,0,Yes,Yes
2155,5343-SGUBI,14.0,Baixo,"Internet fibra óptica, Mensalidade alta",52,One year,Fiber optic,80.2,4297.6,Mailed check,Yes,Female,0,No,No
2156,5897-ZYEKH,13.9,Baixo,"Internet fibra óptica, Pagamento por cheque eletrônico, Mensalidade alta",67,One year,Fiber optic,105.6,7112.15,Electronic check,Yes,Female,1,Yes,No
2157,0960-HUWBM,13.9,Baixo,"Internet fibra óptica, Mensalidade alta",65,Two year,Fiber optic,104.1,6700.05,Bank transfer (automatic),Yes,Male,0,Yes,Yes
2158,0052-DCKON,13.9,Baixo,"Internet fibra óptica, Mensalidade alta",66,One year,Fiber optic,115.8,7942.15,Bank transfer (automatic),No,Male,0,Yes,No
2159,0030-FNXPP,13.9,Baixo,"Contrato mensal, Cliente novo (≤12 meses)",3,Month-to-month,No,19.85,57.2,Mailed check,No,Female,0,No,No
2160,8089-UZWLX,13.9,Baixo,"Internet fibra óptica, Mensalidade alta",71,Two year,Fiber optic,104.05,7413.55,Bank transfer (automatic),No,Female,1,No,No
2161,5155-AZQPB,13.9,Baixo,Contrato mensal,28,Month-to-month,DSL,49.9,1410.25,Mailed check,No,Female,0,Yes,Yes
2162,9373-WSLOY,13.9,Baixo,"Contrato mensal, Pagamento por cheque eletrônico",33,Month-to-month,DSL,50.0,1750.85,Electronic check,Yes,Male,1,Yes,No
2163,3442-ZHHCC,13.9,Baixo,Mensalidade alta,68,One year,DSL,76.9,5023.0,Credit card (automatic),Yes,Male,0,No,No
2164,7089-XXAYG,13.9,Baixo,—,25,One year,DSL,38.1,970.4,Credit card (automatic),Yes,Male,0,Yes,No
2165,8548-AWOFC,13.8,Baixo,"Contrato mensal, Pagamento por cheque eletrônico",66,Month-to-month,DSL,63.85,4264.6,Electronic check,No,Male,0,Yes,No
2166,9079-LWTFD,13.8,Baixo,"Contrato mensal, Internet fibra óptica, Mensalidade alta",47,Month-to-month,Fiber optic,100.75,4669.2,Mailed check,No,Male,0,No,No
2167,0708-SJDIS,13.8,Baixo,Contrato mensal,34,Month-to-month,DSL,65.0,2157.5,Mailed check,No,Female,0,No,No
2168,2908-ZTPNF,13.8,Baixo,Contrato mensal,36,Month-to-month,DSL,34.85,1267.2,Bank transfer (automatic),Yes,Female,0,No,No
2169,5827-MWCZK,13.7,Baixo,"Contrato mensal, Internet fibra óptica, Mensalidade alta",56,Month-to-month,Fiber optic,96.95,5432.2,Credit card (automatic),Yes,Male,0,Yes,Yes
2170,6497-TILVL,13.7,Baixo,"Contrato mensal, Cliente novo (≤12 meses)",7,Month-to-month,DSL,50.7,350.35,Mailed check,No,Female,0,Yes,Yes
2171,3744-ZBHON,13.7,Baixo,"Contrato mensal, Cliente novo (≤12 meses), Pagamento por cheque eletrônico",3,Month-to-month,No,20.2,65.95,Electronic check,No,Female,0,No,No
2172,1060-ENTOF,13.7,Baixo,"Internet fibra óptica, Mensalidade alta",67,One year,Fiber optic,105.4,7035.6,Credit card (automatic),Yes,Female,1,Yes,No
2173,9470-RTWDV,13.7,Baixo,Mensalidade alta,26,One year,DSL,82.0,2083.1,Credit card (automatic),Yes,Male,0,Yes,Yes
2174,3786-WOVKF,13.7,Baixo,"Internet fibra óptica, Mensalidade alta",72,One year,Fiber optic,106.85,7677.4,Bank transfer (automatic),Yes,Female,1,Yes,No
2175,5382-TEMLV,13.7,Baixo,Contrato mensal,45,Month-to-month,DSL,50.9,2298.55,Bank transfer (automatic),Yes,Male,0,No,No
2176,4119-ZYPZY,13.7,Baixo,"Internet fibra óptica, Pagamento por cheque eletrônico, Mensalidade alta",71,Two year,Fiber optic,106.8,7623.2,Electronic check,Yes,Male,1,No,No
2177,3410-MHHUM,13.7,Baixo,"Internet fibra óptica, Pagamento por cheque eletrônico, Mensalidade alta",44,One year,Fiber optic,94.4,4295.35,Electronic check,No,Female,0,Yes,Yes
2178,5195-KPUNQ,13.6,Baixo,"Internet fibra óptica, Mensalidade alta",53,One year,Fiber optic,96.75,5206.55,Mailed check,Yes,Female,1,No,No
2179,4274-DRSQT,13.6,Baixo,"Internet fibra óptica, Mensalidade alta",66,One year,Fiber optic,88.9,6000.1,Bank transfer (automatic),Yes,Female,0,No,No
2180,9555-SAHUZ,13.6,Baixo,"Contrato mensal, Pagamento por cheque eletrônico",38,Month-to-month,DSL,54.5,2076.05,Electronic check,No,Female,0,Yes,Yes
2181,9931-DCEZH,13.6,Baixo,—,28,One year,DSL,54.4,1516.6,Credit card (automatic),Yes,Male,0,No,Yes
2182,0750-EBAIU,13.6,Baixo,"Internet fibra óptica, Pagamento por cheque eletrônico, Mensalidade alta",52,One year,Fiber optic,91.25,4738.3,Electronic check,No,Male,0,No,No
2183,3374-TTZTK,13.6,Baixo,"Internet fibra óptica, Pagamento por cheque eletrônico, Mensalidade alta",52,Two year,Fiber optic,106.3,5487.0,Electronic check,Yes,Male,0,Yes,No
2184,7661-CPURM,13.6,Baixo,"Internet fibra óptica, Mensalidade alta",19,One year,Fiber optic,87.7,1725.95,Credit card (automatic),Yes,Male,0,No,No
2185,8565-HBFNN,13.6,Baixo,"Internet fibra óptica, Mensalidade alta",69,One year,Fiber optic,107.2,7317.1,Credit card (automatic),Yes,Male,0,Yes,No
2186,1409-PHXTF,13.6,Baixo,"Internet fibra óptica, Pagamento por cheque eletrônico, Mensalidade alta",54,Two year,Fiber optic,110.45,6077.75,Electronic check,Yes,Male,1,Yes,No
2187,0308-IVGOK,13.6,Baixo,Cliente novo (≤12 meses),11,One year,DSL,40.4,422.6,Credit card (automatic),Yes,Female,0,No,No
2188,0603-OLQDC,13.6,Baixo,"Contrato mensal, Cliente novo (≤12 meses)",12,Month-to-month,DSL,69.85,837.5,Mailed check,Yes,Male,0,No,Yes
2189,4455-BFSPD,13.6,Baixo,"Internet fibra óptica, Mensalidade alta",61,One year,Fiber optic,101.15,6383.9,Bank transfer (automatic),No,Female,0,Yes,No
2190,8268-YDIXR,13.6,Baixo,"Internet fibra óptica, Pagamento por cheque eletrônico, Mensalidade alta",56,One year,Fiber optic,93.15,5253.95,Electronic check,Yes,Male,0,Yes,No
2191,6439-LAJXL,13.5,Baixo,"Contrato mensal, Cliente novo (≤12 meses)",9,Month-to-month,DSL,68.95,593.85,Mailed check,Yes,Male,0,Yes,No
2192,6900-RBKER,13.5,Baixo,"Internet fibra óptica, Mensalidade alta",52,Two year,Fiber optic,89.45,4577.75,Credit card (automatic),Yes,Male,0,No,No
2193,7868-BGSZA,13.5,Baixo,"Pagamento por cheque eletrônico, Mensalidade alta",43,One year,DSL,80.2,3581.6,Electronic check,Yes,Male,0,Yes,No
2194,2233-FAGXV,13.5,Baixo,"Contrato mensal, Cliente novo (≤12 meses)",5,Month-to-month,No,24.3,132.25,Mailed check,Yes,Female,0,Yes,Yes
2195,0795-GMVQO,13.5,Baixo,"Internet fibra óptica, Mensalidade alta",67,One year,Fiber optic,109.9,7332.4,Credit card (automatic),No,Male,0,Yes,No
2196,6878-GGDWG,13.5,Baixo,Contrato mensal,32,Month-to-month,No,19.4,641.15,Bank transfer (automatic),No,Female,0,Yes,No
2197,1768-HNVGJ,13.5,Baixo,"Contrato mensal, Pagamento por cheque eletrônico, Mensalidade alta",45,Month-to-month,DSL,70.05,3062.45,Electronic check,Yes,Female,1,No,No
2198,2338-BQEZT,13.4,Baixo,Contrato mensal,55,Month-to-month,DSL,50.55,2832.75,Credit card (automatic),Yes,Female,0,No,No
2199,8932-CZHRQ,13.4,Baixo,Mensalidade alta,68,One year,DSL,76.75,5233.25,Credit card (automatic),No,Male,0,No,No
2200,9633-DENPU,13.4,Baixo,Contrato mensal,47,Month-to-month,DSL,58.6,2723.4,Bank transfer (automatic),Yes,Female,0,Yes,No
2201,7925-PNRGI,13.4,Baixo,"Contrato mensal, Mensalidade alta",45,Month-to-month,DSL,81.3,3541.1,Mailed check,No,Female,0,Yes,Yes
2202,5084-OOVCJ,13.4,Baixo,Contrato mensal,17,Month-to-month,DSL,55.35,920.5,Credit card (automatic),Yes,Female,0,Yes,Yes
2203,7869-ZYDST,13.4,Baixo,Contrato mensal,31,Month-to-month,DSL,59.05,1882.8,Credit card (automatic),Yes,Male,0,Yes,No
2204,5268-DSMNQ,13.4,Baixo,"Internet fibra óptica, Mensalidade alta",62,One year,Fiber optic,97.95,5936.55,Credit card (automatic),Yes,Female,1,Yes,No
2205,2469-DTSGX,13.4,Baixo,"Internet fibra óptica, Pagamento por cheque eletrônico, Mensalidade alta",72,Two year,Fiber optic,111.65,7943.45,Electronic check,No,Female,1,No,No
2206,6994-ORCWG,13.4,Baixo,—,14,One year,DSL,54.25,773.2,Mailed check,Yes,Female,0,No,No
2207,4316-XCSLJ,13.4,Baixo,Contrato mensal,17,Month-to-month,DSL,50.3,846.8,Mailed check,Yes,Male,0,No,Yes
2208,8213-TAZPM,13.4,Baixo,"Internet fibra óptica, Mensalidade alta",69,One year,Fiber optic,108.75,7493.05,Bank transfer (automatic),Yes,Female,0,Yes,Yes
2209,8400-WZICQ,13.3,Baixo,"Contrato mensal, Pagamento por cheque eletrônico",55,Month-to-month,DSL,55.7,3131.8,Electronic check,No,Female,0,Yes,Yes
2210,6794-HKIAJ,13.3,Baixo,"Contrato mensal, Internet fibra óptica, Mensalidade alta",62,Month-to-month,Fiber optic,90.7,5586.45,Bank transfer (automatic),No,Male,0,No,No
2211,6890-PFRQX,13.3,Baixo,Contrato mensal,18,Month-to-month,DSL,69.5,1199.4,Mailed check,No,Male,0,No,No
2212,7841-FCRQD,13.3,Baixo,—,33,One year,DSL,53.75,1857.3,Credit card (automatic),Yes,Female,0,Yes,No
2213,4385-ZKVNW,13.3,Baixo,Contrato mensal,44,Month-to-month,DSL,54.9,2549.1,Bank transfer (automatic),Yes,Male,0,Yes,Yes
2214,1891-QRQSA,13.3,Baixo,"Internet fibra óptica, Mensalidade alta",64,Two year,Fiber optic,111.6,7099.0,Bank transfer (automatic),Yes,Male,1,Yes,Yes
2215,0230-UBYPQ,13.3,Baixo,—,63,One year,DSL,36.1,2298.9,Bank transfer (automatic),No,Male,1,Yes,No
2216,2379-GYFLQ,13.3,Baixo,"Internet fibra óptica, Mensalidade alta",46,One year,Fiber optic,94.9,4422.95,Credit card (automatic),Yes,Male,0,No,No
2217,4712-AUQZO,13.3,Baixo,Contrato mensal,18,Month-to-month,DSL,33.6,550.35,Mailed check,No,Male,0,No,No
2218,2616-UUTFK,13.3,Baixo,"Contrato mensal, Mensalidade alta",33,Month-to-month,DSL,72.75,2447.45,Bank transfer (automatic),Yes,Male,0,Yes,No
2219,9711-FJTBX,13.2,Baixo,"Internet fibra óptica, Mensalidade alta",56,One year,Fiber optic,85.85,4793.8,Mailed check,Yes,Male,0,Yes,Yes
2220,3324-OIRTO,13.2,Baixo,"Internet fibra óptica, Mensalidade alta",71,One year,Fiber optic,104.65,7288.4,Bank transfer (automatic),Yes,Male,0,Yes,Yes
2221,1518-OMDIK,13.2,Baixo,Contrato mensal,33,Month-to-month,DSL,44.55,1462.6,Credit card (automatic),Yes,Male,0,Yes,No
2222,5498-IBWPI,13.2,Baixo,—,66,One year,DSL,49.4,3251.85,Credit card (automatic),Yes,Female,0,Yes,Yes
2223,3466-BYAVD,13.2,Baixo,Contrato mensal,15,Month-to-month,DSL,69.5,1071.4,Mailed check,Yes,Male,0,Yes,Yes
2224,8562-GHPPI,13.2,Baixo,"Contrato mensal, Cliente novo (≤12 meses)",1,Month-to-month,No,19.8,19.8,Credit card (automatic),No,Female,0,No,No
2225,2220-IAHLS,13.2,Baixo,"Contrato mensal, Cliente novo (≤12 meses)",1,Month-to-month,No,19.4,19.4,Credit card (automatic),No,Female,0,No,No
2226,8788-DOXSU,13.2,Baixo,—,59,One year,DSL,61.35,3645.5,Bank transfer (automatic),Yes,Male,0,No,No
2227,7607-QKKTJ,13.2,Baixo,"Internet fibra óptica, Mensalidade alta",45,One year,Fiber optic,95.0,4368.85,Credit card (automatic),Yes,Male,0,Yes,Yes
2228,0289-IVARM,13.2,Baixo,"Contrato mensal, Pagamento por cheque eletrônico",35,Month-to-month,DSL,60.55,1982.6,Electronic check,No,Female,0,No,No
2229,0550-DCXLH,13.2,Baixo,"Contrato mensal, Mensalidade alta",13,Month-to-month,DSL,73.35,931.55,Mailed check,No,Male,0,No,No
2230,4043-MKDTV,13.1,Baixo,"Internet fibra óptica, Pagamento por cheque eletrônico, Mensalidade alta",71,Two year,Fiber optic,105.25,7291.75,Electronic check,Yes,Male,0,Yes,No
2231,6297-NOOPG,13.1,Baixo,"Internet fibra óptica, Pagamento por cheque eletrônico, Mensalidade alta",70,Two year,Fiber optic,110.5,7752.05,Electronic check,Yes,Female,0,Yes,No
2232,5985-BEHZK,13.1,Baixo,"Internet fibra óptica, Mensalidade alta",72,One year,Fiber optic,105.0,7578.05,Credit card (automatic),No,Female,1,Yes,No
2233,6556-DBKZF,13.1,Baixo,"Internet fibra óptica, Pagamento por cheque eletrônico, Mensalidade alta",71,Two year,Fiber optic,76.05,5436.45,Electronic check,No,Female,0,Yes,Yes
2234,0292-WEGCH,13.1,Baixo,"Contrato mensal, Pagamento por cheque eletrônico, Mensalidade alta",54,Month-to-month,DSL,86.2,4524.05,Electronic check,Yes,Female,0,Yes,Yes
2235,4726-DLWQN,13.1,Baixo,"Contrato mensal, Mensalidade alta",50,Month-to-month,DSL,70.35,3454.6,Bank transfer (automatic),Yes,Male,1,No,No
2236,6265-SXWBU,13.0,Baixo,"Internet fibra óptica, Mensalidade alta",69,One year,Fiber optic,95.75,6511.25,Credit card (automatic),No,Male,0,Yes,Yes
2237,4353-HYOJD,13.0,Baixo,Contrato mensal,27,Month-to-month,DSL,49.85,1336.15,Mailed check,No,Female,0,Yes,Yes
2238,5671-RQRLP,13.0,Baixo,"Internet fibra óptica, Mensalidade alta",70,Two year,Fiber optic,75.65,5411.4,Credit card (automatic),Yes,Female,1,Yes,No
2239,8231-BSWXX,13.0,Baixo,"Internet fibra óptica, Mensalidade alta",71,One year,Fiber optic,79.05,5552.5,Credit card (automatic),Yes,Male,0,No,No
2240,9972-NKTFD,13.0,Baixo,Contrato mensal,28,Month-to-month,DSL,54.65,1517.5,Bank transfer (automatic),No,Female,0,No,No
2241,1732-FEKLD,13.0,Baixo,"Internet fibra óptica, Mensalidade alta",54,One year,Fiber optic,94.75,5121.75,Bank transfer (automatic),Yes,Female,0,No,No
2242,2056-EVGZL,13.0,Baixo,"Internet fibra óptica, Mensalidade alta",68,One year,Fiber optic,105.75,7322.5,Credit card (automatic),No,Male,0,Yes,Yes
2243,5574-NXZIU,13.0,Baixo,"Internet fibra óptica, Mensalidade alta",63,Two year,Fiber optic,109.2,7049.75,Credit card (automatic),No,Male,0,No,No
2244,6227-FBDXH,13.0,Baixo,"Internet fibra óptica, Mensalidade alta",69,One year,Fiber optic,99.5,6841.45,Bank transfer (automatic),No,Male,0,Yes,No
2245,3941-XTSKM,13.0,Baixo,—,42,One year,DSL,45.1,2049.05,Credit card (automatic),Yes,Male,0,Yes,Yes
2246,6734-CKRSM,13.0,Baixo,"Contrato mensal, Cliente novo (≤12 meses)",3,Month-to-month,No,20.0,63.6,Mailed check,No,Female,0,No,No
2247,1730-VFMWO,13.0,Baixo,Contrato mensal,34,Month-to-month,DSL,50.2,1815.3,Bank transfer (automatic),No,Female,0,Yes,No
2248,3126-WQMGH,13.0,Baixo,Contrato mensal,49,Month-to-month,DSL,52.15,2583.75,Credit card (automatic),Yes,Female,0,Yes,No
2249,9786-IJYDL,12.9,Baixo,"Internet fibra óptica, Mensalidade alta",35,Two year,Fiber optic,113.2,3914.05,Mailed check,Yes,Female,0,No,No
2250,4929-ROART,12.9,Baixo,Contrato mensal,18,Month-to-month,DSL,56.25,969.85,Mailed check,No,Male,0,No,No
2251,1036-GUDCL,12.9,Baixo,"Contrato mensal, Mensalidade alta",60,Month-to-month,DSL,79.05,4663.4,Credit card (automatic),Yes,Male,0,Yes,Yes
2252,0440-UEDAI,12.9,Baixo,"Internet fibra óptica, Mensalidade alta",53,One year,Fiber optic,94.45,5042.75,Credit card (automatic),Yes,Female,0,No,No
2253,5473-KHBPS,12.9,Baixo,"Internet fibra óptica, Mensalidade alta",52,One year,Fiber optic,95.7,4976.15,Credit card (automatic),Yes,Female,0,Yes,Yes
2254,1097-FSPVW,12.9,Baixo,Contrato mensal,42,Month-to-month,DSL,54.55,2455.05,Credit card (automatic),No,Female,0,No,No
2255,1247-QBVSH,12.9,Baixo,Contrato mensal,43,Month-to-month,DSL,50.2,2169.4,Mailed check,No,Female,0,Yes,Yes
2256,8198-RKSZG,12.9,Baixo,"Contrato mensal, Mensalidade alta",14,Month-to-month,DSL,80.45,1137.05,Credit card (automatic),No,Female,0,Yes,Yes
2257,0178-CIIKR,12.9,Baixo,"Contrato mensal, Cliente novo (≤12 meses)",3,Month-to-month,No,19.95,58.0,Mailed check,No,Female,0,No,No
2258,6322-PJJDJ,12.9,Baixo,"Internet fibra óptica, Pagamento por cheque eletrônico, Mensalidade alta",49,Two year,Fiber optic,94.8,4690.65,Electronic check,Yes,Male,0,Yes,No
2259,7740-BTPUX,12.8,Baixo,"Internet fibra óptica, Pagamento por cheque eletrônico, Mensalidade alta",55,Two year,Fiber optic,113.6,6292.7,Electronic check,Yes,Male,1,Yes,No
2260,6873-UDNLD,12.8,Baixo,"Contrato mensal, Pagamento por cheque eletrônico",40,Month-to-month,DSL,67.45,2731.0,Electronic check,No,Male,0,No,No
2261,0228-MAUWC,12.8,Baixo,"Contrato mensal, Pagamento por cheque eletrônico",19,Month-to-month,DSL,59.55,1144.6,Electronic check,No,Male,0,No,No
2262,9289-LBQVU,12.8,Baixo,Mensalidade alta,64,One year,DSL,70.15,4480.7,Mailed check,Yes,Male,0,Yes,No
2263,4186-ZBUEW,12.8,Baixo,Mensalidade alta,36,One year,DSL,70.7,2511.95,Mailed check,Yes,Female,0,No,No
2264,4710-NKCAW,12.8,Baixo,"Contrato mensal, Cliente novo (≤12 meses)",5,Month-to-month,DSL,64.4,316.9,Credit card (automatic),No,Male,0,Yes,Yes
2265,9570-KYEUA,12.8,Baixo,"Internet fibra óptica, Mensalidade alta",64,Two year,Fiber optic,99.25,6549.45,Credit card (automatic),No,Male,0,No,No
2266,3594-IVHJZ,12.8,Baixo,"Contrato mensal, Cliente novo (≤12 meses)",2,Month-to-month,No,20.45,42.45,Mailed check,Yes,Female,0,No,No
2267,3537-RYBHH,12.7,Baixo,Contrato mensal,47,Month-to-month,DSL,67.45,3252.0,Credit card (automatic),Yes,Female,1,Yes,No
2268,4369-NYSCF,12.7,Baixo,Mensalidade alta,56,One year,DSL,75.75,4284.65,Bank transfer (automatic),Yes,Male,0,No,No
2269,4049-ZPALD,12.7,Baixo,"Internet fibra óptica, Mensalidade alta",64,Two year,Fiber optic,99.0,6375.8,Bank transfer (automatic),Yes,Female,0,Yes,No
2270,3070-BDOQC,12.7,Baixo,"Internet fibra óptica, Pagamento por cheque eletrônico, Mensalidade alta",60,Two year,Fiber optic,99.65,5941.05,Electronic check,Yes,Female,0,No,No
2271,9978-HYCIN,12.7,Baixo,"Internet fibra óptica, Mensalidade alta",47,One year,Fiber optic,84.95,4018.05,Bank transfer (automatic),Yes,Male,1,Yes,Yes
2272,5537-UXXVS,12.7,Baixo,Contrato mensal,20,Month-to-month,No,19.25,375.25,Bank transfer (automatic),No,Female,0,Yes,No
2273,4277-UDIEF,12.7,Baixo,"Contrato mensal, Mensalidade alta",24,Month-to-month,DSL,81.0,1923.85,Bank transfer (automatic),No,Male,0,Yes,Yes
2274,4785-NKHCX,12.7,Baixo,"Contrato mensal, Cliente novo (≤12 meses)",5,Month-to-month,No,20.05,94.15,Bank transfer (automatic),No,Male,1,No,No
2275,8849-PRIQJ,12.7,Baixo,"Internet fibra óptica, Pagamento por cheque eletrônico, Mensalidade alta",67,One year,Fiber optic,109.4,7281.6,Electronic check,Yes,Female,0,Yes,Yes
2276,8319-QBEHW,12.7,Baixo,—,26,One year,DSL,39.95,1023.75,Bank transfer (automatic),Yes,Male,0,No,Yes
2277,2959-EEXWB,12.6,Baixo,Contrato mensal,45,Month-to-month,DSL,50.9,2333.85,Bank transfer (automatic),Yes,Female,0,Yes,Yes
2278,4986-MXSFP,12.6,Baixo,"Contrato mensal, Cliente novo (≤12 meses)",2,Month-to-month,No,20.0,40.9,Mailed check,Yes,Female,0,No,No
2279,0871-OPBXW,12.6,Baixo,"Contrato mensal, Cliente novo (≤12 meses)",2,Month-to-month,No,20.05,39.25,Mailed check,Yes,Female,0,No,No
2280,7663-ZTEGJ,12.6,Baixo,"Internet fibra óptica, Mensalidade alta",29,One year,Fiber optic,100.55,2830.45,Credit card (automatic),No,Male,0,No,Yes
2281,8984-EYLLL,12.6,Baixo,"Internet fibra óptica, Pagamento por cheque eletrônico, Mensalidade alta",64,Two year,Fiber optic,105.25,6823.4,Electronic check,Yes,Male,0,Yes,No
2282,7636-PEPNS,12.6,Baixo,—,58,One year,DSL,44.1,2413.05,Mailed check,Yes,Female,0,Yes,Yes
2283,3865-YIOTT,12.6,Baixo,"Internet fibra óptica, Mensalidade alta",72,One year,Fiber optic,106.1,7848.5,Bank transfer (automatic),Yes,Male,0,Yes,Yes
2284,8152-VETUR,12.6,Baixo,"Internet fibra óptica, Mensalidade alta",72,Two year,Fiber optic,97.7,6869.7,Credit card (automatic),Yes,Female,0,Yes,No
2285,9357-UJRUN,12.6,Baixo,Pagamento por cheque eletrônico,24,One year,DSL,58.35,1346.9,Electronic check,Yes,Male,0,Yes,No
2286,5081-NWSUP,12.6,Baixo,Cliente novo (≤12 meses),10,One year,DSL,64.9,685.55,Mailed check,No,Female,0,No,No
2287,1557-EMYVT,12.5,Baixo,"Internet fibra óptica, Mensalidade alta",43,Two year,Fiber optic,115.05,4895.1,Credit card (automatic),No,Female,0,No,No
2288,6726-WEXXK,12.5,Baixo,"Internet fibra óptica, Pagamento por cheque eletrônico, Mensalidade alta",27,One year,Fiber optic,85.9,2220.1,Electronic check,Yes,Male,1,Yes,No
2289,7641-TQFHN,12.5,Baixo,"Internet fibra óptica, Mensalidade alta",39,Two year,Fiber optic,100.55,3895.35,Mailed check,No,Male,0,No,Yes
2290,7605-SNLQG,12.5,Baixo,Contrato mensal,45,Month-to-month,DSL,50.25,2221.55,Credit card (automatic),Yes,Female,0,Yes,No
2291,4283-IVYCI,12.5,Baixo,"Contrato mensal, Cliente novo (≤12 meses)",9,Month-to-month,DSL,64.95,547.8,Mailed check,No,Male,0,No,No
2292,7208-PSIHR,12.5,Baixo,"Internet fibra óptica, Mensalidade alta",70,Two year,Fiber optic,104.3,7188.5,Bank transfer (automatic),Yes,Female,0,Yes,No
2293,6941-KXRRV,12.5,Baixo,—,48,One year,DSL,58.95,2789.7,Bank transfer (automatic),Yes,Female,1,Yes,No
2294,4501-VCPFK,12.4,Baixo,"Contrato mensal, Pagamento por cheque eletrônico",26,Month-to-month,DSL,35.75,1022.5,Electronic check,No,Male,0,No,No
2295,4522-XRWWI,12.4,Baixo,Mensalidade alta,42,One year,DSL,80.45,3375.9,Credit card (automatic),No,Male,0,Yes,No
2296,6161-ERDGD,12.4,Baixo,"Pagamento por cheque eletrônico, Mensalidade alta",71,One year,DSL,85.45,6300.85,Electronic check,No,Male,0,Yes,Yes
2297,7470-DYNOE,12.4,Baixo,Pagamento por cheque eletrônico,53,One year,DSL,61.1,3357.9,Electronic check,Yes,Male,0,No,No
2298,7519-JTWQH,12.4,Baixo,"Internet fibra óptica, Mensalidade alta",69,Two year,Fiber optic,110.5,7455.45,Bank transfer (automatic),Yes,Female,0,No,No
2299,1796-JANOW,12.4,Baixo,"Contrato mensal, Cliente novo (≤12 meses)",2,Month-to-month,No,19.95,38.15,Mailed check,No,Female,0,No,No
2300,3642-GKTCT,12.4,Baixo,"Internet fibra óptica, Mensalidade alta",61,One year,Fiber optic,115.1,6993.65,Mailed check,Yes,Female,0,No,No
2301,2946-KIQSP,12.4,Baixo,Contrato mensal,35,Month-to-month,DSL,33.45,1175.85,Mailed check,Yes,Female,0,No,No
2302,8189-HBVRW,12.4,Baixo,"Contrato mensal, Internet fibra óptica, Pagamento por cheque eletrônico, Mensalidade alta",53,Month-to-month,Fiber optic,90.8,4921.2,Electronic check,No,Female,0,No,No
2303,6616-AALSR,12.4,Baixo,"Internet fibra óptica, Mensalidade alta",65,Two year,Fiber optic,104.3,6725.3,Credit card (automatic),Yes,Female,0,Yes,Yes
2304,9114-VEPUF,12.4,Baixo,"Internet fibra óptica, Pagamento por cheque eletrônico, Mensalidade alta",62,One year,Fiber optic,96.1,6001.45,Electronic check,No,Male,0,Yes,No
2305,5240-CAOYT,12.4,Baixo,"Contrato mensal, Internet fibra óptica, Mensalidade alta",57,Month-to-month,Fiber optic,87.55,4884.85,Bank transfer (automatic),Yes,Female,0,No,No
2306,4531-AUZNK,12.4,Baixo,"Internet fibra óptica, Mensalidade alta",51,One year,Fiber optic,95.15,5000.05,Mailed check,Yes,Female,0,Yes,Yes
2307,6968-URWQU,12.4,Baixo,—,43,One year,DSL,56.35,2391.15,Mailed check,Yes,Male,0,Yes,No
2308,6475-VHUIZ,12.3,Baixo,"Contrato mensal, Pagamento por cheque eletrônico",23,Month-to-month,DSL,54.25,1221.55,Electronic check,No,Female,0,Yes,No
2309,6942-LBFDP,12.3,Baixo,"Contrato mensal, Cliente novo (≤12 meses)",2,Month-to-month,No,20.55,33.6,Mailed check,Yes,Female,0,No,No
2310,1410-RSCMR,12.3,Baixo,"Contrato mensal, Cliente novo (≤12 meses), Mensalidade alta",7,Month-to-month,DSL,71.35,515.75,Credit card (automatic),Yes,Male,0,Yes,Yes
2311,2197-OMWGI,12.3,Baixo,Pagamento por cheque eletrônico,68,Two year,DSL,53.0,3656.25,Electronic check,Yes,Female,1,Yes,Yes
2312,6368-NWMCE,12.3,Baixo,Contrato mensal,38,Month-to-month,DSL,68.15,2656.3,Credit card (automatic),No,Female,0,No,No
2313,8006-PYCSW,12.3,Baixo,"Contrato mensal, Cliente novo (≤12 meses)",2,Month-to-month,No,20.1,39.8,Mailed check,No,Female,0,No,No
2314,0516-UXRMT,12.3,Baixo,"Internet fibra óptica, Pagamento por cheque eletrônico, Mensalidade alta",62,One year,Fiber optic,92.05,5755.8,Electronic check,Yes,Female,0,No,No
2315,2931-XIQBR,12.2,Baixo,"Internet fibra óptica, Mensalidade alta",50,One year,Fiber optic,103.05,5153.5,Mailed check,No,Female,0,Yes,Yes
2316,4926-UMJZD,12.2,Baixo,Contrato mensal,31,Month-to-month,DSL,49.2,1498.55,Mailed check,Yes,Female,0,Yes,No
2317,9770-LXDBK,12.2,Baixo,"Contrato mensal, Cliente novo (≤12 meses)",3,Month-to-month,No,20.4,63.15,Mailed check,No,Female,0,No,No
2318,2065-MMKGR,12.2,Baixo,Mensalidade alta,29,One year,DSL,71.0,2080.1,Credit card (automatic),Yes,Female,0,No,No
2319,7989-AWGEH,12.2,Baixo,"Contrato mensal, Pagamento por cheque eletrônico",49,Month-to-month,DSL,39.2,1838.15,Electronic check,Yes,Male,0,Yes,Yes
2320,1936-UAFEH,12.2,Baixo,"Internet fibra óptica, Mensalidade alta",68,Two year,Fiber optic,110.25,7279.35,Credit card (automatic),No,Female,0,No,No
2321,5092-STPKP,12.2,Baixo,Contrato mensal,24,Month-to-month,DSL,56.35,1381.2,Credit card (automatic),No,Female,0,No,No
2322,6258-NGCNG,12.2,Baixo,"Contrato mensal, Cliente novo (≤12 meses)",7,Month-to-month,No,23.5,173.0,Mailed check,No,Male,0,No,No
2323,6402-SSEJG,12.2,Baixo,Pagamento por cheque eletrônico,25,One year,DSL,61.05,1540.2,Electronic check,No,Female,0,No,No
2324,3675-EQOZA,12.1,Baixo,"Contrato mensal, Cliente novo (≤12 meses)",5,Month-to-month,No,20.65,93.55,Bank transfer (automatic),No,Male,0,No,No
2325,3487-EARAT,12.1,Baixo,Mensalidade alta,70,One year,DSL,74.1,5222.3,Credit card (automatic),No,Female,0,Yes,Yes
2326,0661-KBKPA,12.1,Baixo,Mensalidade alta,53,One year,DSL,78.75,3942.45,Mailed check,Yes,Male,0,Yes,Yes
2327,5446-DKWYW,12.1,Baixo,Pagamento por cheque eletrônico,61,One year,DSL,65.2,3965.05,Electronic check,Yes,Female,1,Yes,Yes
2328,7351-MHQVU,12.1,Baixo,"Contrato mensal, Cliente novo (≤12 meses)",6,Month-to-month,DSL,50.95,307.6,Credit card (automatic),No,Female,0,No,No
2329,2576-HXMPA,12.1,Baixo,"Contrato mensal, Cliente novo (≤12 meses)",1,Month-to-month,No,19.55,19.55,Credit card (automatic),No,Female,0,No,No
2330,4291-HYEBC,12.1,Baixo,Pagamento por cheque eletrônico,28,One year,DSL,39.1,1096.6,Electronic check,Yes,Female,1,Yes,Yes
2331,9426-SXNHE,12.1,Baixo,"Contrato mensal, Cliente novo (≤12 meses)",2,Month-to-month,No,18.75,53.15,Bank transfer (automatic),No,Female,0,No,No
2332,3794-NFNCH,12.1,Baixo,Contrato mensal,30,Month-to-month,DSL,50.0,1474.9,Mailed check,Yes,Male,0,Yes,No
2333,6103-LIANB,12.1,Baixo,"Internet fibra óptica, Mensalidade alta",59,Two year,Fiber optic,99.5,5861.75,Credit card (automatic),Yes,Male,0,Yes,Yes
2334,1042-HFUCW,12.1,Baixo,—,25,One year,DSL,54.75,1266.35,Credit card (automatic),Yes,Female,0,No,Yes
2335,1707-HABPF,12.0,Baixo,"Internet fibra óptica, Mensalidade alta",46,One year,Fiber optic,91.3,4126.35,Bank transfer (automatic),Yes,Female,1,No,No
2336,0440-MOGPM,12.0,Baixo,"Pagamento por cheque eletrônico, Mensalidade alta",41,One year,DSL,80.55,3263.9,Electronic check,Yes,Female,0,No,No
2337,9818-XQCUV,12.0,Baixo,"Contrato mensal, Cliente novo (≤12 meses)",2,Month-to-month,No,20.35,45.3,Mailed check,No,Female,0,No,No
2338,1336-EZFZY,12.0,Baixo,"Contrato mensal, Cliente novo (≤12 meses)",4,Month-to-month,No,20.05,83.3,Mailed check,No,Female,0,No,No
2339,6848-YLDFR,12.0,Baixo,Mensalidade alta,58,One year,DSL,75.2,4300.8,Credit card (automatic),Yes,Male,0,Yes,Yes
2340,4419-UJMUS,12.0,Baixo,"Internet fibra óptica, Pagamento por cheque eletrônico, Mensalidade alta",69,Two year,Fiber optic,99.35,6856.45,Electronic check,Yes,Male,0,Yes,Yes
2341,3363-EWLGO,12.0,Baixo,"Contrato mensal, Cliente novo (≤12 meses)",5,Month-to-month,No,19.95,109.6,Mailed check,No,Female,0,No,No
2342,8216-AZUUZ,12.0,Baixo,"Internet fibra óptica, Pagamento por cheque eletrônico, Mensalidade alta",42,Two year,Fiber optic,100.4,4303.65,Electronic check,Yes,Female,0,Yes,Yes
2343,7746-AWNQW,12.0,Baixo,Contrato mensal,28,Month-to-month,DSL,35.75,961.4,Mailed check,Yes,Female,0,No,No
2344,7088-FBAWU,12.0,Baixo,"Contrato mensal, Mensalidade alta",17,Month-to-month,DSL,74.55,1215.8,Mailed check,No,Female,0,Yes,Yes
2345,3363-DTIVD,12.0,Baixo,"Internet fibra óptica, Pagamento por cheque eletrônico, Mensalidade alta",71,Two year,Fiber optic,105.55,7405.5,Electronic check,No,Male,0,Yes,Yes
2346,9137-NOQKA,12.0,Baixo,"Contrato mensal, Cliente novo (≤12 meses), Pagamento por cheque eletrônico",2,Month-to-month,No,19.2,37.2,Electronic check,No,Male,1,No,No
2347,2371-KFUOG,11.9,Baixo,"Internet fibra óptica, Mensalidade alta",58,One year,Fiber optic,99.15,5720.95,Bank transfer (automatic),No,Male,0,No,No
2348,8782-NUUOL,11.9,Baixo,Mensalidade alta,60,One year,DSL,79.0,4801.1,Mailed check,No,Male,0,No,No
2349,4833-QTJNO,11.9,Baixo,"Contrato mensal, Internet fibra óptica, Mensalidade alta",67,Month-to-month,Fiber optic,83.85,5588.8,Bank transfer (automatic),No,Male,1,Yes,No
2350,1794-SWWKL,11.9,Baixo,Contrato mensal,15,Month-to-month,DSL,59.65,867.1,Bank transfer (automatic),Yes,Male,0,Yes,Yes
2351,0266-CLZKZ,11.9,Baixo,"Internet fibra óptica, Mensalidade alta",67,Two year,Fiber optic,105.65,6717.9,Bank transfer (automatic),Yes,Female,0,Yes,Yes
2352,5294-IMHHT,11.9,Baixo,"Internet fibra óptica, Mensalidade alta",53,One year,Fiber optic,97.75,5043.2,Bank transfer (automatic),No,Male,0,Yes,No
2353,8865-TNMNX,11.9,Baixo,Cliente novo (≤12 meses),10,One year,DSL,49.55,475.7,Mailed check,No,Male,0,Yes,Yes
2354,5066-GFJMM,11.9,Baixo,"Contrato mensal, Cliente novo (≤12 meses)",3,Month-to-month,No,19.9,45.75,Mailed check,Yes,Female,0,Yes,No
2355,9763-GRSKD,11.9,Baixo,Contrato mensal,13,Month-to-month,DSL,49.95,587.45,Mailed check,Yes,Male,0,Yes,Yes
2356,1925-GMVBW,11.9,Baixo,"Contrato mensal, Cliente novo (≤12 meses)",5,Month-to-month,No,20.55,96.1,Credit card (automatic),No,Female,0,No,No
2357,1356-MKYSK,11.9,Baixo,"Contrato mensal, Cliente novo (≤12 meses), Mensalidade alta",6,Month-to-month,DSL,78.65,483.3,Credit card (automatic),No,Male,0,No,No
2358,6603-QWSPR,11.9,Baixo,"Internet fibra óptica, Mensalidade alta",46,Two year,Fiber optic,104.4,4904.2,Bank transfer (automatic),Yes,Female,0,No,No
2359,2393-DIVAI,11.9,Baixo,"Contrato mensal, Cliente novo (≤12 meses)",3,Month-to-month,No,20.0,61.7,Mailed check,Yes,Female,0,No,No
2360,4627-MIHJH,11.8,Baixo,"Internet fibra óptica, Mensalidade alta",69,Two year,Fiber optic,110.25,7467.55,Credit card (automatic),No,Female,1,No,No
2361,1162-ECVII,11.8,Baixo,"Internet fibra óptica, Mensalidade alta",72,Two year,Fiber optic,109.75,7932.5,Bank transfer (automatic),Yes,Male,1,Yes,No
2362,1492-KGETH,11.8,Baixo,Mensalidade alta,70,One year,DSL,78.35,5445.95,Bank transfer (automatic),No,Male,0,Yes,Yes
2363,7123-WQUHX,11.8,Baixo,"Internet fibra óptica, Mensalidade alta",38,One year,Fiber optic,95.0,3605.6,Bank transfer (automatic),No,Male,0,No,No
2364,3253-HKOKL,11.8,Baixo,"Internet fibra óptica, Pagamento por cheque eletrônico, Mensalidade alta",52,One year,Fiber optic,100.3,5244.45,Electronic check,No,Female,0,Yes,Yes
2365,5996-NRVXR,11.7,Baixo,"Internet fibra óptica, Mensalidade alta",40,One year,Fiber optic,98.15,4116.8,Credit card (automatic),Yes,Male,1,Yes,No
2366,8550-XSXUQ,11.7,Baixo,Mensalidade alta,48,One year,DSL,70.55,3420.5,Credit card (automatic),Yes,Male,0,Yes,No
2367,0257-KXZGU,11.7,Baixo,Contrato mensal,32,Month-to-month,DSL,62.45,2045.55,Bank transfer (automatic),No,Female,0,Yes,Yes
2368,7219-TLZHO,11.7,Baixo,"Contrato mensal, Cliente novo (≤12 meses)",4,Month-to-month,No,20.85,62.9,Mailed check,No,Female,0,Yes,Yes
2369,5236-XMZJY,11.7,Baixo,Contrato mensal,42,Month-to-month,DSL,59.65,2536.55,Bank transfer (automatic),No,Female,0,No,No
2370,8734-FNWVH,11.7,Baixo,Contrato mensal,31,Month-to-month,DSL,59.7,1825.5,Bank transfer (automatic),No,Male,0,Yes,Yes
2371,6469-MRVET,11.7,Baixo,"Cliente novo (≤12 meses), Pagamento por cheque eletrônico",1,One year,No,20.2,20.2,Electronic check,Yes,Male,0,Yes,Yes
2372,2342-CKIAO,11.7,Baixo,"Contrato mensal, Cliente novo (≤12 meses)",2,Month-to-month,No,20.3,41.2,Mailed check,No,Female,0,No,No
2373,2040-OBMLJ,11.6,Baixo,"Internet fibra óptica, Mensalidade alta",31,One year,Fiber optic,81.7,2548.65,Credit card (automatic),No,Male,0,No,No
2374,8996-ZROXE,11.6,Baixo,Pagamento por cheque eletrônico,57,One year,DSL,53.5,3035.8,Electronic check,Yes,Male,1,No,No
2375,2108-GLPQB,11.6,Baixo,Contrato mensal,25,Month-to-month,DSL,55.55,1405.3,Credit card (automatic),No,Male,0,Yes,No
2376,5566-SOEZD,11.6,Baixo,"Internet fibra óptica, Mensalidade alta",27,One year,Fiber optic,80.65,2209.75,Credit card (automatic),Yes,Male,0,Yes,Yes
2377,4237-CLSMM,11.6,Baixo,"Contrato mensal, Cliente novo (≤12 meses)",2,Month-to-month,No,20.0,38.0,Mailed check,No,Male,0,Yes,No
2378,9027-YFHQJ,11.6,Baixo,"Contrato mensal, Cliente novo (≤12 meses)",7,Month-to-month,No,25.05,152.95,Bank transfer (automatic),Yes,Male,0,No,No
2379,0489-WMEMG,11.6,Baixo,Pagamento por cheque eletrônico,23,One year,DSL,49.45,1119.35,Electronic check,Yes,Female,0,No,Yes
2380,7299-GNVPL,11.6,Baixo,"Contrato mensal, Internet fibra óptica, Mensalidade alta",23,Month-to-month,Fiber optic,84.4,1936.85,Mailed check,No,Female,0,Yes,Yes
2381,4686-GEFRM,11.6,Baixo,"Internet fibra óptica, Mensalidade alta",70,Two year,Fiber optic,98.7,6858.9,Bank transfer (automatic),Yes,Male,0,Yes,No
2382,8659-HDIYE,11.6,Baixo,"Contrato mensal, Mensalidade alta",64,Month-to-month,DSL,74.65,4869.35,Credit card (automatic),No,Female,1,No,No
2383,4676-MQUEA,11.5,Baixo,"Internet fibra óptica, Mensalidade alta",50,One year,Fiber optic,101.9,5265.5,Bank transfer (automatic),Yes,Male,1,Yes,No
2384,9970-QBCDA,11.5,Baixo,"Contrato mensal, Cliente novo (≤12 meses)",6,Month-to-month,No,19.7,129.55,Credit card (automatic),No,Female,0,No,No
2385,9774-NRNAU,11.5,Baixo,"Contrato mensal, Mensalidade alta",27,Month-to-month,DSL,84.8,2309.55,Bank transfer (automatic),Yes,Male,1,Yes,No
2386,4397-FRLTA,11.5,Baixo,"Contrato mensal, Cliente novo (≤12 meses)",4,Month-to-month,No,20.15,84.5,Mailed check,No,Female,0,No,No
2387,6671-NGWON,11.5,Baixo,"Contrato mensal, Cliente novo (≤12 meses)",7,Month-to-month,No,20.35,150.6,Mailed check,No,Female,0,No,No
2388,6967-PEJLL,11.5,Baixo,Pagamento por cheque eletrônico,37,One year,DSL,40.2,1525.35,Electronic check,Yes,Male,0,Yes,Yes
2389,5562-YJQGT,11.5,Baixo,"Contrato mensal, Cliente novo (≤12 meses)",2,Month-to-month,No,20.35,35.1,Credit card (automatic),No,Female,0,No,No
2390,8752-GHJFU,11.5,Baixo,"Internet fibra óptica, Pagamento por cheque eletrônico, Mensalidade alta",71,One year,Fiber optic,92.0,6585.2,Electronic check,Yes,Male,1,Yes,No
2391,4129-LYCOI,11.5,Baixo,"Internet fibra óptica, Pagamento por cheque eletrônico, Mensalidade alta",67,Two year,Fiber optic,104.0,7039.05,Electronic check,Yes,Female,0,No,Yes
2392,6933-FHBZC,11.5,Baixo,—,26,One year,DSL,56.05,1553.2,Mailed check,Yes,Female,0,No,No
2393,4389-UEFCZ,11.5,Baixo,"Internet fibra óptica, Pagamento por cheque eletrônico, Mensalidade alta",72,Two year,Fiber optic,105.5,7544.0,Electronic check,Yes,Female,0,Yes,No
2394,3506-OVLKD,11.5,Baixo,—,35,One year,No,26.2,954.9,Bank transfer (automatic),No,Male,0,No,No
2395,0303-UNCIP,11.4,Baixo,—,41,One year,DSL,65.0,2531.8,Mailed check,No,Male,0,No,No
2396,7049-GKVZY,11.4,Baixo,Mensalidade alta,17,One year,DSL,79.85,1387.35,Credit card (automatic),No,Female,0,No,No
2397,3977-QCRSL,11.4,Baixo,"Contrato mensal, Cliente novo (≤12 meses)",5,Month-to-month,No,20.15,117.95,Mailed check,No,Female,0,No,No
2398,8017-UVSZU,11.4,Baixo,Contrato mensal,40,Month-to-month,DSL,56.6,2379.1,Credit card (automatic),No,Female,0,Yes,No
2399,5590-ZSKRV,11.4,Baixo,"Contrato mensal, Cliente novo (≤12 meses)",8,Month-to-month,DSL,54.65,482.25,Mailed check,No,Female,0,Yes,Yes
2400,0396-UKGAI,11.4,Baixo,Contrato mensal,23,Month-to-month,DSL,55.3,1284.2,Bank transfer (automatic),Yes,Male,0,No,Yes
2401,6257-DTAYD,11.4,Baixo,"Internet fibra óptica, Mensalidade alta",71,Two year,Fiber optic,104.15,7365.3,Credit card (automatic),Yes,Male,0,Yes,No
2402,3736-BLEPA,11.4,Baixo,"Internet fibra óptica, Mensalidade alta",28,One year,Fiber optic,91.25,2483.65,Bank transfer (automatic),Yes,Male,0,No,No
2403,2640-LYMOV,11.4,Baixo,"Contrato mensal, Cliente novo (≤12 meses)",2,Month-to-month,No,19.65,38.8,Mailed check,Yes,Male,0,No,No
2404,4002-BQWPQ,11.4,Baixo,"Contrato mensal, Mensalidade alta",25,Month-to-month,DSL,81.75,2028.8,Bank transfer (automatic),No,Male,0,No,No
2405,2453-SAFNS,11.4,Baixo,Mensalidade alta,54,One year,DSL,72.1,3886.05,Mailed check,No,Female,1,No,No
2406,5857-XRECV,11.4,Baixo,Cliente novo (≤12 meses),2,One year,No,20.5,38.25,Bank transfer (automatic),No,Female,0,No,Yes
2407,3530-CRZSB,11.4,Baixo,"Contrato mensal, Cliente novo (≤12 meses)",7,Month-to-month,No,20.65,155.9,Mailed check,No,Female,0,No,No
2408,9330-VOFSZ,11.4,Baixo,"Internet fibra óptica, Mensalidade alta",60,Two year,Fiber optic,110.8,6640.7,Credit card (automatic),Yes,Female,0,Yes,No
2409,2294-SALNE,11.4,Baixo,"Internet fibra óptica, Mensalidade alta",23,One year,Fiber optic,86.8,1940.8,Mailed check,No,Male,0,Yes,Yes
2410,9762-YAQAA,11.3,Baixo,"Internet fibra óptica, Mensalidade alta",39,One year,Fiber optic,81.4,3213.75,Credit card (automatic),No,Male,0,No,No
2411,4795-WRNVT,11.3,Baixo,Contrato mensal,40,Month-to-month,DSL,65.1,2586.0,Mailed check,No,Female,0,No,No
2412,0696-UKTOX,11.3,Baixo,"Contrato mensal, Pagamento por cheque eletrônico",23,Month-to-month,DSL,54.15,1312.45,Electronic check,No,Male,0,No,Yes
2413,4011-ARPHK,11.3,Baixo,Contrato mensal,27,Month-to-month,DSL,50.35,1411.35,Mailed check,No,Male,0,No,No
2414,0835-JKADZ,11.3,Baixo,"Internet fibra óptica, Pagamento por cheque eletrônico, Mensalidade alta",71,Two year,Fiber optic,111.25,7984.15,Electronic check,Yes,Female,0,No,No
2415,8133-ANHHJ,11.3,Baixo,"Internet fibra óptica, Mensalidade alta",49,One year,Fiber optic,103.0,5166.2,Bank transfer (automatic),No,Female,1,No,No
2416,1371-WEPDS,11.3,Baixo,Pagamento por cheque eletrônico,40,One year,DSL,55.8,2283.3,Electronic check,No,Male,1,Yes,No
2417,2233-TXSIU,11.3,Baixo,—,17,One year,DSL,44.45,792.15,Credit card (automatic),No,Male,0,Yes,Yes
2418,4692-NNQRU,11.3,Baixo,"Internet fibra óptica, Pagamento por cheque eletrônico, Mensalidade alta",21,One year,Fiber optic,79.2,1742.45,Electronic check,No,Female,0,Yes,No
2419,4759-PXTAN,11.3,Baixo,"Pagamento por cheque eletrônico, Mensalidade alta",59,One year,DSL,80.1,4693.2,Electronic check,Yes,Female,0,Yes,No
2420,5214-NLTIT,11.3,Baixo,"Internet fibra óptica, Mensalidade alta",72,Two year,Fiber optic,90.8,6511.8,Credit card (automatic),Yes,Male,0,Yes,Yes
2421,0820-FNRNX,11.3,Baixo,Contrato mensal,17,Month-to-month,DSL,66.7,1077.05,Mailed check,Yes,Male,0,Yes,Yes
2422,9618-LFJRU,11.3,Baixo,"Contrato mensal, Cliente novo (≤12 meses)",4,Month-to-month,No,20.45,82.85,Credit card (automatic),No,Female,0,No,No
2423,2639-UGMAZ,11.3,Baixo,Pagamento por cheque eletrônico,71,One year,DSL,56.45,3985.35,Electronic check,Yes,Male,1,No,No
2424,8405-IGQFX,11.3,Baixo,"Internet fibra óptica, Mensalidade alta",63,One year,Fiber optic,90.05,5817.0,Credit card (automatic),Yes,Female,0,No,No
2425,6195-MELTI,11.2,Baixo,—,57,One year,DSL,54.65,3134.7,Mailed check,Yes,Male,0,No,No
2426,1679-JRFBR,11.2,Baixo,"Internet fibra óptica, Mensalidade alta",70,One year,Fiber optic,108.15,7930.55,Credit card (automatic),Yes,Female,0,Yes,Yes
2427,7520-HQWJU,11.2,Baixo,Contrato mensal,66,Month-to-month,DSL,67.45,4508.65,Bank transfer (automatic),Yes,Female,0,Yes,Yes
2428,7566-DSRLQ,11.2,Baixo,"Internet fibra óptica, Pagamento por cheque eletrônico, Mensalidade alta",72,Two year,Fiber optic,110.15,7998.8,Electronic check,Yes,Female,0,Yes,No
2429,2239-CFOUJ,11.2,Baixo,Cliente novo (≤12 meses),1,One year,No,20.4,20.4,Mailed check,No,Male,0,Yes,Yes
2430,2320-SLKMB,11.2,Baixo,Contrato mensal,26,Month-to-month,DSL,44.45,1183.8,Credit card (automatic),Yes,Female,0,No,No
2431,6972-SNKKW,11.2,Baixo,"Contrato mensal, Cliente novo (≤12 meses)",6,Month-to-month,No,20.0,109.2,Mailed check,No,Female,0,No,No
2432,0723-FDLAY,11.2,Baixo,Mensalidade alta,44,One year,DSL,85.25,3704.15,Bank transfer (automatic),Yes,Male,0,No,No
2433,1684-FLBGS,11.2,Baixo,Contrato mensal,23,Month-to-month,DSL,69.5,1652.1,Credit card (automatic),Yes,Female,0,Yes,Yes
2434,6184-DYUOB,11.2,Baixo,"Contrato mensal, Cliente novo (≤12 meses)",3,Month-to-month,No,19.6,55.25,Mailed check,Yes,Female,0,Yes,No
2435,3347-YJZZE,11.2,Baixo,"Contrato mensal, Mensalidade alta",29,Month-to-month,DSL,80.1,2211.8,Credit card (automatic),No,Male,0,Yes,Yes
2436,4495-LHSSK,11.2,Baixo,Contrato mensal,18,Month-to-month,DSL,57.65,992.7,Mailed check,No,Female,0,No,Yes
2437,3099-OONVS,11.1,Baixo,"Contrato mensal, Pagamento por cheque eletrônico",25,Month-to-month,DSL,54.3,1296.8,Electronic check,No,Male,0,Yes,Yes
2438,7266-GSSJX,11.1,Baixo,"Contrato mensal, Cliente novo (≤12 meses), Pagamento por cheque eletrônico",11,Month-to-month,No,20.45,250.8,Electronic check,Yes,Male,0,Yes,Yes
2439,7610-TVOPG,11.1,Baixo,"Contrato mensal, Pagamento por cheque eletrônico",15,Month-to-month,No,26.35,378.6,Electronic check,Yes,Male,0,No,No
2440,1122-YJBCS,11.1,Baixo,—,69,One year,DSL,53.65,3804.4,Credit card (automatic),Yes,Male,0,Yes,No
2441,4742-DRORA,11.1,Baixo,"Internet fibra óptica, Mensalidade alta",60,One year,Fiber optic,95.4,5812.0,Bank transfer (automatic),Yes,Male,0,Yes,Yes
2442,4072-IPYLT,11.1,Baixo,Contrato mensal,36,Month-to-month,DSL,51.05,1815.0,Credit card (automatic),No,Female,0,Yes,Yes
2443,7839-NUIAA,11.1,Baixo,"Contrato mensal, Pagamento por cheque eletrônico",61,Month-to-month,DSL,59.8,3641.5,Electronic check,No,Female,0,Yes,Yes
2444,3896-RCYYE,11.1,Baixo,Contrato mensal,67,Month-to-month,DSL,53.4,3579.15,Credit card (automatic),Yes,Female,0,No,No
2445,2621-UDNLU,11.1,Baixo,"Contrato mensal, Cliente novo (≤12 meses)",3,Month-to-month,No,20.85,72.0,Mailed check,No,Female,0,Yes,No
2446,4860-YZGZM,11.1,Baixo,"Contrato mensal, Cliente novo (≤12 meses), Pagamento por cheque eletrônico",10,Month-to-month,No,20.0,185.4,Electronic check,No,Male,0,No,No
2447,2978-XXSOG,11.1,Baixo,Contrato mensal,22,Month-to-month,DSL,59.05,1253.5,Mailed check,Yes,Female,0,No,No
2448,3605-JISKB,11.1,Baixo,—,55,One year,DSL,60.0,3316.1,Credit card (automatic),No,Male,1,Yes,No
2449,2474-LCNUE,11.1,Baixo,"Contrato mensal, Mensalidade alta",23,Month-to-month,DSL,73.65,1642.75,Credit card (automatic),Yes,Female,0,Yes,No
2450,5850-BDWCY,11.1,Baixo,"Contrato mensal, Cliente novo (≤12 meses)",6,Month-to-month,No,20.2,123.65,Mailed check,No,Female,0,No,No
2451,4504-YOULA,11.1,Baixo,Contrato mensal,35,Month-to-month,DSL,59.45,2136.9,Credit card (automatic),Yes,Female,0,Yes,Yes
2452,1452-XRSJV,11.1,Baixo,Contrato mensal,39,Month-to-month,DSL,51.05,2066.0,Credit card (automatic),No,Female,0,Yes,Yes
2453,7673-LPRNY,11.1,Baixo,"Pagamento por cheque eletrônico, Mensalidade alta",23,One year,DSL,78.55,1843.05,Electronic check,Yes,Female,0,No,No
2454,9367-OIUXP,11.1,Baixo,"Contrato mensal, Cliente novo (≤12 meses)",4,Month-to-month,No,20.7,73.05,Mailed check,No,Male,0,No,No
2455,7750-EYXWZ,11.1,Baixo,"Cliente novo (≤12 meses), Pagamento por cheque eletrônico",12,One year,DSL,60.65,743.3,Electronic check,No,Female,0,No,No
2456,3043-SUDUA,11.1,Baixo,Contrato mensal,32,Month-to-month,No,19.9,601.55,Bank transfer (automatic),No,Female,0,No,No
2457,3417-TSCIC,11.1,Baixo,—,29,One year,DSL,24.85,788.05,Mailed check,Yes,Male,0,No,No
2458,3571-DPYUH,11.1,Baixo,"Internet fibra óptica, Mensalidade alta",58,One year,Fiber optic,94.7,5430.35,Credit card (automatic),Yes,Male,0,Yes,Yes
2459,2896-TBNBE,11.1,Baixo,"Internet fibra óptica, Pagamento por cheque eletrônico, Mensalidade alta",40,One year,Fiber optic,80.8,3132.75,Electronic check,No,Male,0,Yes,No
2460,6806-YDEUL,11.0,Baixo,"Contrato mensal, Cliente novo (≤12 meses)",6,Month-to-month,No,19.5,106.8,Bank transfer (automatic),No,Female,1,No,No
2461,1298-PHBTI,11.0,Baixo,"Internet fibra óptica, Pagamento por cheque eletrônico, Mensalidade alta",71,Two year,Fiber optic,84.8,6152.4,Electronic check,Yes,Male,0,Yes,Yes
2462,6838-YAUVY,11.0,Baixo,"Internet fibra óptica, Mensalidade alta",54,Two year,Fiber optic,95.1,5064.85,Bank transfer (automatic),Yes,Female,0,No,No
2463,0134-XWXCE,11.0,Baixo,Mensalidade alta,44,One year,DSL,74.85,3268.05,Bank transfer (automatic),No,Female,1,No,No
2464,8910-ICHIU,11.0,Baixo,"Internet fibra óptica, Mensalidade alta",46,One year,Fiber optic,95.65,4664.2,Credit card (automatic),Yes,Female,0,No,No
2465,2927-CVULT,11.0,Baixo,"Internet fibra óptica, Mensalidade alta",53,Two year,Fiber optic,104.05,5566.4,Bank transfer (automatic),Yes,Female,0,Yes,Yes
2466,9554-DFKIC,11.0,Baixo,Contrato mensal,30,Month-to-month,DSL,54.45,1588.7,Bank transfer (automatic),Yes,Male,0,Yes,Yes
2467,7175-NTIXE,11.0,Baixo,"Contrato mensal, Mensalidade alta",25,Month-to-month,DSL,76.15,1992.95,Credit card (automatic),Yes,Female,0,No,No
2468,9039-ZVJDC,11.0,Baixo,"Contrato mensal, Cliente novo (≤12 meses)",3,Month-to-month,No,19.1,53.05,Mailed check,Yes,Male,0,No,No
2469,1337-BOZWO,11.0,Baixo,—,18,One year,DSL,46.4,812.4,Credit card (automatic),No,Male,0,Yes,Yes
2470,0373-AIVNJ,11.0,Baixo,Cliente novo (≤12 meses),9,One year,DSL,39.55,373.0,Mailed check,No,Male,0,No,No
2471,0188-GWFLE,11.0,Baixo,"Contrato mensal, Cliente novo (≤12 meses)",2,Month-to-month,No,20.05,33.7,Mailed check,No,Male,0,No,No
2472,8467-WYNSR,11.0,Baixo,Contrato mensal,22,Month-to-month,DSL,55.1,1253.15,Mailed check,No,Male,0,No,No
2473,6394-HHHZM,11.0,Baixo,"Contrato mensal, Cliente novo (≤12 meses)",3,Month-to-month,No,20.7,57.5,Mailed check,No,Male,0,No,No
2474,9496-IVVRP,11.0,Baixo,"Contrato mensal, Cliente novo (≤12 meses)",11,Month-to-month,DSL,51.0,581.7,Bank transfer (automatic),No,Female,0,Yes,Yes
2475,4868-AADLV,11.0,Baixo,"Internet fibra óptica, Pagamento por cheque eletrônico, Mensalidade alta",66,One year,Fiber optic,116.25,7862.25,Electronic check,Yes,Male,1,Yes,Yes
2476,2402-TAIRZ,11.0,Baixo,"Internet fibra óptica, Pagamento por cheque eletrônico, Mensalidade alta",37,One year,Fiber optic,80.05,3019.1,Electronic check,No,Female,0,No,No
2477,3402-XRIUO,11.0,Baixo,Contrato mensal,22,Month-to-month,DSL,63.55,1381.8,Mailed check,Yes,Female,1,Yes,No
2478,5304-EFJLP,10.9,Baixo,"Internet fibra óptica, Mensalidade alta",72,Two year,Fiber optic,111.65,8022.85,Bank transfer (automatic),Yes,Male,1,Yes,No
2479,3259-KNMRR,10.9,Baixo,Mensalidade alta,57,Two year,DSL,79.75,4438.2,Bank transfer (automatic),Yes,Male,1,No,No
2480,9929-PLVPA,10.9,Baixo,"Contrato mensal, Cliente novo (≤12 meses)",4,Month-to-month,No,20.4,94.5,Credit card (automatic),No,Female,0,No,Yes
2481,9931-KGHOA,10.9,Baixo,Contrato mensal,46,Month-to-month,DSL,55.0,2473.95,Bank transfer (automatic),No,Female,0,Yes,No
2482,5724-BIDBU,10.9,Baixo,Pagamento por cheque eletrônico,49,One year,DSL,55.35,2633.95,Electronic check,Yes,Male,0,Yes,No
2483,1697-BCSHV,10.9,Baixo,Contrato mensal,58,Month-to-month,DSL,66.8,3970.4,Bank transfer (automatic),Yes,Female,0,Yes,Yes
2484,7080-TNUWP,10.9,Baixo,"Internet fibra óptica, Mensalidade alta",70,One year,Fiber optic,95.0,6602.9,Bank transfer (automatic),Yes,Male,0,Yes,No
2485,8150-QUDFX,10.9,Baixo,"Contrato mensal, Cliente novo (≤12 meses)",2,Month-to-month,No,19.85,51.6,Mailed check,No,Male,0,No,No
2486,1264-FUHCX,10.9,Baixo,—,49,One year,DSL,56.3,2780.6,Credit card (automatic),Yes,Female,0,Yes,No
2487,0953-LGOVU,10.9,Baixo,"Contrato mensal, Cliente novo (≤12 meses)",12,Month-to-month,DSL,35.5,432.25,Mailed check,No,Male,0,Yes,Yes
2488,6575-SUVOI,10.9,Baixo,Contrato mensal,25,Month-to-month,DSL,69.5,1752.65,Credit card (automatic),Yes,Female,1,Yes,No
2489,7110-BDTWG,10.8,Baixo,Pagamento por cheque eletrônico,71,Two year,DSL,47.05,3263.6,Electronic check,Yes,Female,0,Yes,No
2490,1810-MVMAI,10.8,Baixo,"Contrato mensal, Pagamento por cheque eletrônico",30,Month-to-month,DSL,67.6,2000.2,Electronic check,No,Male,0,Yes,Yes
2491,8200-KLNYW,10.8,Baixo,Mensalidade alta,21,One year,DSL,80.9,1714.95,Mailed check,No,Female,0,Yes,No
2492,0744-GKNGE,10.8,Baixo,"Contrato mensal, Internet fibra óptica, Mensalidade alta",64,Month-to-month,Fiber optic,86.8,5327.25,Bank transfer (automatic),Yes,Female,0,Yes,Yes
2493,2361-FJWNO,10.8,Baixo,—,40,One year,DSL,36.0,1382.9,Credit card (automatic),No,Male,0,No,No
2494,8221-EQDGL,10.8,Baixo,Contrato mensal,35,Month-to-month,DSL,61.0,2130.45,Mailed check,No,Male,0,Yes,No
2495,8401-EMUWF,10.8,Baixo,Contrato mensal,42,Month-to-month,DSL,69.4,3058.3,Bank transfer (automatic),Yes,Male,0,Yes,Yes
2496,5025-GOOKI,10.8,Baixo,Contrato mensal,20,Month-to-month,No,18.9,347.65,Credit card (automatic),Yes,Female,0,No,No
2497,8314-DPQHL,10.8,Baixo,Cliente novo (≤12 meses),9,One year,DSL,50.8,463.6,Mailed check,No,Male,0,No,No
2498,9488-FYQAU,10.8,Baixo,"Internet fibra óptica, Mensalidade alta",63,Two year,Fiber optic,109.25,6841.4,Bank transfer (automatic),Yes,Female,0,Yes,No
2499,8457-XIGKN,10.8,Baixo,Contrato mensal,20,Month-to-month,No,19.6,356.15,Credit card (automatic),Yes,Male,0,No,No
2500,9742-XOKTS,10.7,Baixo,"Internet fibra óptica, Pagamento por cheque eletrônico, Mensalidade alta",67,One year,Fiber optic,89.55,6038.55,Electronic check,No,Male,0,Yes,Yes
2501,4418-LZMSV,10.7,Baixo,Contrato mensal,13,Month-to-month,DSL,61.8,750.1,Bank transfer (automatic),No,Male,0,Yes,Yes
2502,4815-YOSUK,10.7,Baixo,"Internet fibra óptica, Mensalidade alta",72,One year,Fiber optic,104.9,7537.5,Credit card (automatic),Yes,Male,0,Yes,Yes
2503,3766-EJLFL,10.7,Baixo,"Internet fibra óptica, Mensalidade alta",68,Two year,Fiber optic,109.05,7508.55,Bank transfer (automatic),Yes,Female,0,Yes,Yes
2504,1088-CNNKB,10.7,Baixo,Mensalidade alta,63,One year,DSL,80.0,5040.2,Credit card (automatic),No,Male,0,Yes,No
2505,5593-SUAOO,10.7,Baixo,"Internet fibra óptica, Mensalidade alta",24,One year,Fiber optic,83.15,2033.05,Bank transfer (automatic),No,Female,0,Yes,Yes
2506,0816-TSPHQ,10.7,Baixo,"Contrato mensal, Cliente novo (≤12 meses)",2,Month-to-month,No,20.75,44.2,Mailed check,No,Male,0,No,No
2507,6377-KSLXC,10.7,Baixo,"Contrato mensal, Cliente novo (≤12 meses)",5,Month-to-month,No,19.95,107.05,Mailed check,No,Male,0,No,No
2508,5524-KHNJP,10.7,Baixo,Mensalidade alta,33,One year,DSL,74.75,2453.3,Credit card (automatic),No,Male,0,Yes,Yes
2509,5345-BMKWB,10.7,Baixo,"Contrato mensal, Cliente novo (≤12 meses)",8,Month-to-month,No,20.25,158.35,Mailed check,No,Male,0,Yes,No
2510,9074-KGVOX,10.7,Baixo,Contrato mensal,50,Month-to-month,DSL,39.45,2021.35,Credit card (automatic),Yes,Male,0,Yes,Yes
2511,0310-VQXAM,10.7,Baixo,"Contrato mensal, Cliente novo (≤12 meses)",9,Month-to-month,No,19.85,178.8,Mailed check,No,Male,0,No,No
2512,6231-WFGFH,10.7,Baixo,"Contrato mensal, Cliente novo (≤12 meses)",4,Month-to-month,No,20.5,77.6,Mailed check,Yes,Male,0,Yes,Yes
2513,7663-CUXZB,10.7,Baixo,"Internet fibra óptica, Pagamento por cheque eletrônico, Mensalidade alta",59,Two year,Fiber optic,113.75,6561.25,Electronic check,No,Male,0,Yes,No
2514,0002-ORFBO,10.6,Baixo,Cliente novo (≤12 meses),9,One year,DSL,65.6,593.3,Mailed check,Yes,Female,0,Yes,Yes
2515,8970-ANWXO,10.6,Baixo,Mensalidade alta,23,One year,DSL,73.75,1756.6,Mailed check,Yes,Female,0,No,No
2516,3059-NGMXB,10.6,Baixo,Contrato mensal,14,Month-to-month,DSL,69.2,944.65,Mailed check,No,Male,0,Yes,Yes
2517,9504-DSHWM,10.6,Baixo,Contrato mensal,20,Month-to-month,DSL,59.2,1191.2,Bank transfer (automatic),No,Male,0,No,No
2518,4558-CGYCZ,10.6,Baixo,"Contrato mensal, Cliente novo (≤12 meses)",4,Month-to-month,No,19.75,78.3,Mailed check,No,Male,0,No,No
2519,5504-WSIUR,10.6,Baixo,"Internet fibra óptica, Mensalidade alta",70,One year,Fiber optic,90.25,6385.95,Bank transfer (automatic),Yes,Female,0,No,No
2520,3181-VTHOE,10.6,Baixo,—,70,One year,DSL,51.05,3635.15,Bank transfer (automatic),Yes,Male,0,Yes,No
2521,9364-YKUVW,10.6,Baixo,Contrato mensal,15,Month-to-month,No,19.8,309.4,Mailed check,Yes,Male,0,No,No
2522,2439-QKJUL,10.6,Baixo,"Contrato mensal, Cliente novo (≤12 meses)",5,Month-to-month,No,20.25,109.8,Mailed check,No,Male,0,No,No
2523,6352-GIGGQ,10.6,Baixo,Mensalidade alta,67,One year,DSL,88.8,5903.15,Bank transfer (automatic),Yes,Male,0,No,No
2524,4751-ERMAN,10.6,Baixo,Mensalidade alta,72,Two year,DSL,75.4,5480.25,Bank transfer (automatic),Yes,Male,0,Yes,Yes
2525,7182-OVLBJ,10.6,Baixo,"Internet fibra óptica, Mensalidade alta",62,Two year,Fiber optic,101.15,6638.35,Bank transfer (automatic),Yes,Female,0,Yes,Yes
2526,1839-UMACK,10.6,Baixo,Pagamento por cheque eletrônico,42,One year,No,25.05,949.85,Electronic check,No,Male,0,No,No
2527,3969-JQABI,10.6,Baixo,Contrato mensal,58,Month-to-month,DSL,65.25,3791.6,Credit card (automatic),Yes,Female,0,Yes,No
2528,6242-SGYTS,10.6,Baixo,"Internet fibra óptica, Mensalidade alta",62,One year,Fiber optic,94.95,5791.85,Credit card (automatic),Yes,Male,0,Yes,Yes
2529,6621-YOBKI,10.6,Baixo,"Contrato mensal, Cliente novo (≤12 meses)",5,Month-to-month,No,20.35,92.75,Mailed check,No,Male,0,No,No
2530,9938-TKDGL,10.6,Baixo,"Internet fibra óptica, Pagamento por cheque eletrônico, Mensalidade alta",68,Two year,Fiber optic,99.55,6668.0,Electronic check,Yes,Male,0,Yes,Yes
2531,7036-ZZKBD,10.5,Baixo,Contrato mensal,31,Month-to-month,DSL,66.4,2019.8,Credit card (automatic),Yes,Male,0,Yes,No
2532,7105-MXJLL,10.5,Baixo,—,26,One year,DSL,60.7,1597.4,Mailed check,No,Female,1,Yes,No
2533,5397-TUPSH,10.5,Baixo,"Internet fibra óptica, Mensalidade alta",65,One year,Fiber optic,70.95,4555.2,Bank transfer (automatic),Yes,Male,1,Yes,No
2534,6568-POCUI,10.5,Baixo,"Internet fibra óptica, Mensalidade alta",45,Two year,Fiber optic,95.2,4285.8,Credit card (automatic),Yes,Female,0,Yes,No
2535,9405-GPBBG,10.5,Baixo,"Internet fibra óptica, Mensalidade alta",64,Two year,Fiber optic,110.5,7069.25,Credit card (automatic),Yes,Female,0,No,No
2536,5837-LXSDN,10.5,Baixo,—,21,One year,DSL,58.85,1215.45,Credit card (automatic),Yes,Female,0,Yes,Yes
2537,7228-PAQPD,10.5,Baixo,—,14,One year,DSL,59.1,772.85,Credit card (automatic),No,Female,0,No,No
2538,2408-PSJVE,10.5,Baixo,Contrato mensal,44,Month-to-month,DSL,61.9,2924.05,Mailed check,Yes,Male,0,Yes,Yes
2539,5756-JYOJT,10.5,Baixo,Cliente novo (≤12 meses),11,One year,DSL,64.9,697.25,Credit card (automatic),No,Female,0,No,No
2540,5989-OMNJE,10.5,Baixo,Pagamento por cheque eletrônico,24,One year,DSL,57.6,1367.75,Electronic check,No,Female,0,Yes,Yes
2541,5393-HJZSM,10.5,Baixo,"Contrato mensal, Mensalidade alta",32,Month-to-month,DSL,76.3,2404.15,Bank transfer (automatic),No,Female,0,Yes,Yes
2542,3181-MIZBN,10.5,Baixo,"Contrato mensal, Pagamento por cheque eletrônico",16,Month-to-month,No,19.75,313.4,Electronic check,No,Male,0,Yes,Yes
2543,1309-XGFSN,10.5,Baixo,"Pagamento por cheque eletrônico, Mensalidade alta",52,One year,DSL,80.85,4079.55,Electronic check,Yes,Male,1,Yes,Yes
2544,0114-RSRRW,10.5,Baixo,"Contrato mensal, Cliente novo (≤12 meses)",10,Month-to-month,No,19.95,187.75,Bank transfer (automatic),Yes,Female,0,Yes,No
2545,2926-JEJJC,10.5,Baixo,Cliente novo (≤12 meses),8,One year,No,20.2,140.95,Bank transfer (automatic),Yes,Female,0,No,No
2546,8044-BGWPI,10.4,Baixo,"Contrato mensal, Cliente novo (≤12 meses), Pagamento por cheque eletrônico",12,Month-to-month,No,21.15,306.05,Electronic check,Yes,Male,0,Yes,Yes
2547,6278-FEPBZ,10.4,Baixo,"Contrato mensal, Cliente novo (≤12 meses)",9,Month-to-month,No,20.25,186.15,Mailed check,No,Female,0,No,No
2548,7343-EOBEU,10.4,Baixo,"Contrato mensal, Cliente novo (≤12 meses)",3,Month-to-month,No,23.6,89.05,Mailed check,Yes,Male,0,Yes,No
2549,3701-SFMUH,10.4,Baixo,"Contrato mensal, Cliente novo (≤12 meses)",7,Month-to-month,DSL,69.7,516.15,Credit card (automatic),No,Male,0,Yes,Yes
2550,9139-TWBAS,10.4,Baixo,—,26,One year,DSL,47.85,1190.5,Bank transfer (automatic),No,Female,0,Yes,No
2551,8756-RDDLT,10.4,Baixo,"Contrato mensal, Pagamento por cheque eletrônico",68,Month-to-month,DSL,44.95,3085.35,Electronic check,No,Female,0,No,No
2552,3096-YXENJ,10.4,Baixo,"Internet fibra óptica, Mensalidade alta",65,Two year,Fiber optic,107.65,7082.85,Bank transfer (automatic),Yes,Female,0,Yes,No
2553,5919-VCZYM,10.4,Baixo,"Contrato mensal, Cliente novo (≤12 meses)",2,Month-to-month,No,20.05,42.7,Mailed check,No,Male,0,No,No
2554,0463-WZZKO,10.4,Baixo,"Contrato mensal, Cliente novo (≤12 meses)",3,Month-to-month,No,20.75,67.1,Credit card (automatic),Yes,Male,0,No,No
2555,5067-DGXLL,10.4,Baixo,"Contrato mensal, Cliente novo (≤12 meses)",2,Month-to-month,No,20.25,36.8,Mailed check,No,Male,0,No,No
2556,3936-QQFLL,10.4,Baixo,"Contrato mensal, Cliente novo (≤12 meses)",2,Month-to-month,No,19.75,39.3,Mailed check,No,Male,0,No,No
2557,5555-RNPGT,10.4,Baixo,"Contrato mensal, Cliente novo (≤12 meses)",10,Month-to-month,No,24.8,223.9,Credit card (automatic),No,Male,0,No,Yes
2558,7016-NVRIC,10.4,Baixo,"Internet fibra óptica, Mensalidade alta",29,One year,Fiber optic,90.1,2656.7,Bank transfer (automatic),No,Male,1,Yes,No
2559,0815-MFZGM,10.4,Baixo,"Internet fibra óptica, Mensalidade alta",42,Two year,Fiber optic,99.0,4135.0,Credit card (automatic),Yes,Female,0,Yes,No
2560,9174-IHETN,10.4,Baixo,"Internet fibra óptica, Mensalidade alta",50,Two year,Fiber optic,70.35,3533.6,Credit card (automatic),No,Female,0,No,Yes
2561,4670-TABXH,10.4,Baixo,"Internet fibra óptica, Mensalidade alta",72,Two year,Fiber optic,109.75,7758.9,Credit card (automatic),Yes,Male,0,Yes,No
2562,5712-VBOXD,10.3,Baixo,"Contrato mensal, Cliente novo (≤12 meses)",4,Month-to-month,No,20.15,68.45,Credit card (automatic),Yes,Female,0,No,No
2563,2830-LEWOA,10.3,Baixo,"Internet fibra óptica, Mensalidade alta",61,One year,Fiber optic,103.9,6449.15,Credit card (automatic),No,Male,0,Yes,Yes
2564,2577-GVSIL,10.3,Baixo,Mensalidade alta,35,One year,DSL,73.45,2661.1,Bank transfer (automatic),Yes,Male,0,Yes,Yes
2565,9513-DXHDA,10.3,Baixo,"Pagamento por cheque eletrônico, Mensalidade alta",27,One year,DSL,81.7,2212.55,Electronic check,No,Male,0,No,No
2566,9253-VIFJQ,10.3,Baixo,—,65,One year,DSL,67.05,4309.55,Credit card (automatic),No,Male,0,Yes,No
2567,8901-UPRHR,10.3,Baixo,"Internet fibra óptica, Mensalidade alta",72,Two year,Fiber optic,109.2,7711.45,Bank transfer (automatic),Yes,Female,0,Yes,Yes
2568,3694-GLTJM,10.3,Baixo,"Contrato mensal, Cliente novo (≤12 meses)",5,Month-to-month,No,19.65,92.05,Credit card (automatic),Yes,Female,0,No,No
2569,5337-IIWKZ,10.3,Baixo,"Contrato mensal, Pagamento por cheque eletrônico",34,Month-to-month,DSL,44.85,1442.6,Electronic check,Yes,Male,0,Yes,Yes
2570,6408-OTUBZ,10.3,Baixo,"Internet fibra óptica, Mensalidade alta",66,One year,Fiber optic,104.55,6779.05,Bank transfer (automatic),Yes,Female,0,No,No
2571,7255-SSFBC,10.3,Baixo,"Internet fibra óptica, Mensalidade alta",72,Two year,Fiber optic,112.25,8041.65,Bank transfer (automatic),Yes,Male,0,Yes,Yes
2572,0623-EJQEG,10.3,Baixo,"Internet fibra óptica, Pagamento por cheque eletrônico, Mensalidade alta",65,One year,Fiber optic,93.55,6069.25,Electronic check,No,Male,0,No,No
2573,9134-WYRVP,10.3,Baixo,"Internet fibra óptica, Mensalidade alta",51,One year,Fiber optic,86.35,4267.15,Mailed check,No,Male,0,No,No
2574,6661-EIPZC,10.2,Baixo,Contrato mensal,48,Month-to-month,DSL,29.5,1423.05,Credit card (automatic),Yes,Female,0,Yes,Yes
2575,4472-LVYGI,10.2,Baixo,Cliente novo (≤12 meses),0,Two year,DSL,52.55,0.0,Bank transfer (automatic),Yes,Female,0,Yes,Yes
2576,2928-HLDBA,10.2,Baixo,"Contrato mensal, Cliente novo (≤12 meses)",6,Month-to-month,No,20.7,112.75,Mailed check,No,Female,0,No,No
2577,7526-IVLYU,10.2,Baixo,"Contrato mensal, Cliente novo (≤12 meses)",3,Month-to-month,No,19.65,68.35,Mailed check,Yes,Male,0,No,No
2578,6574-MCOEH,10.2,Baixo,"Pagamento por cheque eletrônico, Mensalidade alta",33,One year,DSL,79.15,2531.4,Electronic check,Yes,Female,0,Yes,Yes
2579,8474-UMLNT,10.2,Baixo,Contrato mensal,13,Month-to-month,DSL,67.8,842.25,Bank transfer (automatic),No,Female,0,No,No
2580,9546-KDTRB,10.2,Baixo,Contrato mensal,19,Month-to-month,No,24.7,465.85,Bank transfer (automatic),No,Female,0,No,No
2581,7856-GANIL,10.2,Baixo,"Internet fibra óptica, Mensalidade alta",45,One year,Fiber optic,98.7,4525.8,Bank transfer (automatic),Yes,Male,1,Yes,No
2582,9432-RUVSL,10.2,Baixo,"Internet fibra óptica, Mensalidade alta",48,Two year,Fiber optic,102.5,4904.25,Credit card (automatic),Yes,Female,0,No,No
2583,5315-CKEQK,10.2,Baixo,Pagamento por cheque eletrônico,28,One year,DSL,51.0,1381.8,Electronic check,Yes,Male,1,Yes,Yes
2584,1480-IVEVR,10.2,Baixo,"Internet fibra óptica, Mensalidade alta",35,One year,Fiber optic,81.6,2815.25,Bank transfer (automatic),Yes,Male,1,Yes,No
2585,6726-NNFWD,10.2,Baixo,"Internet fibra óptica, Mensalidade alta",71,Two year,Fiber optic,89.45,6435.25,Credit card (automatic),No,Female,1,Yes,No
2586,1741-WTPON,10.2,Baixo,"Internet fibra óptica, Mensalidade alta",56,Two year,Fiber optic,115.85,6567.9,Mailed check,No,Male,0,Yes,Yes
2587,1563-IWQEX,10.1,Baixo,"Contrato mensal, Cliente novo (≤12 meses)",12,Month-to-month,No,19.7,220.35,Mailed check,No,Female,0,No,No
2588,9351-LZYGF,10.1,Baixo,Contrato mensal,42,Month-to-month,DSL,66.4,2727.8,Credit card (automatic),Yes,Female,0,Yes,No
2589,7753-USQYQ,10.1,Baixo,Pagamento por cheque eletrônico,55,One year,DSL,64.2,3627.3,Electronic check,Yes,Male,0,No,No
2590,0750-EKNGL,10.1,Baixo,"Contrato mensal, Cliente novo (≤12 meses)",7,Month-to-month,No,20.75,141.1,Mailed check,No,Male,0,No,No
2591,5447-VYTKW,10.1,Baixo,Contrato mensal,27,Month-to-month,DSL,53.45,1461.45,Mailed check,No,Male,0,No,No
2592,1140-UKVZG,10.1,Baixo,Contrato mensal,17,Month-to-month,No,24.8,475.25,Mailed check,No,Female,0,No,No
2593,6728-DKUCO,10.1,Baixo,"Internet fibra óptica, Pagamento por cheque eletrônico, Mensalidade alta",72,One year,Fiber optic,104.15,7303.05,Electronic check,Yes,Female,0,Yes,Yes
2594,4830-FAXFM,10.1,Baixo,Contrato mensal,19,Month-to-month,No,24.1,439.2,Credit card (automatic),Yes,Male,0,No,Yes
2595,9146-JRIOX,10.1,Baixo,Contrato mensal,14,Month-to-month,No,25.55,372.45,Mailed check,No,Female,0,Yes,Yes
2596,0533-UCAAU,10.1,Baixo,Mensalidade alta,57,One year,DSL,71.1,4140.1,Credit card (automatic),Yes,Male,1,Yes,No
2597,4423-JWZJN,10.1,Baixo,"Internet fibra óptica, Mensalidade alta",64,One year,Fiber optic,90.25,5629.15,Credit card (automatic),No,Male,0,Yes,Yes
2598,9076-AXYIK,10.1,Baixo,"Internet fibra óptica, Pagamento por cheque eletrônico, Mensalidade alta",64,Two year,Fiber optic,102.1,6538.45,Electronic check,No,Male,1,Yes,No
2599,4981-FLTMF,10.1,Baixo,Contrato mensal,57,Month-to-month,DSL,65.2,3687.85,Bank transfer (automatic),No,Female,0,Yes,Yes
2600,9367-TCUYN,10.1,Baixo,"Contrato mensal, Cliente novo (≤12 meses)",12,Month-to-month,No,20.1,223.6,Mailed check,No,Female,0,No,No
2601,8466-PZBLH,10.1,Baixo,"Internet fibra óptica, Mensalidade alta",67,Two year,Fiber optic,104.6,6885.75,Bank transfer (automatic),No,Male,0,Yes,Yes
2602,4939-KYYPY,10.1,Baixo,"Contrato mensal, Pagamento por cheque eletrônico",27,Month-to-month,DSL,59.45,1611.65,Electronic check,No,Male,0,No,No
2603,7994-XIRTR,10.1,Baixo,—,54,One year,DSL,65.25,3529.95,Bank transfer (automatic),No,Male,1,No,No
2604,1265-HVPZB,10.1,Baixo,—,59,One year,DSL,66.4,3958.2,Credit card (automatic),No,Male,0,Yes,No
2605,1163-VIPRI,10.0,Baixo,"Internet fibra óptica, Pagamento por cheque eletrônico, Mensalidade alta",65,Two year,Fiber optic,109.3,7337.55,Electronic check,No,Female,0,Yes,Yes
2606,1702-CCFNJ,10.0,Baixo,Contrato mensal,52,Month-to-month,DSL,61.35,3169.55,Bank transfer (automatic),No,Male,0,Yes,No
2607,3007-FDPEA,10.0,Baixo,"Contrato mensal, Cliente novo (≤12 meses)",2,Month-to-month,No,20.7,39.85,Bank transfer (automatic),Yes,Female,0,No,No
2608,0549-CYCQN,10.0,Baixo,"Internet fibra óptica, Mensalidade alta",51,One year,Fiber optic,79.6,3974.7,Bank transfer (automatic),Yes,Male,1,No,No
2609,2200-DSAAL,10.0,Baixo,"Pagamento por cheque eletrônico, Mensalidade alta",68,Two year,DSL,80.65,5330.2,Electronic check,Yes,Female,0,No,No
2610,7105-BENQF,10.0,Baixo,—,15,One year,DSL,64.85,950.75,Mailed check,No,Male,0,No,Yes
2611,5640-CAXOA,10.0,Baixo,—,30,One year,DSL,40.35,1187.05,Credit card (automatic),Yes,Female,0,No,No
2612,1465-WCZVT,10.0,Baixo,"Contrato mensal, Cliente novo (≤12 meses)",3,Month-to-month,No,19.65,60.65,Mailed check,No,Female,0,Yes,Yes
2613,5651-CRHKQ,10.0,Baixo,"Internet fibra óptica, Mensalidade alta",41,One year,Fiber optic,86.2,3339.05,Bank transfer (automatic),Yes,Female,0,Yes,No
2614,0347-UBKUZ,10.0,Baixo,Contrato mensal,15,Month-to-month,No,19.9,320.45,Mailed check,No,Female,0,No,No
2615,0824-VWDPO,10.0,Baixo,"Internet fibra óptica, Mensalidade alta",45,One year,Fiber optic,96.75,4442.75,Bank transfer (automatic),No,Female,0,No,No
2616,7997-EASSD,10.0,Baixo,"Internet fibra óptica, Mensalidade alta",63,One year,Fiber optic,81.2,4965.1,Credit card (automatic),Yes,Female,0,Yes,No
2617,2580-ASVVY,10.0,Baixo,Pagamento por cheque eletrônico,37,Two year,DSL,45.4,1593.1,Electronic check,No,Female,0,Yes,No
2618,9640-ZSLDC,10.0,Baixo,—,53,One year,DSL,60.6,3297.0,Credit card (automatic),No,Female,0,Yes,Yes
2619,2805-EDJPQ,10.0,Baixo,"Internet fibra óptica, Mensalidade alta",56,One year,Fiber optic,99.75,5608.4,Credit card (automatic),Yes,Female,0,Yes,Yes
2620,6614-FHDBO,10.0,Baixo,"Internet fibra óptica, Mensalidade alta",72,Two year,Fiber optic,109.2,7878.3,Bank transfer (automatic),No,Male,0,No,No
2621,3658-QQJYD,10.0,Baixo,Mensalidade alta,62,One year,DSL,74.3,4698.05,Credit card (automatic),Yes,Male,0,No,No
2622,8944-AILEF,9.9,Baixo,Contrato mensal,15,Month-to-month,No,19.45,340.85,Credit card (automatic),Yes,Male,0,Yes,No
2623,4568-TTZRT,9.9,Baixo,"Contrato mensal, Cliente novo (≤12 meses)",9,Month-to-month,No,20.4,181.8,Mailed check,No,Male,0,No,No
2624,4189-NAKJS,9.9,Baixo,—,26,One year,DSL,51.55,1295.4,Credit card (automatic),Yes,Male,0,No,No
2625,4654-DLAMQ,9.9,Baixo,"Internet fibra óptica, Mensalidade alta",64,One year,Fiber optic,97.0,6430.9,Bank transfer (automatic),No,Female,1,Yes,No
2626,0377-JBKKT,9.9,Baixo,Contrato mensal,22,Month-to-month,DSL,57.95,1271.8,Mailed check,Yes,Male,0,Yes,Yes
2627,2428-ZMCTB,9.9,Baixo,"Contrato mensal, Cliente novo (≤12 meses)",10,Month-to-month,No,19.75,208.25,Credit card (automatic),No,Male,0,No,No
2628,5693-PIPCS,9.9,Baixo,"Internet fibra óptica, Mensalidade alta",41,Two year,Fiber optic,99.65,4220.35,Credit card (automatic),Yes,Male,0,No,No
2629,1099-BTKWT,9.9,Baixo,Pagamento por cheque eletrônico,68,One year,DSL,54.4,3723.65,Electronic check,Yes,Female,0,Yes,No
2630,3612-YUNGG,9.9,Baixo,"Internet fibra óptica, Mensalidade alta",64,Two year,Fiber optic,109.2,6741.15,Credit card (automatic),Yes,Male,0,Yes,Yes
2631,2159-TURXX,9.9,Baixo,"Contrato mensal, Cliente novo (≤12 meses)",5,Month-to-month,No,20.05,95.55,Credit card (automatic),No,Male,0,No,No
2632,3981-QSVQI,9.9,Baixo,"Contrato mensal, Cliente novo (≤12 meses)",8,Month-to-month,No,19.7,168.9,Bank transfer (automatic),Yes,Male,0,No,No
2633,0975-UYDTX,9.9,Baixo,Mensalidade alta,26,One year,DSL,90.1,2312.55,Credit card (automatic),Yes,Female,0,Yes,No
2634,7636-XUHWW,9.9,Baixo,"Contrato mensal, Cliente novo (≤12 meses)",2,Month-to-month,No,19.9,33.7,Credit card (automatic),Yes,Male,0,No,No
2635,2717-HVIZY,9.8,Baixo,"Contrato mensal, Cliente novo (≤12 meses)",8,Month-to-month,No,20.05,163.6,Mailed check,No,Female,0,No,Yes
2636,0285-INHLN,9.8,Baixo,Contrato mensal,27,Month-to-month,DSL,54.75,1510.3,Credit card (automatic),Yes,Male,0,Yes,Yes
2637,5396-IZEPB,9.8,Baixo,"Contrato mensal, Cliente novo (≤12 meses)",9,Month-to-month,No,19.7,180.7,Credit card (automatic),No,Male,0,No,No
2638,9702-AIUJO,9.8,Baixo,—,50,One year,DSL,44.8,2230.85,Bank transfer (automatic),Yes,Male,0,Yes,Yes
2639,2522-WLNSF,9.8,Baixo,—,34,One year,DSL,64.2,2106.3,Bank transfer (automatic),No,Female,1,Yes,No
2640,6319-QSUSR,9.8,Baixo,"Contrato mensal, Cliente novo (≤12 meses)",11,Month-to-month,No,19.7,216.2,Credit card (automatic),No,Female,0,No,Yes
2641,5448-VWNAM,9.8,Baixo,"Contrato mensal, Mensalidade alta",19,Month-to-month,DSL,75.9,1375.6,Mailed check,Yes,Female,0,No,Yes
2642,6490-FGZAT,9.8,Baixo,"Contrato mensal, Cliente novo (≤12 meses)",6,Month-to-month,No,20.65,109.3,Mailed check,No,Male,0,No,No
2643,5150-LJNSR,9.8,Baixo,"Internet fibra óptica, Mensalidade alta",31,One year,Fiber optic,98.05,3082.1,Bank transfer (automatic),No,Male,0,Yes,Yes
2644,5144-PQCDZ,9.7,Baixo,"Contrato mensal, Cliente novo (≤12 meses)",4,Month-to-month,No,19.95,59.25,Mailed check,Yes,Male,0,No,No
2645,0020-INWCK,9.7,Baixo,"Internet fibra óptica, Mensalidade alta",71,Two year,Fiber optic,95.75,6849.4,Credit card (automatic),Yes,Female,0,Yes,Yes
2646,6196-HBOBZ,9.7,Baixo,"Internet fibra óptica, Pagamento por cheque eletrônico, Mensalidade alta",65,Two year,Fiber optic,99.35,6347.55,Electronic check,Yes,Male,0,Yes,No
2647,6728-CZFEI,9.7,Baixo,—,15,One year,DSL,56.15,931.9,Mailed check,No,Female,0,No,No
2648,1334-PDUKM,9.7,Baixo,"Internet fibra óptica, Mensalidade alta",68,One year,Fiber optic,86.45,5762.95,Credit card (automatic),No,Female,0,Yes,No
2649,5062-CJJKH,9.7,Baixo,—,25,One year,DSL,53.65,1355.45,Mailed check,No,Male,0,Yes,Yes
2650,8746-OQQRW,9.7,Baixo,"Contrato mensal, Cliente novo (≤12 meses)",4,Month-to-month,No,25.25,101.9,Mailed check,No,Male,0,No,No
2651,0813-TAXXS,9.7,Baixo,Mensalidade alta,55,Two year,DSL,77.8,4323.35,Bank transfer (automatic),Yes,Male,0,No,No
2652,6869-FGJJC,9.7,Baixo,"Internet fibra óptica, Mensalidade alta",68,One year,Fiber optic,79.6,5461.45,Credit card (automatic),No,Male,0,No,No
2653,5795-KTGUD,9.7,Baixo,"Internet fibra óptica, Mensalidade alta",68,Two year,Fiber optic,110.8,7553.6,Bank transfer (automatic),Yes,Female,0,Yes,No
2654,4835-YSJMR,9.7,Baixo,—,39,Two year,DSL,49.8,1971.15,Bank transfer (automatic),Yes,Male,0,No,No
2655,0516-QREYC,9.7,Baixo,Contrato mensal,24,Month-to-month,No,20.3,459.95,Mailed check,Yes,Female,1,No,No
2656,5306-BVTKJ,9.6,Baixo,—,48,One year,DSL,55.8,2651.2,Credit card (automatic),Yes,Male,0,Yes,Yes
2657,9845-PEEKO,9.6,Baixo,"Internet fibra óptica, Mensalidade alta",59,Two year,Fiber optic,79.2,4590.35,Credit card (automatic),Yes,Female,1,No,No
2658,3915-ODIYG,9.6,Baixo,"Pagamento por cheque eletrônico, Mensalidade alta",60,One year,DSL,71.75,4374.55,Electronic check,Yes,Male,1,No,No
2659,4091-TVOCN,9.6,Baixo,Mensalidade alta,48,One year,DSL,78.75,3682.45,Credit card (automatic),Yes,Male,0,No,Yes
2660,5014-WUQMG,9.6,Baixo,"Internet fibra óptica, Pagamento por cheque eletrônico, Mensalidade alta",47,One year,Fiber optic,96.1,4391.45,Electronic check,Yes,Male,0,Yes,Yes
2661,8099-MZPUJ,9.6,Baixo,"Internet fibra óptica, Mensalidade alta",48,Two year,Fiber optic,111.8,5443.65,Credit card (automatic),No,Male,0,Yes,Yes
2662,2038-YSEZE,9.6,Baixo,Contrato mensal,29,Month-to-month,DSL,67.45,1801.1,Mailed check,No,Female,0,No,No
2663,2080-SRCDE,9.6,Baixo,"Contrato mensal, Cliente novo (≤12 meses)",1,Month-to-month,No,25.4,25.4,Mailed check,No,Female,0,No,Yes
2664,8739-QOTTN,9.6,Baixo,"Contrato mensal, Cliente novo (≤12 meses)",2,Month-to-month,No,20.35,41.85,Mailed check,No,Female,0,Yes,No
2665,0380-ZCSBI,9.6,Baixo,"Contrato mensal, Cliente novo (≤12 meses)",10,Month-to-month,No,20.0,198.7,Credit card (automatic),No,Male,0,No,No
2666,0074-HDKDG,9.6,Baixo,—,25,One year,DSL,61.6,1611.0,Bank transfer (automatic),Yes,Male,0,Yes,Yes
2667,1696-MZVAU,9.6,Baixo,—,39,One year,DSL,25.25,947.75,Credit card (automatic),Yes,Male,0,Yes,Yes
2668,5663-QBGIS,9.6,Baixo,"Internet fibra óptica, Mensalidade alta",72,Two year,Fiber optic,98.35,6929.4,Bank transfer (automatic),No,Male,1,Yes,No
2669,0401-WDBXM,9.6,Baixo,"Internet fibra óptica, Mensalidade alta",72,Two year,Fiber optic,105.55,7542.25,Bank transfer (automatic),Yes,Male,0,Yes,Yes
2670,0254-KCJGT,9.6,Baixo,Mensalidade alta,52,One year,DSL,81.4,4354.45,Credit card (automatic),Yes,Male,0,Yes,No
2671,2371-JUNGC,9.6,Baixo,"Contrato mensal, Cliente novo (≤12 meses)",11,Month-to-month,No,20.25,208.0,Mailed check,No,Male,0,No,No
2672,8713-IGZSO,9.5,Baixo,"Contrato mensal, Cliente novo (≤12 meses)",2,Month-to-month,No,24.85,62.0,Mailed check,No,Male,0,No,No
2673,2732-ISEZX,9.5,Baixo,"Contrato mensal, Cliente novo (≤12 meses)",5,Month-to-month,No,20.5,104.3,Mailed check,Yes,Female,0,No,No
2674,2931-VUVJN,9.5,Baixo,"Internet fibra óptica, Pagamento por cheque eletrônico, Mensalidade alta",59,One year,Fiber optic,94.05,5483.9,Electronic check,Yes,Female,1,Yes,No
2675,7690-KPNCU,9.5,Baixo,Mensalidade alta,64,One year,DSL,73.05,4688.65,Credit card (automatic),Yes,Male,0,Yes,Yes
2676,0690-SRQID,9.5,Baixo,"Contrato mensal, Cliente novo (≤12 meses)",4,Month-to-month,No,19.65,67.55,Mailed check,Yes,Male,0,No,No
2677,0727-BNRLG,9.5,Baixo,"Internet fibra óptica, Mensalidade alta",69,Two year,Fiber optic,97.65,6743.55,Credit card (automatic),Yes,Male,0,No,No
2678,8947-YRTDV,9.5,Baixo,"Internet fibra óptica, Mensalidade alta",32,One year,Fiber optic,94.8,3131.55,Mailed check,No,Male,0,Yes,Yes
2679,1621-YNCJH,9.5,Baixo,"Internet fibra óptica, Mensalidade alta",36,Two year,Fiber optic,106.05,3834.4,Credit card (automatic),Yes,Female,0,Yes,No
2680,5149-CUZUJ,9.5,Baixo,"Internet fibra óptica, Mensalidade alta",28,One year,Fiber optic,92.9,2768.35,Bank transfer (automatic),No,Male,0,Yes,Yes
2681,4023-RTIQM,9.5,Baixo,—,31,One year,DSL,50.4,1580.1,Credit card (automatic),Yes,Female,1,Yes,No
2682,6502-KUGLL,9.5,Baixo,Contrato mensal,14,Month-to-month,DSL,59.45,780.85,Bank transfer (automatic),No,Female,0,Yes,Yes
2683,4075-WKNIU,9.5,Baixo,"Cliente novo (≤12 meses), Mensalidade alta",0,Two year,DSL,73.35,0.0,Mailed check,No,Female,0,Yes,Yes
2684,7184-LRUUR,9.5,Baixo,—,22,One year,DSL,65.25,1441.8,Bank transfer (automatic),No,Female,0,No,No
2685,2967-MXRAV,9.5,Baixo,Cliente novo (≤12 meses),1,One year,No,18.8,18.8,Mailed check,No,Male,0,Yes,Yes
2686,3280-MRDOF,9.5,Baixo,—,30,Two year,DSL,69.1,2093.9,Credit card (automatic),Yes,Male,1,No,No
2687,0983-TATYJ,9.5,Baixo,—,33,One year,DSL,51.45,1758.9,Mailed check,Yes,Female,0,Yes,No
2688,5832-EXGTT,9.4,Baixo,Contrato mensal,29,Month-to-month,DSL,60.2,1834.15,Mailed check,Yes,Male,0,Yes,Yes
2689,0864-FVJNJ,9.4,Baixo,"Internet fibra óptica, Pagamento por cheque eletrônico, Mensalidade alta",64,One year,Fiber optic,113.35,7222.75,Electronic check,No,Female,0,Yes,Yes
2690,9609-BENEA,9.4,Baixo,Pagamento por cheque eletrônico,35,One year,DSL,69.0,2441.7,Electronic check,Yes,Male,0,Yes,No
2691,6933-VLYFX,9.4,Baixo,Pagamento por cheque eletrônico,31,One year,DSL,59.95,1848.8,Electronic check,No,Male,0,Yes,Yes
2692,5197-PYEPU,9.4,Baixo,"Internet fibra óptica, Mensalidade alta",42,One year,Fiber optic,94.45,3923.8,Credit card (automatic),Yes,Female,0,Yes,Yes
2693,1291-CUOCY,9.4,Baixo,"Internet fibra óptica, Mensalidade alta",72,Two year,Fiber optic,110.6,7962.2,Credit card (automatic),Yes,Male,0,Yes,No
2694,7976-CICYS,9.4,Baixo,"Contrato mensal, Cliente novo (≤12 meses)",4,Month-to-month,No,20.7,83.75,Credit card (automatic),Yes,Male,0,No,No
2695,2308-STERM,9.4,Baixo,"Contrato mensal, Cliente novo (≤12 meses)",2,Month-to-month,No,19.4,61.05,Mailed check,No,Female,0,No,No
2696,7654-YWJUF,9.4,Baixo,"Internet fibra óptica, Mensalidade alta",43,One year,Fiber optic,84.25,3539.25,Bank transfer (automatic),Yes,Male,0,Yes,No
2697,9589-ABEPT,9.4,Baixo,"Internet fibra óptica, Mensalidade alta",69,Two year,Fiber optic,92.45,6460.55,Mailed check,Yes,Male,0,Yes,No
2698,5414-OFQCB,9.4,Baixo,"Internet fibra óptica, Mensalidade alta",57,Two year,Fiber optic,90.45,5229.8,Credit card (automatic),Yes,Male,0,No,No
2699,7672-VFMXZ,9.4,Baixo,"Contrato mensal, Pagamento por cheque eletrônico",57,Month-to-month,DSL,55.7,3171.6,Electronic check,No,Male,0,Yes,No
2700,2834-JKOOW,9.4,Baixo,—,15,One year,DSL,45.9,693.45,Mailed check,No,Female,0,No,No
2701,8138-EALND,9.4,Baixo,Contrato mensal,15,Month-to-month,No,19.75,311.6,Mailed check,No,Male,0,No,No
2702,5514-YQENT,9.3,Baixo,"Internet fibra óptica, Pagamento por cheque eletrônico, Mensalidade alta",41,Two year,Fiber optic,111.15,4507.15,Electronic check,Yes,Male,0,No,Yes
2703,6838-HVLXG,9.3,Baixo,"Contrato mensal, Cliente novo (≤12 meses)",12,Month-to-month,No,20.3,246.7,Mailed check,No,Female,0,No,No
2704,9932-WBWIK,9.3,Baixo,"Contrato mensal, Cliente novo (≤12 meses)",11,Month-to-month,No,20.35,215.25,Mailed check,No,Male,0,No,No
2705,6244-BESBM,9.3,Baixo,"Internet fibra óptica, Mensalidade alta",69,Two year,Fiber optic,95.2,6671.7,Credit card (automatic),Yes,Male,0,Yes,Yes
2706,7531-GQHME,9.3,Baixo,"Contrato mensal, Cliente novo (≤12 meses)",12,Month-to-month,No,20.05,265.45,Credit card (automatic),No,Male,0,No,No
2707,6840-RESVB,9.3,Baixo,Mensalidade alta,24,One year,DSL,84.8,1990.5,Mailed check,Yes,Male,0,Yes,Yes
2708,0868-VJRDR,9.3,Baixo,"Internet fibra óptica, Mensalidade alta",64,Two year,Fiber optic,104.05,6605.55,Credit card (automatic),Yes,Male,0,Yes,No
2709,7361-YPXFS,9.3,Baixo,Contrato mensal,28,Month-to-month,DSL,64.45,1867.6,Bank transfer (automatic),No,Female,1,No,No
2710,5756-OZRIO,9.3,Baixo,—,61,One year,DSL,64.05,3902.6,Bank transfer (automatic),No,Male,1,Yes,No
2711,1386-ZIKUV,9.2,Baixo,"Contrato mensal, Cliente novo (≤12 meses)",7,Month-to-month,No,18.95,130.55,Mailed check,Yes,Male,0,No,No
2712,4644-PIZRT,9.2,Baixo,Mensalidade alta,17,One year,DSL,70.35,1201.65,Bank transfer (automatic),Yes,Male,0,Yes,Yes
2713,4366-CTOUZ,9.2,Baixo,"Internet fibra óptica, Mensalidade alta",50,Two year,Fiber optic,100.2,5038.45,Mailed check,Yes,Female,0,No,No
2714,8465-SBRXP,9.2,Baixo,"Internet fibra óptica, Mensalidade alta",38,Two year,Fiber optic,94.9,3616.25,Bank transfer (automatic),Yes,Male,0,Yes,Yes
2715,8350-NYMVI,9.2,Baixo,Contrato mensal,39,Month-to-month,DSL,41.1,1597.05,Bank transfer (automatic),No,Female,0,No,No
2716,1614-JBEBI,9.2,Baixo,"Contrato mensal, Cliente novo (≤12 meses)",8,Month-to-month,No,20.7,137.6,Mailed check,Yes,Female,0,No,No
2717,2746-DIJLO,9.2,Baixo,—,41,One year,DSL,56.3,2364.0,Credit card (automatic),Yes,Female,0,No,No
2718,5151-HQRDG,9.2,Baixo,Contrato mensal,37,Month-to-month,DSL,55.05,2030.75,Mailed check,Yes,Male,0,Yes,No
2719,1237-WIYYZ,9.2,Baixo,Contrato mensal,18,Month-to-month,No,19.55,389.25,Mailed check,Yes,Female,0,No,No
2720,6937-GCDGQ,9.2,Baixo,—,19,One year,DSL,48.95,955.6,Bank transfer (automatic),Yes,Male,0,Yes,Yes
2721,0233-FTHAV,9.2,Baixo,"Internet fibra óptica, Mensalidade alta",60,One year,Fiber optic,79.2,4765.0,Bank transfer (automatic),Yes,Female,0,No,No
2722,5701-GUXDC,9.2,Baixo,—,26,One year,DSL,35.4,978.6,Credit card (automatic),No,Female,0,Yes,No
2723,3282-ZISZV,9.2,Baixo,Mensalidade alta,32,One year,DSL,83.7,2633.3,Credit card (automatic),No,Male,0,No,Yes
2724,1814-DKOLC,9.2,Baixo,"Contrato mensal, Cliente novo (≤12 meses)",5,Month-to-month,No,25.45,134.75,Mailed check,No,Female,0,No,No
2725,6738-ISCBM,9.2,Baixo,Pagamento por cheque eletrônico,44,One year,DSL,54.0,2440.25,Electronic check,Yes,Male,0,No,No
2726,9114-AAFQH,9.2,Baixo,Pagamento por cheque eletrônico,48,One year,DSL,65.65,3094.65,Electronic check,Yes,Female,0,Yes,No
2727,8071-SBTRN,9.2,Baixo,"Internet fibra óptica, Mensalidade alta",70,Two year,Fiber optic,111.15,7737.55,Mailed check,Yes,Female,0,No,No
2728,0068-FIGTF,9.2,Baixo,Mensalidade alta,27,One year,DSL,78.2,2078.95,Mailed check,No,Female,0,No,No
2729,0787-LHDYT,9.2,Baixo,Contrato mensal,16,Month-to-month,No,20.6,330.25,Credit card (automatic),Yes,Male,0,No,No
2730,2911-IJORQ,9.2,Baixo,Mensalidade alta,37,One year,DSL,90.6,3358.65,Bank transfer (automatic),Yes,Male,0,No,No
2731,8883-GRDWQ,9.1,Baixo,—,20,One year,DSL,54.0,1055.9,Mailed check,No,Male,1,No,No
2732,0565-JUPYD,9.1,Baixo,"Internet fibra óptica, Mensalidade alta",63,One year,Fiber optic,104.5,6590.8,Credit card (automatic),No,Male,0,No,No
2733,5562-BETPV,9.1,Baixo,Cliente novo (≤12 meses),1,One year,No,19.65,19.65,Mailed check,No,Male,0,Yes,Yes
2734,9052-DHNKM,9.1,Baixo,Pagamento por cheque eletrônico,26,One year,DSL,61.55,1581.95,Electronic check,No,Male,0,No,No
2735,2450-ZKEED,9.1,Baixo,Cliente novo (≤12 meses),11,One year,DSL,53.8,651.55,Bank transfer (automatic),No,Female,0,No,No
2736,3908-MKIMJ,9.1,Baixo,Pagamento por cheque eletrônico,68,Two year,DSL,41.95,2965.75,Electronic check,Yes,Male,1,Yes,No
2737,3705-RHRFR,9.1,Baixo,"Internet fibra óptica, Mensalidade alta",69,Two year,Fiber optic,99.15,6875.35,Bank transfer (automatic),No,Female,0,Yes,No
2738,3824-RHKVR,9.1,Baixo,Contrato mensal,17,Month-to-month,No,19.7,340.35,Credit card (automatic),No,Female,0,No,No
2739,4079-ULGFR,9.1,Baixo,Contrato mensal,16,Month-to-month,No,20.0,275.7,Mailed check,No,Male,0,No,No
2740,0670-ANMUU,9.1,Baixo,"Internet fibra óptica, Mensalidade alta",71,One year,Fiber optic,97.65,6687.85,Credit card (automatic),No,Male,0,No,No
2741,1539-LNKHM,9.1,Baixo,"Contrato mensal, Cliente novo (≤12 meses)",12,Month-to-month,No,20.4,266.6,Mailed check,No,Female,0,No,No
2742,9046-DQMTP,9.1,Baixo,Contrato mensal,35,Month-to-month,No,20.75,739.9,Bank transfer (automatic),No,Male,0,No,No
2743,1921-KYSAY,9.0,Baixo,Pagamento por cheque eletrônico,41,One year,DSL,68.6,2877.05,Electronic check,Yes,Female,0,No,No
2744,6778-JFCMK,9.0,Baixo,—,24,One year,DSL,50.6,1288.75,Mailed check,Yes,Male,0,No,No
2745,0707-HOVVN,9.0,Baixo,Mensalidade alta,70,Two year,DSL,75.5,5212.65,Bank transfer (automatic),Yes,Female,1,No,No
2746,0635-WKOLD,9.0,Baixo,Mensalidade alta,40,One year,DSL,70.75,2921.75,Credit card (automatic),No,Male,0,Yes,No
2747,8016-ZMGMO,9.0,Baixo,Mensalidade alta,66,One year,DSL,70.85,4738.85,Bank transfer (automatic),Yes,Female,1,Yes,No
2748,4922-CVPDX,9.0,Baixo,Mensalidade alta,26,Two year,DSL,73.5,1905.7,Credit card (automatic),Yes,Female,0,Yes,No
2749,3675-YDUPJ,9.0,Baixo,"Contrato mensal, Cliente novo (≤12 meses)",10,Month-to-month,No,19.85,193.05,Mailed check,Yes,Male,0,No,No
2750,8041-TMEID,9.0,Baixo,"Internet fibra óptica, Mensalidade alta",63,Two year,Fiber optic,108.5,6991.9,Credit card (automatic),No,Male,1,Yes,No
2751,4054-CUMIA,9.0,Baixo,Contrato mensal,18,Month-to-month,No,20.25,401.95,Mailed check,Yes,Female,0,Yes,Yes
2752,2890-WFBHU,9.0,Baixo,Mensalidade alta,59,One year,DSL,79.85,4786.1,Credit card (automatic),No,Female,0,No,No
2753,4700-UBQMV,9.0,Baixo,Mensalidade alta,21,One year,DSL,75.9,1549.75,Bank transfer (automatic),Yes,Male,0,Yes,Yes
2754,4365-MSDYN,9.0,Baixo,"Contrato mensal, Cliente novo (≤12 meses)",8,Month-to-month,No,19.55,161.15,Bank transfer (automatic),Yes,Male,0,Yes,No
2755,3850-OKINF,8.9,Baixo,Pagamento por cheque eletrônico,71,One year,DSL,66.2,4692.55,Electronic check,Yes,Male,0,Yes,Yes
2756,5872-OEQNH,8.9,Baixo,Pagamento por cheque eletrônico,60,One year,DSL,44.45,2773.9,Electronic check,Yes,Female,0,No,No
2757,8498-XXGWA,8.9,Baixo,Contrato mensal,65,Month-to-month,DSL,55.15,3673.15,Mailed check,Yes,Female,0,Yes,No
2758,6754-WKSHP,8.9,Baixo,—,30,One year,No,25.35,723.3,Bank transfer (automatic),No,Male,0,No,Yes
2759,6050-FFXES,8.9,Baixo,"Internet fibra óptica, Mensalidade alta",69,Two year,Fiber optic,105.35,7240.65,Bank transfer (automatic),No,Female,0,Yes,No
2760,7874-ECPQJ,8.9,Baixo,"Contrato mensal, Cliente novo (≤12 meses)",4,Month-to-month,No,20.05,85.5,Bank transfer (automatic),Yes,Female,0,No,Yes
2761,4694-PHWFW,8.9,Baixo,"Contrato mensal, Cliente novo (≤12 meses)",8,Month-to-month,No,19.95,170.9,Mailed check,No,Female,0,No,Yes
2762,7785-RDVIG,8.9,Baixo,"Contrato mensal, Cliente novo (≤12 meses)",3,Month-to-month,No,19.3,54.7,Mailed check,No,Female,0,Yes,Yes
2763,0208-BPQEJ,8.9,Baixo,"Contrato mensal, Cliente novo (≤12 meses)",12,Month-to-month,No,19.4,198.1,Bank transfer (automatic),No,Female,0,Yes,Yes
2764,3061-BCKYI,8.9,Baixo,Contrato mensal,14,Month-to-month,No,19.9,283.75,Mailed check,No,Male,0,No,No
2765,7629-WFGLW,8.9,Baixo,"Internet fibra óptica, Pagamento por cheque eletrônico, Mensalidade alta",56,One year,Fiber optic,95.65,5471.75,Electronic check,No,Female,1,Yes,No
2766,8313-AFGBW,8.9,Baixo,"Pagamento por cheque eletrônico, Mensalidade alta",47,Two year,DSL,73.6,3522.65,Electronic check,No,Male,0,Yes,No
2767,1045-LTCYT,8.9,Baixo,"Contrato mensal, Cliente novo (≤12 meses)",8,Month-to-month,No,21.05,139.75,Credit card (automatic),No,Female,0,Yes,Yes
2768,9362-MWODR,8.9,Baixo,Contrato mensal,40,Month-to-month,DSL,64.1,2460.35,Credit card (automatic),Yes,Female,0,No,Yes
2769,5329-KRDTM,8.9,Baixo,Mensalidade alta,72,Two year,DSL,77.35,5396.25,Credit card (automatic),No,Male,1,Yes,No
2770,4713-ZBURT,8.8,Baixo,"Internet fibra óptica, Mensalidade alta",45,Two year,Fiber optic,99.7,4634.35,Bank transfer (automatic),No,Male,0,No,Yes
2771,1057-FOGLZ,8.8,Baixo,Contrato mensal,18,Month-to-month,No,19.65,391.7,Mailed check,No,Female,0,No,No
2772,9938-ZREHM,8.8,Baixo,Mensalidade alta,37,One year,DSL,72.1,2658.4,Mailed check,No,Female,0,Yes,No
2773,4770-QAZXN,8.8,Baixo,Contrato mensal,13,Month-to-month,No,19.45,232.1,Credit card (automatic),No,Female,0,No,No
2774,7013-PSXHK,8.8,Baixo,Mensalidade alta,40,One year,DSL,80.75,3208.65,Mailed check,Yes,Female,0,No,No
2775,5229-DTFYB,8.8,Baixo,"Internet fibra óptica, Mensalidade alta",41,Two year,Fiber optic,98.8,3959.15,Bank transfer (automatic),Yes,Female,0,No,No
2776,9220-ZNKJI,8.8,Baixo,"Internet fibra óptica, Mensalidade alta",55,Two year,Fiber optic,88.8,4805.3,Credit card (automatic),No,Female,1,Yes,No
2777,5176-LDKUH,8.8,Baixo,"Internet fibra óptica, Pagamento por cheque eletrônico, Mensalidade alta",48,One year,Fiber optic,75.15,3772.65,Electronic check,No,Female,0,No,No
2778,6131-JLWZM,8.8,Baixo,Contrato mensal,13,Month-to-month,No,20.3,275.4,Mailed check,Yes,Female,0,No,No
2779,8591-TKMZH,8.8,Baixo,"Internet fibra óptica, Mensalidade alta",59,Two year,Fiber optic,111.1,6555.2,Mailed check,Yes,Male,0,Yes,Yes
2780,4508-OEBEY,8.8,Baixo,Mensalidade alta,31,One year,DSL,75.5,2424.45,Credit card (automatic),Yes,Male,0,Yes,No
2781,5186-PEIZU,8.8,Baixo,Contrato mensal,35,Month-to-month,No,19.25,617.65,Bank transfer (automatic),No,Female,0,No,No
2782,8727-XDPUD,8.8,Baixo,—,37,Two year,DSL,35.8,1316.9,Credit card (automatic),No,Male,0,No,No
2783,9788-YTFGE,8.8,Baixo,"Contrato mensal, Cliente novo (≤12 meses)",7,Month-to-month,No,19.95,147.5,Mailed check,Yes,Male,0,No,No
2784,6476-YHMGA,8.7,Baixo,"Contrato mensal, Mensalidade alta",15,Month-to-month,DSL,76.5,1155.6,Bank transfer (automatic),No,Female,0,Yes,Yes
2785,3750-RNQKR,8.7,Baixo,"Contrato mensal, Cliente novo (≤12 meses)",12,Month-to-month,No,19.45,246.25,Mailed check,No,Female,0,No,No
2786,9351-HXDMR,8.7,Baixo,"Internet fibra óptica, Mensalidade alta",72,Two year,Fiber optic,110.9,8240.85,Credit card (automatic),Yes,Male,0,Yes,No
2787,6040-CGACY,8.7,Baixo,Contrato mensal,15,Month-to-month,No,19.6,299.4,Mailed check,No,Female,0,No,No
2788,6211-WWLTF,8.7,Baixo,"Internet fibra óptica, Mensalidade alta",63,Two year,Fiber optic,99.7,6330.4,Credit card (automatic),No,Male,0,Yes,No
2789,9277-JOOMO,8.7,Baixo,"Contrato mensal, Cliente novo (≤12 meses)",3,Month-to-month,No,24.6,86.35,Mailed check,No,Female,0,No,No
2790,0218-QNVAS,8.7,Baixo,"Internet fibra óptica, Mensalidade alta",71,One year,Fiber optic,100.55,7113.75,Bank transfer (automatic),No,Male,0,Yes,Yes
2791,7674-YTAFD,8.7,Baixo,"Internet fibra óptica, Mensalidade alta",33,One year,Fiber optic,79.95,2684.85,Bank transfer (automatic),Yes,Female,0,No,No
2792,0098-BOWSO,8.7,Baixo,"Contrato mensal, Pagamento por cheque eletrônico",27,Month-to-month,No,19.4,529.8,Electronic check,Yes,Male,0,No,No
2793,8942-DBMHZ,8.7,Baixo,"Contrato mensal, Cliente novo (≤12 meses)",12,Month-to-month,No,20.45,255.35,Mailed check,No,Male,0,No,No
2794,9040-KZVWO,8.7,Baixo,"Internet fibra óptica, Mensalidade alta",26,One year,Fiber optic,75.5,2018.1,Bank transfer (automatic),No,Male,0,No,No
2795,2190-PHBHR,8.7,Baixo,"Internet fibra óptica, Mensalidade alta",72,Two year,Fiber optic,94.45,6921.7,Credit card (automatic),Yes,Female,0,Yes,No
2796,1353-GHZOS,8.7,Baixo,—,22,One year,DSL,59.75,1374.35,Bank transfer (automatic),Yes,Male,0,Yes,No
2797,0667-NSRGI,8.7,Baixo,—,48,One year,DSL,69.55,3435.6,Mailed check,Yes,Female,0,Yes,No
2798,0725-CXOTM,8.7,Baixo,Mensalidade alta,36,One year,DSL,89.65,3348.1,Credit card (automatic),Yes,Female,0,No,No
2799,0392-BZIUW,8.6,Baixo,"Internet fibra óptica, Mensalidade alta",72,Two year,Fiber optic,105.0,7589.8,Credit card (automatic),Yes,Female,0,Yes,No
2800,7102-JJVTX,8.6,Baixo,Cliente novo (≤12 meses),9,One year,DSL,48.6,422.3,Mailed check,No,Female,0,Yes,Yes
2801,1063-DHQJF,8.6,Baixo,"Internet fibra óptica, Mensalidade alta",69,Two year,Fiber optic,92.15,6480.9,Mailed check,Yes,Male,0,Yes,Yes
2802,9350-ZXYJC,8.6,Baixo,Cliente novo (≤12 meses),4,Two year,No,25.3,116.95,Credit card (automatic),Yes,Female,0,No,No
2803,2320-YKQBO,8.6,Baixo,"Contrato mensal, Cliente novo (≤12 meses)",7,Month-to-month,No,19.3,144.95,Mailed check,No,Female,0,No,No
2804,3197-NNYNB,8.6,Baixo,"Internet fibra óptica, Mensalidade alta",65,Two year,Fiber optic,105.1,6631.85,Credit card (automatic),No,Male,0,No,No
2805,3224-DFQNQ,8.6,Baixo,"Internet fibra óptica, Pagamento por cheque eletrônico, Mensalidade alta",66,One year,Fiber optic,89.0,5898.6,Electronic check,No,Female,0,Yes,No
2806,2085-JVGAD,8.6,Baixo,Contrato mensal,37,Month-to-month,No,20.35,697.65,Bank transfer (automatic),No,Male,0,Yes,No
2807,8573-CGOCC,8.6,Baixo,Contrato mensal,16,Month-to-month,No,19.75,294.9,Credit card (automatic),No,Male,0,No,No
2808,6617-WLBQC,8.6,Baixo,"Internet fibra óptica, Mensalidade alta",23,One year,Fiber optic,81.85,1810.85,Credit card (automatic),No,Female,0,Yes,Yes
2809,1898-JSNDC,8.6,Baixo,—,39,One year,DSL,58.6,2224.5,Credit card (automatic),Yes,Female,0,No,No
2810,8295-FHIVV,8.6,Baixo,"Contrato mensal, Cliente novo (≤12 meses)",7,Month-to-month,No,19.4,168.65,Mailed check,Yes,Male,0,No,No
2811,4999-IEZLT,8.6,Baixo,—,66,One year,DSL,29.45,1983.15,Credit card (automatic),No,Male,0,No,No
2812,5032-USPKF,8.6,Baixo,Mensalidade alta,38,One year,DSL,84.1,3187.65,Bank transfer (automatic),No,Female,0,No,No
2813,1385-TQOZW,8.6,Baixo,"Contrato mensal, Cliente novo (≤12 meses)",9,Month-to-month,No,20.45,147.55,Credit card (automatic),Yes,Female,0,No,No
2814,3301-VKTGC,8.6,Baixo,"Internet fibra óptica, Mensalidade alta",68,One year,Fiber optic,85.5,5696.6,Bank transfer (automatic),Yes,Male,0,Yes,Yes
2815,8646-JCOMS,8.6,Baixo,"Internet fibra óptica, Mensalidade alta",66,One year,Fiber optic,90.55,6130.95,Bank transfer (automatic),Yes,Female,0,Yes,No
2816,2925-MXLSX,8.5,Baixo,—,30,One year,DSL,68.95,2038.7,Credit card (automatic),Yes,Female,0,No,No
2817,3733-UOCWF,8.5,Baixo,"Internet fibra óptica, Mensalidade alta",61,One year,Fiber optic,85.55,5251.75,Bank transfer (automatic),Yes,Male,1,Yes,No
2818,0384-LPITE,8.5,Baixo,—,40,One year,DSL,62.05,2511.55,Credit card (automatic),No,Male,0,No,No
2819,8259-DZLIZ,8.5,Baixo,—,64,One year,DSL,53.85,3399.85,Bank transfer (automatic),Yes,Female,0,Yes,Yes
2820,0840-DCNZE,8.5,Baixo,Mensalidade alta,47,One year,DSL,86.95,4138.9,Bank transfer (automatic),Yes,Male,0,No,No
2821,9738-QLWTP,8.5,Baixo,"Internet fibra óptica, Pagamento por cheque eletrônico, Mensalidade alta",39,One year,Fiber optic,81.9,3219.75,Electronic check,No,Male,0,No,No
2822,3752-CQSJI,8.5,Baixo,Contrato mensal,13,Month-to-month,No,20.45,254.5,Mailed check,Yes,Female,0,Yes,Yes
2823,0254-WWRKD,8.5,Baixo,—,67,One year,DSL,50.55,3431.75,Credit card (automatic),No,Female,0,Yes,Yes
2824,7581-EBBOU,8.5,Baixo,Mensalidade alta,60,One year,DSL,70.15,4224.7,Credit card (automatic),Yes,Female,0,No,No
2825,6979-TNDEU,8.5,Baixo,"Contrato mensal, Cliente novo (≤12 meses)",8,Month-to-month,No,19.2,156.85,Mailed check,No,Female,0,No,No
2826,7868-TMWMZ,8.5,Baixo,"Internet fibra óptica, Mensalidade alta",60,Two year,Fiber optic,110.0,6668.35,Bank transfer (automatic),Yes,Female,1,Yes,No
2827,1094-BKOSX,8.5,Baixo,—,45,One year,DSL,51.0,2264.5,Bank transfer (automatic),No,Female,0,Yes,Yes
2828,5160-UXJED,8.5,Baixo,—,17,One year,DSL,44.6,681.4,Mailed check,No,Male,0,No,Yes
2829,5789-LDFXO,8.5,Baixo,Pagamento por cheque eletrônico,24,One year,No,24.6,592.65,Electronic check,No,Male,0,No,No
2830,6519-ZHPXP,8.5,Baixo,"Internet fibra óptica, Mensalidade alta",72,Two year,Fiber optic,108.3,7679.65,Bank transfer (automatic),Yes,Female,0,Yes,Yes
2831,7998-ZLXWN,8.5,Baixo,Contrato mensal,15,Month-to-month,No,20.45,330.8,Credit card (automatic),No,Female,0,Yes,No
2832,9777-IQHWP,8.5,Baixo,"Internet fibra óptica, Mensalidade alta",64,Two year,Fiber optic,93.4,5822.3,Bank transfer (automatic),No,Male,0,Yes,Yes
2833,5161-XEUVX,8.5,Baixo,"Internet fibra óptica, Mensalidade alta",37,Two year,Fiber optic,94.3,3460.95,Mailed check,No,Male,0,Yes,No
2834,5375-XLDOF,8.5,Baixo,"Internet fibra óptica, Mensalidade alta",69,Two year,Fiber optic,114.35,7665.8,Bank transfer (automatic),Yes,Male,0,Yes,Yes
2835,4159-NAAIX,8.5,Baixo,"Internet fibra óptica, Mensalidade alta",63,Two year,Fiber optic,97.45,6253.0,Bank transfer (automatic),No,Female,0,No,No
2836,4936-YPJNK,8.4,Baixo,"Contrato mensal, Cliente novo (≤12 meses)",10,Month-to-month,No,19.9,199.45,Mailed check,Yes,Female,0,No,No
2837,3806-YAZOV,8.4,Baixo,"Contrato mensal, Cliente novo (≤12 meses)",3,Month-to-month,No,18.8,56.0,Mailed check,No,Female,0,No,No
2838,2988-QRAJY,8.4,Baixo,"Internet fibra óptica, Mensalidade alta",69,Two year,Fiber optic,110.05,7430.75,Credit card (automatic),Yes,Male,0,No,No
2839,6341-JVQGF,8.4,Baixo,Mensalidade alta,31,One year,DSL,81.15,2545.75,Mailed check,Yes,Female,0,Yes,Yes
2840,1991-VOPLL,8.4,Baixo,"Contrato mensal, Cliente novo (≤12 meses)",9,Month-to-month,No,19.05,157.65,Mailed check,No,Female,0,No,No
2841,8929-KSWIH,8.4,Baixo,"Internet fibra óptica, Mensalidade alta",25,Two year,Fiber optic,99.3,2513.5,Bank transfer (automatic),No,Male,0,No,No
2842,8672-OAUPW,8.4,Baixo,—,51,One year,DSL,47.85,2356.75,Credit card (automatic),No,Male,0,No,Yes
2843,6609-MXJHJ,8.4,Baixo,—,30,Two year,No,25.1,789.55,Mailed check,Yes,Female,0,Yes,Yes
2844,0396-HUJBP,8.4,Baixo,"Contrato mensal, Cliente novo (≤12 meses)",2,Month-to-month,No,19.3,44.4,Mailed check,No,Female,0,No,No
2845,4104-PVRPS,8.4,Baixo,Contrato mensal,24,Month-to-month,DSL,53.6,1315.35,Mailed check,No,Male,0,Yes,No
2846,6112-KTHFQ,8.4,Baixo,Contrato mensal,13,Month-to-month,No,19.3,279.3,Mailed check,Yes,Female,0,No,No
2847,4626-OZDTJ,8.3,Baixo,Mensalidade alta,51,One year,DSL,78.65,3950.85,Credit card (automatic),Yes,Female,0,Yes,No
2848,7176-WRTNX,8.3,Baixo,"Internet fibra óptica, Mensalidade alta",70,Two year,Fiber optic,114.95,7711.25,Bank transfer (automatic),Yes,Male,0,No,No
2849,5955-EPOAZ,8.3,Baixo,"Contrato mensal, Cliente novo (≤12 meses)",6,Month-to-month,No,20.95,109.5,Mailed check,Yes,Female,0,No,No
2850,8659-IOOPU,8.3,Baixo,"Internet fibra óptica, Pagamento por cheque eletrônico, Mensalidade alta",71,Two year,Fiber optic,100.45,7159.7,Electronic check,No,Female,0,Yes,Yes
2851,8065-QBYTO,8.3,Baixo,"Internet fibra óptica, Mensalidade alta",71,One year,Fiber optic,99.65,7181.25,Credit card (automatic),Yes,Female,1,No,No
2852,5913-INRQV,8.3,Baixo,"Internet fibra óptica, Mensalidade alta",34,One year,Fiber optic,90.15,3128.8,Mailed check,No,Male,1,Yes,No
2853,1303-SRDOK,8.3,Baixo,Internet fibra óptica,55,Two year,Fiber optic,69.05,3842.6,Credit card (automatic),Yes,Female,0,Yes,Yes
2854,4039-PIMHX,8.3,Baixo,—,49,Two year,DSL,49.8,2398.4,Mailed check,No,Male,1,Yes,No
2855,0621-JFHOL,8.3,Baixo,Cliente novo (≤12 meses),10,Two year,DSL,29.6,299.05,Mailed check,Yes,Female,0,No,No
2856,2907-ILJBN,8.3,Baixo,Cliente novo (≤12 meses),11,One year,No,20.6,233.9,Mailed check,No,Female,0,Yes,Yes
2857,0584-BJQGZ,8.3,Baixo,"Contrato mensal, Mensalidade alta",25,Month-to-month,DSL,78.35,1837.9,Bank transfer (automatic),Yes,Female,0,No,No
2858,9577-WJVCQ,8.3,Baixo,Contrato mensal,68,Month-to-month,DSL,54.45,3687.75,Mailed check,No,Female,0,No,No
2859,8822-KNBHV,8.3,Baixo,Mensalidade alta,48,One year,DSL,83.45,3887.85,Credit card (automatic),Yes,Female,0,No,No
2860,0742-LAFQK,8.3,Baixo,"Internet fibra óptica, Pagamento por cheque eletrônico, Mensalidade alta",72,Two year,Fiber optic,99.15,7422.1,Electronic check,Yes,Male,0,Yes,No
2861,6481-LXPWL,8.3,Baixo,—,56,One year,DSL,36.1,1971.5,Credit card (automatic),Yes,Male,0,Yes,Yes
2862,3468-DRVQJ,8.3,Baixo,"Cliente novo (≤12 meses), Pagamento por cheque eletrônico, Mensalidade alta",10,One year,DSL,70.3,676.15,Electronic check,No,Female,0,Yes,Yes
2863,3195-TQDZX,8.3,Baixo,"Contrato mensal, Cliente novo (≤12 meses), Pagamento por cheque eletrônico",3,Month-to-month,No,20.25,61.45,Electronic check,Yes,Male,0,No,No
2864,2578-JQPHZ,8.3,Baixo,"Internet fibra óptica, Mensalidade alta",44,Two year,Fiber optic,100.1,4378.35,Bank transfer (automatic),No,Male,0,No,No
2865,6620-HVDUJ,8.2,Baixo,Contrato mensal,24,Month-to-month,DSL,60.45,1440.75,Bank transfer (automatic),No,Male,0,No,No
2866,5863-OOKCL,8.2,Baixo,"Contrato mensal, Cliente novo (≤12 meses)",10,Month-to-month,No,18.85,163.2,Mailed check,No,Female,0,No,No
2867,4500-HKANN,8.2,Baixo,—,23,Two year,DSL,59.7,1414.2,Mailed check,No,Male,0,Yes,Yes
2868,3716-LRGXK,8.2,Baixo,"Internet fibra óptica, Mensalidade alta",60,Two year,Fiber optic,101.15,6067.4,Credit card (automatic),No,Male,0,Yes,No
2869,6339-TBELP,8.2,Baixo,"Internet fibra óptica, Mensalidade alta",71,Two year,Fiber optic,86.4,6172.0,Credit card (automatic),Yes,Male,0,No,No
2870,6999-CHVCF,8.2,Baixo,"Internet fibra óptica, Mensalidade alta",68,Two year,Fiber optic,102.1,7149.35,Bank transfer (automatic),Yes,Male,0,No,No
2871,9798-DRYDS,8.2,Baixo,—,17,One year,DSL,61.95,1070.7,Mailed check,Yes,Female,0,Yes,Yes
2872,5539-HIVAK,8.2,Baixo,Contrato mensal,28,Month-to-month,No,25.7,734.6,Mailed check,No,Female,1,Yes,No
2873,4778-IZARL,8.2,Baixo,"Internet fibra óptica, Mensalidade alta",63,Two year,Fiber optic,110.1,6705.7,Credit card (automatic),Yes,Male,0,Yes,No
2874,7432-FFVAR,8.2,Baixo,"Internet fibra óptica, Mensalidade alta",46,One year,Fiber optic,90.95,4236.6,Bank transfer (automatic),No,Female,0,Yes,Yes
2875,0557-ASKVU,8.2,Baixo,—,18,One year,DSL,54.4,957.1,Credit card (automatic),Yes,Female,0,Yes,Yes
2876,9578-FOMUK,8.1,Baixo,"Contrato mensal, Pagamento por cheque eletrônico",15,Month-to-month,No,24.8,324.15,Electronic check,Yes,Male,0,No,Yes
2877,4547-FZJWE,8.1,Baixo,—,55,One year,DSL,59.45,3157.0,Credit card (automatic),No,Male,0,Yes,Yes
2878,3214-IYUUQ,8.1,Baixo,"Internet fibra óptica, Mensalidade alta",61,One year,Fiber optic,93.7,5860.7,Bank transfer (automatic),No,Female,0,Yes,No
2879,7762-ONLJY,8.1,Baixo,Cliente novo (≤12 meses),6,One year,No,19.7,94.45,Mailed check,No,Female,0,Yes,Yes
2880,7691-KGKGP,8.1,Baixo,Contrato mensal,53,Month-to-month,DSL,65.0,3363.8,Credit card (automatic),No,Male,0,Yes,Yes
2881,5442-BXVND,8.1,Baixo,Contrato mensal,33,Month-to-month,No,24.25,838.5,Bank transfer (automatic),No,Female,0,Yes,Yes
2882,6156-UZDLF,8.1,Baixo,"Internet fibra óptica, Mensalidade alta",26,One year,Fiber optic,87.15,2274.1,Credit card (automatic),Yes,Female,0,No,No
2883,9770-KXGQU,8.1,Baixo,"Internet fibra óptica, Mensalidade alta",53,One year,Fiber optic,98.6,5311.85,Mailed check,No,Female,0,No,No
2884,9518-IMLHK,8.1,Baixo,"Contrato mensal, Mensalidade alta",31,Month-to-month,DSL,72.45,2156.25,Bank transfer (automatic),Yes,Male,0,No,No
2885,7279-NMVJC,8.1,Baixo,—,17,One year,No,19.9,323.15,Bank transfer (automatic),No,Female,0,No,No
2886,2558-BUOZZ,8.1,Baixo,"Internet fibra óptica, Mensalidade alta",47,One year,Fiber optic,94.8,4535.85,Bank transfer (automatic),No,Male,0,No,No
2887,4223-BKEOR,8.1,Baixo,—,21,One year,DSL,64.85,1336.8,Mailed check,No,Female,0,No,Yes
2888,4000-VGMQP,8.1,Baixo,Mensalidade alta,38,One year,DSL,78.95,2862.55,Credit card (automatic),No,Male,0,Yes,Yes
2889,4227-OJHAL,8.1,Baixo,Mensalidade alta,68,One year,DSL,73.0,5163.0,Credit card (automatic),Yes,Female,0,Yes,Yes
2890,8348-JLBUG,8.1,Baixo,"Internet fibra óptica, Mensalidade alta",64,One year,Fiber optic,80.3,5017.7,Credit card (automatic),No,Male,1,Yes,No
2891,3696-XRIEN,8.1,Baixo,Mensalidade alta,50,One year,DSL,82.5,4179.1,Credit card (automatic),Yes,Female,0,No,No
2892,5887-IKKYO,8.1,Baixo,"Internet fibra óptica, Mensalidade alta",58,Two year,Fiber optic,94.35,5563.65,Bank transfer (automatic),No,Male,0,Yes,Yes
2893,6266-QHOJZ,8.1,Baixo,"Internet fibra óptica, Pagamento por cheque eletrônico, Mensalidade alta",65,One year,Fiber optic,89.85,5844.65,Electronic check,Yes,Female,0,No,No
2894,7336-RLLRH,8.1,Baixo,Mensalidade alta,27,One year,DSL,80.85,2204.35,Mailed check,No,Male,0,Yes,No
2895,6250-CGGUN,8.1,Baixo,"Internet fibra óptica, Pagamento por cheque eletrônico, Mensalidade alta",54,One year,Fiber optic,84.4,4484.05,Electronic check,No,Male,0,No,No
2896,8879-ZKJOF,8.1,Baixo,Mensalidade alta,41,One year,DSL,79.85,3320.75,Bank transfer (automatic),Yes,Female,0,No,No
2897,1222-LRYKO,8.1,Baixo,"Contrato mensal, Cliente novo (≤12 meses)",6,Month-to-month,No,26.35,184.05,Mailed check,No,Male,0,No,Yes
2898,0607-MVMGC,8.1,Baixo,Mensalidade alta,45,One year,DSL,78.75,3600.65,Credit card (automatic),No,Male,0,Yes,Yes
2899,7492-TAFJD,8.0,Baixo,Cliente novo (≤12 meses),7,Two year,DSL,38.55,280.0,Mailed check,No,Male,0,Yes,Yes
2900,7108-DGVUU,8.0,Baixo,Mensalidade alta,21,One year,DSL,71.7,1497.05,Bank transfer (automatic),No,Female,1,Yes,No
2901,5624-RYAMH,8.0,Baixo,"Contrato mensal, Cliente novo (≤12 meses), Pagamento por cheque eletrônico",9,Month-to-month,No,19.5,178.85,Electronic check,Yes,Female,0,No,No
2902,2055-BFOCC,8.0,Baixo,Mensalidade alta,63,One year,DSL,84.0,5329.55,Bank transfer (automatic),Yes,Male,1,Yes,No
2903,6164-HXUGH,8.0,Baixo,"Contrato mensal, Cliente novo (≤12 meses)",6,Month-to-month,No,19.85,119.3,Mailed check,No,Female,0,Yes,Yes
2904,9695-IDRZR,8.0,Baixo,"Internet fibra óptica, Mensalidade alta",34,Two year,Fiber optic,116.15,3946.9,Credit card (automatic),Yes,Female,0,No,Yes
2905,3823-KYNQY,8.0,Baixo,Cliente novo (≤12 meses),12,One year,No,24.95,280.4,Credit card (automatic),No,Male,0,No,No
2906,8184-WMOFI,8.0,Baixo,Mensalidade alta,62,One year,DSL,71.4,4487.3,Credit card (automatic),No,Male,0,Yes,Yes
2907,1535-VTJOQ,8.0,Baixo,—,24,Two year,No,25.15,553.0,Credit card (automatic),No,Female,0,No,No
2908,6814-ZPWFQ,8.0,Baixo,—,51,One year,No,25.0,1260.7,Bank transfer (automatic),No,Male,1,No,No
2909,3714-XPXBW,8.0,Baixo,"Contrato mensal, Mensalidade alta",37,Month-to-month,DSL,78.9,2976.95,Credit card (automatic),Yes,Female,0,No,No
2910,6586-PSJOX,8.0,Baixo,—,15,One year,DSL,55.2,864.55,Credit card (automatic),No,Male,0,No,Yes
2911,3345-JHUEO,8.0,Baixo,"Contrato mensal, Cliente novo (≤12 meses), Pagamento por cheque eletrônico",4,Month-to-month,No,20.2,55.7,Electronic check,Yes,Male,0,No,No
2912,0619-OLYUR,8.0,Baixo,"Internet fibra óptica, Mensalidade alta",72,Two year,Fiber optic,111.9,8071.05,Credit card (automatic),Yes,Male,0,Yes,No
2913,7100-FQPRV,8.0,Baixo,Mensalidade alta,43,One year,DSL,71.9,3173.35,Credit card (automatic),Yes,Male,0,Yes,Yes
2914,4801-KFYKL,8.0,Baixo,"Contrato mensal, Cliente novo (≤12 meses)",8,Month-to-month,No,19.45,159.2,Bank transfer (automatic),No,Male,0,No,Yes
2915,9092-GDZKO,8.0,Baixo,Contrato mensal,22,Month-to-month,No,24.85,493.4,Credit card (automatic),Yes,Male,0,No,No
2916,8080-POTJR,7.9,Baixo,Mensalidade alta,30,One year,DSL,79.3,2427.1,Credit card (automatic),Yes,Female,0,No,No
2917,8760-ZRHKE,7.9,Baixo,Pagamento por cheque eletrônico,71,One year,DSL,69.2,4982.5,Electronic check,No,Female,1,Yes,Yes
2918,3318-ISQFQ,7.9,Baixo,Contrato mensal,20,Month-to-month,No,19.5,413.0,Bank transfer (automatic),Yes,Female,0,No,No
2919,0930-EHUZA,7.9,Baixo,Mensalidade alta,36,One year,DSL,76.35,2606.35,Mailed check,Yes,Female,0,No,No
2920,4616-EWBNJ,7.9,Baixo,—,16,One year,No,20.1,318.6,Bank transfer (automatic),No,Female,0,No,No
2921,2519-TWKFS,7.9,Baixo,—,25,One year,DSL,55.1,1466.1,Mailed check,Yes,Male,0,Yes,Yes
2922,5327-CNLUQ,7.9,Baixo,"Internet fibra óptica, Mensalidade alta",48,Two year,Fiber optic,96.9,4473.45,Bank transfer (automatic),Yes,Male,0,Yes,No
2923,6752-APNJL,7.9,Baixo,Contrato mensal,42,Month-to-month,DSL,54.5,2301.15,Mailed check,No,Male,0,Yes,Yes
2924,3682-YEUWS,7.9,Baixo,"Contrato mensal, Cliente novo (≤12 meses)",10,Month-to-month,No,24.4,253.9,Mailed check,Yes,Male,0,Yes,Yes
2925,7923-IYJWY,7.9,Baixo,"Internet fibra óptica, Mensalidade alta",67,Two year,Fiber optic,116.1,7839.85,Credit card (automatic),Yes,Male,1,No,No
2926,5149-QYTTU,7.9,Baixo,"Internet fibra óptica, Mensalidade alta",71,One year,Fiber optic,95.15,6770.85,Credit card (automatic),Yes,Female,0,Yes,Yes
2927,6500-JVEGC,7.9,Baixo,"Internet fibra óptica, Mensalidade alta",68,One year,Fiber optic,101.35,7110.75,Bank transfer (automatic),No,Male,0,No,No
2928,5153-LXKDT,7.9,Baixo,"Internet fibra óptica, Pagamento por cheque eletrônico, Mensalidade alta",68,Two year,Fiber optic,110.2,7467.5,Electronic check,Yes,Male,0,Yes,Yes
2929,6993-YGFJV,7.9,Baixo,"Internet fibra óptica, Mensalidade alta",69,Two year,Fiber optic,112.55,7806.5,Bank transfer (automatic),Yes,Male,0,Yes,No
2930,5321-NTRKC,7.9,Baixo,Mensalidade alta,66,Two year,DSL,79.85,5234.95,Bank transfer (automatic),No,Male,0,Yes,Yes
2931,5090-EMGTC,7.9,Baixo,"Internet fibra óptica, Mensalidade alta",59,Two year,Fiber optic,100.05,6034.85,Mailed check,Yes,Female,0,Yes,No
2932,2023-VQFDL,7.9,Baixo,"Contrato mensal, Pagamento por cheque eletrônico",18,Month-to-month,No,19.0,348.8,Electronic check,No,Male,0,No,No
2933,4378-MYPGO,7.8,Baixo,"Internet fibra óptica, Mensalidade alta",68,Two year,Fiber optic,105.25,7173.15,Bank transfer (automatic),Yes,Male,0,Yes,Yes
2934,9861-PDSZP,7.8,Baixo,"Internet fibra óptica, Mensalidade alta",72,Two year,Fiber optic,108.05,7806.6,Credit card (automatic),Yes,Female,0,No,No
2935,8610-ZIKJJ,7.8,Baixo,Cliente novo (≤12 meses),2,One year,No,20.3,31.9,Mailed check,No,Female,0,Yes,Yes
2936,0356-OBMAC,7.8,Baixo,"Internet fibra óptica, Mensalidade alta",56,Two year,Fiber optic,99.9,5706.3,Bank transfer (automatic),Yes,Female,1,No,No
2937,3039-MJSLN,7.8,Baixo,"Contrato mensal, Cliente novo (≤12 meses)",3,Month-to-month,No,20.2,50.6,Bank transfer (automatic),No,Male,0,No,Yes
2938,7777-UNYHB,7.8,Baixo,"Contrato mensal, Cliente novo (≤12 meses)",12,Month-to-month,No,20.1,232.4,Credit card (automatic),Yes,Female,0,Yes,Yes
2939,4636-OLWOE,7.8,Baixo,Pagamento por cheque eletrônico,54,One year,DSL,61.0,3283.05,Electronic check,Yes,Male,0,No,Yes
2940,7707-PYBBH,7.8,Baixo,Contrato mensal,40,Month-to-month,DSL,61.9,2647.1,Mailed check,Yes,Male,0,No,No
2941,7576-ASEJU,7.8,Baixo,Mensalidade alta,41,One year,DSL,74.7,3187.65,Credit card (automatic),Yes,Female,0,Yes,Yes
2942,6171-ZTVYB,7.8,Baixo,Contrato mensal,43,Month-to-month,DSL,66.25,2907.35,Bank transfer (automatic),No,Male,0,Yes,No
2943,7711-YIJWC,7.8,Baixo,Mensalidade alta,61,One year,DSL,84.9,5264.5,Bank transfer (automatic),No,Male,0,Yes,Yes
2944,5702-SKUOB,7.8,Baixo,"Contrato mensal, Cliente novo (≤12 meses)",4,Month-to-month,No,19.6,93.45,Mailed check,No,Female,0,Yes,No
2945,0980-FEXWF,7.8,Baixo,—,26,One year,DSL,50.35,1285.8,Mailed check,No,Male,0,Yes,Yes
2946,4430-YHXGG,7.8,Baixo,"Contrato mensal, Cliente novo (≤12 meses)",4,Month-to-month,No,25.45,84.2,Mailed check,Yes,Female,0,No,Yes
2947,2868-LLSKM,7.8,Baixo,"Internet fibra óptica, Mensalidade alta",68,One year,Fiber optic,83.65,5733.4,Bank transfer (automatic),Yes,Female,0,Yes,Yes
2948,3847-BAERP,7.8,Baixo,"Contrato mensal, Cliente novo (≤12 meses)",10,Month-to-month,No,20.9,247.0,Mailed check,Yes,Female,0,No,No
2949,5795-BKOYE,7.8,Baixo,—,69,One year,DSL,59.1,4134.7,Bank transfer (automatic),No,Female,0,Yes,Yes
2950,0303-WMMRN,7.8,Baixo,"Contrato mensal, Cliente novo (≤12 meses)",5,Month-to-month,No,19.25,86.05,Mailed check,Yes,Male,0,No,No
2951,3055-VTCGS,7.7,Baixo,—,63,One year,DSL,58.55,3503.5,Credit card (automatic),No,Female,0,No,No
2952,1525-LNLOJ,7.7,Baixo,—,66,Two year,DSL,63.3,4189.7,Bank transfer (automatic),Yes,Male,0,Yes,Yes
2953,4135-FRWKJ,7.7,Baixo,"Pagamento por cheque eletrônico, Mensalidade alta",55,One year,DSL,76.25,4154.55,Electronic check,No,Female,1,Yes,Yes
2954,4903-CNOZC,7.7,Baixo,Mensalidade alta,29,One year,DSL,70.9,1964.6,Credit card (automatic),No,Male,0,No,No
2955,2272-WUSPA,7.7,Baixo,"Internet fibra óptica, Pagamento por cheque eletrônico, Mensalidade alta",72,Two year,Fiber optic,110.75,7751.7,Electronic check,Yes,Female,0,Yes,No
2956,3926-YZVVX,7.7,Baixo,—,41,One year,DSL,50.05,2029.05,Bank transfer (automatic),No,Female,0,No,No
2957,5018-LXQQG,7.7,Baixo,Contrato mensal,30,Month-to-month,DSL,66.3,1923.5,Bank transfer (automatic),No,Female,0,Yes,Yes
2958,9955-QOPOY,7.7,Baixo,—,69,One year,DSL,60.8,4263.4,Credit card (automatic),Yes,Male,0,Yes,No
2959,9959-WOFKT,7.7,Baixo,"Internet fibra óptica, Mensalidade alta",71,Two year,Fiber optic,106.7,7382.25,Bank transfer (automatic),No,Male,0,No,Yes
2960,5777-KJIRB,7.7,Baixo,—,40,One year,DSL,50.25,2023.55,Mailed check,Yes,Female,0,No,No
2961,4881-GQJTW,7.7,Baixo,Contrato mensal,14,Month-to-month,No,19.6,300.4,Credit card (automatic),No,Male,0,No,No
2962,1371-DWPAZ,7.7,Baixo,Cliente novo (≤12 meses),0,Two year,DSL,56.05,0.0,Credit card (automatic),No,Female,0,Yes,Yes
2963,8963-MQVYN,7.6,Baixo,"Contrato mensal, Pagamento por cheque eletrônico",22,Month-to-month,No,20.55,469.85,Electronic check,Yes,Female,0,No,Yes
2964,7542-CYDDM,7.6,Baixo,Contrato mensal,18,Month-to-month,No,20.05,358.5,Mailed check,No,Male,0,No,No
2965,9610-WCESF,7.6,Baixo,Pagamento por cheque eletrônico,67,Two year,DSL,43.9,3097.2,Electronic check,No,Male,0,No,No
2966,1784-BXEFA,7.6,Baixo,"Contrato mensal, Cliente novo (≤12 meses)",10,Month-to-month,No,20.55,187.35,Mailed check,Yes,Female,0,No,No
2967,8410-BGQXN,7.6,Baixo,"Contrato mensal, Cliente novo (≤12 meses)",4,Month-to-month,No,19.4,93.4,Mailed check,No,Male,0,No,No
2968,1064-FBXNK,7.6,Baixo,Cliente novo (≤12 meses),1,One year,No,19.85,19.85,Credit card (automatic),No,Male,0,Yes,Yes
2969,9152-AMKAK,7.6,Baixo,"Cliente novo (≤12 meses), Mensalidade alta",6,Two year,DSL,80.25,493.4,Mailed check,Yes,Male,0,No,No
2970,6416-JNVRK,7.6,Baixo,—,46,One year,DSL,55.65,2688.85,Credit card (automatic),No,Female,0,No,No
2971,9917-KWRBE,7.6,Baixo,Mensalidade alta,41,One year,DSL,78.35,3211.2,Credit card (automatic),Yes,Female,0,Yes,Yes
2972,8815-LMFLX,7.6,Baixo,Contrato mensal,25,Month-to-month,No,25.4,546.85,Bank transfer (automatic),Yes,Male,0,Yes,Yes
2973,4616-ULAOA,7.6,Baixo,"Internet fibra óptica, Mensalidade alta",65,Two year,Fiber optic,110.8,7245.9,Credit card (automatic),Yes,Female,0,Yes,Yes
2974,7833-PKIHD,7.5,Baixo,Mensalidade alta,51,One year,DSL,76.4,3966.3,Bank transfer (automatic),Yes,Male,0,Yes,Yes
2975,9967-ATRFS,7.5,Baixo,Contrato mensal,19,Month-to-month,No,19.9,367.55,Mailed check,No,Female,0,No,No
2976,5684-FJVYR,7.5,Baixo,"Internet fibra óptica, Mensalidade alta",72,Two year,Fiber optic,90.35,6563.4,Bank transfer (automatic),Yes,Female,0,Yes,Yes
2977,9391-TTOYH,7.5,Baixo,Contrato mensal,23,Month-to-month,No,19.5,470.2,Mailed check,Yes,Female,0,No,No
2978,1136-XGEQU,7.5,Baixo,Mensalidade alta,50,One year,DSL,84.15,4164.4,Credit card (automatic),Yes,Female,0,Yes,Yes
2979,4182-BGSIQ,7.5,Baixo,"Contrato mensal, Cliente novo (≤12 meses)",10,Month-to-month,No,19.8,196.75,Bank transfer (automatic),Yes,Female,0,Yes,Yes
2980,8731-WBBMB,7.5,Baixo,"Contrato mensal, Mensalidade alta",26,Month-to-month,DSL,81.9,2078.55,Bank transfer (automatic),No,Female,0,Yes,No
2981,0979-MOZQI,7.5,Baixo,—,62,Two year,DSL,39.0,2337.45,Bank transfer (automatic),Yes,Male,0,Yes,No
2982,0104-PPXDV,7.5,Baixo,—,58,One year,DSL,50.3,2878.55,Credit card (automatic),No,Male,0,Yes,No
2983,6576-FBXOJ,7.5,Baixo,Pagamento por cheque eletrônico,17,One year,DSL,54.6,934.8,Electronic check,No,Male,0,Yes,No
2984,9675-ICXCT,7.5,Baixo,"Pagamento por cheque eletrônico, Mensalidade alta",72,Two year,DSL,80.8,5728.55,Electronic check,Yes,Male,0,Yes,Yes
2985,7765-LWVVH,7.5,Baixo,"Internet fibra óptica, Pagamento por cheque eletrônico, Mensalidade alta",72,Two year,Fiber optic,95.1,6843.15,Electronic check,Yes,Female,0,Yes,Yes
2986,7134-HBPBS,7.5,Baixo,"Internet fibra óptica, Mensalidade alta",72,Two year,Fiber optic,108.1,7774.05,Bank transfer (automatic),Yes,Female,1,No,No
2987,0547-HURJB,7.5,Baixo,"Contrato mensal, Cliente novo (≤12 meses)",12,Month-to-month,No,21.05,235.8,Credit card (automatic),No,Male,0,No,Yes
2988,8042-RNLKO,7.5,Baixo,—,66,One year,No,25.45,1699.15,Bank transfer (automatic),No,Male,0,No,No
2989,2877-VDUER,7.5,Baixo,—,35,One year,DSL,40.9,1383.6,Mailed check,No,Female,0,Yes,Yes
2990,1154-HYWWO,7.5,Baixo,Mensalidade alta,38,One year,DSL,70.6,2708.2,Mailed check,No,Male,0,No,No
2991,3623-FQBOX,7.5,Baixo,Contrato mensal,21,Month-to-month,No,19.95,416.4,Mailed check,Yes,Male,0,No,No
2992,5975-BAICR,7.5,Baixo,—,36,One year,DSL,63.7,2188.5,Credit card (automatic),Yes,Male,0,Yes,Yes
2993,6648-INWPS,7.4,Baixo,"Contrato mensal, Pagamento por cheque eletrônico",16,Month-to-month,No,20.15,341.35,Electronic check,No,Male,0,Yes,Yes
2994,7710-JSYOA,7.4,Baixo,"Internet fibra óptica, Mensalidade alta",69,Two year,Fiber optic,93.3,6398.05,Bank transfer (automatic),Yes,Female,0,Yes,Yes
2995,8845-LWKGE,7.4,Baixo,Pagamento por cheque eletrônico,30,One year,DSL,64.5,1985.15,Electronic check,Yes,Female,0,Yes,Yes
2996,8847-GEOOQ,7.4,Baixo,Contrato mensal,60,Month-to-month,DSL,60.2,3582.4,Bank transfer (automatic),Yes,Male,0,Yes,No
2997,8246-SHFGA,7.4,Baixo,Contrato mensal,17,Month-to-month,No,21.1,385.55,Credit card (automatic),No,Male,0,No,No
2998,9330-DHBFL,7.4,Baixo,—,23,One year,DSL,66.25,1533.8,Mailed check,Yes,Female,0,Yes,Yes
2999,6286-ZHAOK,7.4,Baixo,Contrato mensal,20,Month-to-month,No,25.55,507.4,Bank transfer (automatic),Yes,Female,0,Yes,Yes
3000,4063-EIKNQ,7.4,Baixo,"Contrato mensal, Cliente novo (≤12 meses)",11,Month-to-month,No,20.95,267.35,Bank transfer (automatic),No,Male,0,Yes,Yes
3001,1545-JFUML,7.4,Baixo,"Internet fibra óptica, Pagamento por cheque eletrônico, Mensalidade alta",71,Two year,Fiber optic,99.0,6994.6,Electronic check,Yes,Male,0,Yes,No
3002,5965-GGPRW,7.4,Baixo,"Internet fibra óptica, Mensalidade alta",72,Two year,Fiber optic,105.25,7609.75,Bank transfer (automatic),No,Male,0,Yes,Yes
3003,0248-PGHBZ,7.4,Baixo,"Internet fibra óptica, Mensalidade alta",67,Two year,Fiber optic,92.45,6140.85,Bank transfer (automatic),Yes,Female,1,No,No
3004,0083-PIVIK,7.4,Baixo,"Pagamento por cheque eletrônico, Mensalidade alta",64,One year,DSL,81.25,5567.55,Electronic check,No,Male,0,No,No
3005,5073-RZGBK,7.4,Baixo,Mensalidade alta,50,One year,DSL,80.05,4042.2,Bank transfer (automatic),Yes,Female,0,Yes,Yes
3006,1032-MAELW,7.3,Baixo,"Pagamento por cheque eletrônico, Mensalidade alta",68,One year,DSL,78.45,5333.35,Electronic check,Yes,Female,0,Yes,Yes
3007,6440-DKQGE,7.3,Baixo,—,30,One year,DSL,64.5,1929.95,Credit card (automatic),No,Male,0,No,Yes
3008,4837-QUSFT,7.3,Baixo,"Internet fibra óptica, Mensalidade alta",65,One year,Fiber optic,100.15,6643.5,Bank transfer (automatic),Yes,Female,0,Yes,No
3009,4747-LCAQL,7.3,Baixo,"Contrato mensal, Mensalidade alta",25,Month-to-month,DSL,79.0,1902.0,Mailed check,Yes,Male,0,No,No
3010,0536-ACXIP,7.3,Baixo,"Internet fibra óptica, Pagamento por cheque eletrônico, Mensalidade alta",72,Two year,Fiber optic,109.55,8165.1,Electronic check,Yes,Female,0,Yes,No
3011,9101-NTIXF,7.3,Baixo,"Contrato mensal, Cliente novo (≤12 meses)",2,Month-to-month,No,19.4,50.6,Mailed check,No,Male,0,No,No
3012,2466-FCCPT,7.3,Baixo,—,20,One year,No,19.7,395.6,Bank transfer (automatic),No,Female,0,Yes,Yes
3013,2192-CKRLV,7.3,Baixo,Pagamento por cheque eletrônico,72,Two year,DSL,49.2,3580.95,Electronic check,Yes,Female,0,Yes,No
3014,7706-DZNKK,7.3,Baixo,"Contrato mensal, Cliente novo (≤12 meses)",11,Month-to-month,No,20.45,237.3,Credit card (automatic),Yes,Male,0,No,No
3015,3077-RSNTJ,7.3,Baixo,"Contrato mensal, Cliente novo (≤12 meses)",6,Month-to-month,No,19.7,113.5,Mailed check,No,Female,0,Yes,Yes
3016,2636-SJDOU,7.3,Baixo,"Internet fibra óptica, Mensalidade alta",64,One year,Fiber optic,84.3,5289.05,Credit card (automatic),Yes,Male,0,No,No
3017,5297-MDOIR,7.3,Baixo,"Internet fibra óptica, Mensalidade alta",63,One year,Fiber optic,81.15,5224.5,Credit card (automatic),Yes,Female,0,Yes,No
3018,2792-VPPET,7.3,Baixo,"Contrato mensal, Cliente novo (≤12 meses), Pagamento por cheque eletrônico",3,Month-to-month,No,20.5,76.95,Electronic check,Yes,Male,0,No,No
3019,3597-YASZG,7.3,Baixo,"Internet fibra óptica, Mensalidade alta",70,Two year,Fiber optic,104.45,7349.35,Bank transfer (automatic),Yes,Female,1,Yes,No
3020,9933-QRGTX,7.3,Baixo,"Internet fibra óptica, Pagamento por cheque eletrônico, Mensalidade alta",60,Two year,Fiber optic,97.2,5611.75,Electronic check,Yes,Female,0,Yes,No
3021,8439-LTUGF,7.3,Baixo,"Contrato mensal, Cliente novo (≤12 meses)",10,Month-to-month,No,20.0,198.6,Credit card (automatic),Yes,Male,0,No,No
3022,2363-BJLSL,7.3,Baixo,"Contrato mensal, Mensalidade alta",62,Month-to-month,DSL,80.4,4981.15,Bank transfer (automatic),Yes,Male,0,No,No
3023,9817-APLHW,7.3,Baixo,"Contrato mensal, Cliente novo (≤12 meses), Pagamento por cheque eletrônico",12,Month-to-month,No,25.0,316.2,Electronic check,No,Male,0,No,No
3024,4611-ANLQC,7.3,Baixo,Pagamento por cheque eletrônico,60,One year,DSL,50.05,2911.5,Electronic check,No,Female,0,Yes,No
3025,9199-PWQVC,7.3,Baixo,Mensalidade alta,63,One year,DSL,79.7,4786.15,Credit card (automatic),Yes,Female,0,Yes,No
3026,6061-GWWAV,7.2,Baixo,Mensalidade alta,41,One year,DSL,70.2,2894.55,Mailed check,No,Male,0,No,Yes
3027,5012-YSPJJ,7.2,Baixo,Contrato mensal,31,Month-to-month,DSL,54.35,1647.0,Mailed check,No,Male,0,Yes,Yes
3028,1051-EQPZR,7.2,Baixo,Contrato mensal,44,Month-to-month,No,19.6,780.25,Mailed check,No,Female,0,Yes,Yes
3029,1832-PEUTS,7.2,Baixo,"Internet fibra óptica, Mensalidade alta",62,Two year,Fiber optic,89.1,5411.65,Credit card (automatic),Yes,Male,0,Yes,Yes
3030,7954-MLBUN,7.2,Baixo,"Internet fibra óptica, Mensalidade alta",31,Two year,Fiber optic,99.45,3109.9,Bank transfer (automatic),No,Male,0,No,No
3031,9592-ERDKV,7.2,Baixo,Mensalidade alta,37,One year,DSL,79.25,2911.8,Mailed check,No,Male,0,Yes,No
3032,4139-JPIAM,7.2,Baixo,Contrato mensal,51,Month-to-month,DSL,44.45,2181.55,Credit card (automatic),Yes,Male,0,No,No
3033,4137-JOPHL,7.2,Baixo,"Internet fibra óptica, Mensalidade alta",50,Two year,Fiber optic,89.7,4304.5,Bank transfer (automatic),Yes,Female,0,No,No
3034,5681-LLOEI,7.2,Baixo,"Internet fibra óptica, Mensalidade alta",43,One year,Fiber optic,91.25,4013.8,Credit card (automatic),Yes,Male,0,Yes,Yes
3035,9782-LGXMC,7.2,Baixo,Contrato mensal,49,Month-to-month,DSL,61.75,3024.15,Bank transfer (automatic),No,Female,0,Yes,Yes
3036,3354-OADJP,7.2,Baixo,Cliente novo (≤12 meses),8,One year,DSL,54.25,447.75,Bank transfer (automatic),No,Female,0,No,No
3037,6522-OIQSX,7.2,Baixo,—,69,Two year,DSL,54.95,3772.5,Credit card (automatic),Yes,Female,0,Yes,Yes
3038,0572-ZJKLT,7.2,Baixo,"Internet fibra óptica, Mensalidade alta",46,Two year,Fiber optic,99.65,4630.2,Mailed check,No,Female,0,Yes,Yes
3039,5120-ZBLAI,7.2,Baixo,Mensalidade alta,50,One year,DSL,75.7,3876.2,Bank transfer (automatic),No,Female,0,Yes,No
3040,9691-HKOVS,7.2,Baixo,"Pagamento por cheque eletrônico, Mensalidade alta",55,One year,DSL,90.15,4916.95,Electronic check,Yes,Female,0,Yes,No
3041,3739-YBWAB,7.2,Baixo,—,36,One year,DSL,35.35,1317.95,Mailed check,No,Male,0,Yes,No
3042,9586-JGQKH,7.2,Baixo,"Internet fibra óptica, Mensalidade alta",64,Two year,Fiber optic,105.4,6794.75,Bank transfer (automatic),Yes,Female,0,Yes,No
3043,8220-OCUFY,7.1,Baixo,Pagamento por cheque eletrônico,21,One year,DSL,60.25,1258.35,Electronic check,Yes,Female,0,No,No
3044,4682-BLBUC,7.1,Baixo,"Pagamento por cheque eletrônico, Mensalidade alta",44,One year,DSL,70.95,3250.45,Electronic check,Yes,Male,0,Yes,No
3045,8034-RYTVV,7.1,Baixo,"Internet fibra óptica, Mensalidade alta",55,One year,Fiber optic,84.25,4589.85,Credit card (automatic),Yes,Female,0,No,No
3046,8883-ANODQ,7.1,Baixo,"Internet fibra óptica, Mensalidade alta",68,Two year,Fiber optic,84.4,5746.75,Credit card (automatic),Yes,Female,0,Yes,Yes
3047,7968-QUXNS,7.1,Baixo,"Contrato mensal, Cliente novo (≤12 meses)",6,Month-to-month,No,18.95,110.15,Mailed check,No,Male,0,No,No
3048,0487-VVUVK,7.1,Baixo,Contrato mensal,25,Month-to-month,No,19.15,477.6,Mailed check,Yes,Male,0,Yes,Yes
3049,1755-RMCXH,7.1,Baixo,"Contrato mensal, Cliente novo (≤12 meses)",2,Month-to-month,No,20.3,40.25,Mailed check,No,Male,0,Yes,Yes
3050,0357-NVCRI,7.1,Baixo,Contrato mensal,25,Month-to-month,No,20.05,471.7,Credit card (automatic),No,Female,0,No,Yes
3051,0757-WCUUZ,7.1,Baixo,—,54,Two year,DSL,63.35,3409.1,Credit card (automatic),No,Male,0,Yes,Yes
3052,5808-TOTXO,7.1,Baixo,Cliente novo (≤12 meses),3,One year,No,20.55,57.4,Credit card (automatic),Yes,Female,0,No,Yes
3053,1053-MXTTK,7.1,Baixo,"Internet fibra óptica, Mensalidade alta",72,Two year,Fiber optic,108.65,7726.35,Bank transfer (automatic),Yes,Female,0,Yes,Yes
3054,6469-QJKZW,7.1,Baixo,"Contrato mensal, Cliente novo (≤12 meses), Pagamento por cheque eletrônico",4,Month-to-month,No,20.15,91.4,Electronic check,No,Female,0,Yes,No
3055,0993-OSGPT,7.1,Baixo,—,68,One year,DSL,60.65,3975.9,Bank transfer (automatic),Yes,Female,1,Yes,No
3056,0458-HEUZG,7.1,Baixo,—,13,Two year,DSL,35.4,450.4,Mailed check,No,Female,0,No,No
3057,2632-IVXVF,7.1,Baixo,"Internet fibra óptica, Mensalidade alta",68,Two year,Fiber optic,111.75,7511.3,Credit card (automatic),No,Female,0,Yes,Yes
3058,1352-VHKAJ,7.1,Baixo,"Contrato mensal, Mensalidade alta",27,Month-to-month,DSL,71.6,1957.1,Bank transfer (automatic),No,Male,0,Yes,Yes
3059,0895-UADGO,7.1,Baixo,Cliente novo (≤12 meses),8,Two year,DSL,44.55,343.45,Mailed check,Yes,Male,0,No,Yes
3060,7234-KMNRQ,7.1,Baixo,"Contrato mensal, Cliente novo (≤12 meses)",4,Month-to-month,No,19.0,73.45,Mailed check,No,Male,0,No,No
3061,8559-WNQZS,7.1,Baixo,Cliente novo (≤12 meses),1,Two year,No,20.45,20.45,Mailed check,No,Male,0,No,No
3062,7459-IMVYU,7.1,Baixo,"Contrato mensal, Pagamento por cheque eletrônico",38,Month-to-month,DSL,69.95,2657.55,Electronic check,No,Male,0,No,No
3063,5061-PBXFW,7.1,Baixo,Contrato mensal,32,Month-to-month,DSL,61.4,1864.65,Bank transfer (automatic),No,Female,0,Yes,Yes
3064,6036-TTFYU,7.0,Baixo,Contrato mensal,16,Month-to-month,No,19.6,314.45,Mailed check,No,Female,0,Yes,No
3065,2292-XQWSV,7.0,Baixo,—,40,One year,DSL,60.3,2448.5,Mailed check,No,Male,0,Yes,Yes
3066,2202-OUTMO,7.0,Baixo,Contrato mensal,34,Month-to-month,DSL,60.85,2003.6,Bank transfer (automatic),Yes,Female,0,Yes,No
3067,8591-NXRCV,7.0,Baixo,"Contrato mensal, Mensalidade alta",41,Month-to-month,DSL,74.65,3090.65,Bank transfer (automatic),Yes,Female,0,No,No
3068,3374-PZLXD,7.0,Baixo,Contrato mensal,34,Month-to-month,No,19.7,675.6,Mailed check,No,Male,0,No,No
3069,1271-UODNO,7.0,Baixo,—,39,Two year,DSL,53.85,2200.7,Credit card (automatic),Yes,Male,0,No,No
3070,6766-HFKLA,7.0,Baixo,"Internet fibra óptica, Mensalidade alta",56,Two year,Fiber optic,103.2,5744.35,Bank transfer (automatic),No,Female,0,Yes,No
3071,3205-MXZRA,7.0,Baixo,—,26,One year,DSL,59.45,1507.0,Credit card (automatic),No,Male,0,No,No
3072,5018-HEKFO,7.0,Baixo,"Contrato mensal, Cliente novo (≤12 meses)",10,Month-to-month,No,24.5,270.15,Mailed check,Yes,Female,0,No,No
3073,2242-MFOTG,7.0,Baixo,"Internet fibra óptica, Mensalidade alta",33,One year,Fiber optic,80.1,2603.3,Bank transfer (automatic),No,Male,0,No,No
3074,2150-WLKUW,7.0,Baixo,—,40,One year,DSL,63.9,2635.0,Bank transfer (automatic),No,Female,0,Yes,No
3075,9548-ZMVTX,7.0,Baixo,"Internet fibra óptica, Mensalidade alta",72,Two year,Fiber optic,90.45,6565.85,Bank transfer (automatic),No,Male,0,Yes,Yes
3076,7140-ADSMJ,7.0,Baixo,"Contrato mensal, Cliente novo (≤12 meses)",8,Month-to-month,No,20.45,162.3,Credit card (automatic),Yes,Male,0,No,No
3077,2144-ESWKO,7.0,Baixo,—,43,One year,DSL,35.2,1463.7,Credit card (automatic),Yes,Male,0,No,No
3078,6727-IOTLZ,7.0,Baixo,Mensalidade alta,14,Two year,DSL,81.95,1181.75,Mailed check,No,Male,0,Yes,No
3079,2434-EEVDB,7.0,Baixo,"Internet fibra óptica, Mensalidade alta",64,Two year,Fiber optic,94.6,5948.7,Credit card (automatic),Yes,Female,0,Yes,No
3080,0181-RITDD,7.0,Baixo,"Internet fibra óptica, Mensalidade alta",62,Two year,Fiber optic,108.15,6825.65,Mailed check,No,Male,0,Yes,Yes
3081,6505-OZNPG,7.0,Baixo,Cliente novo (≤12 meses),6,Two year,DSL,63.4,348.8,Mailed check,Yes,Female,0,No,No
3082,6901-GOGZG,7.0,Baixo,"Pagamento por cheque eletrônico, Mensalidade alta",60,Two year,DSL,84.95,4984.85,Electronic check,Yes,Male,0,No,Yes
3083,9866-OCCKE,7.0,Baixo,"Internet fibra óptica, Mensalidade alta",72,Two year,Fiber optic,109.75,8075.35,Mailed check,Yes,Female,1,Yes,No
3084,1474-JUWSM,6.9,Baixo,Pagamento por cheque eletrônico,58,One year,DSL,68.4,3972.25,Electronic check,Yes,Female,0,Yes,No
3085,6586-MYGKD,6.9,Baixo,Mensalidade alta,70,Two year,DSL,76.95,5289.8,Credit card (automatic),Yes,Male,0,Yes,No
3086,3229-USWAR,6.9,Baixo,Mensalidade alta,34,One year,DSL,79.95,2727.3,Bank transfer (automatic),Yes,Female,0,No,No
3087,7838-LAZFO,6.9,Baixo,Mensalidade alta,45,One year,DSL,78.8,3597.5,Bank transfer (automatic),No,Male,0,Yes,No
3088,6303-KFWSL,6.9,Baixo,Pagamento por cheque eletrônico,29,One year,DSL,55.25,1620.2,Electronic check,Yes,Female,0,No,No
3089,6510-UPNKS,6.9,Baixo,—,23,One year,No,24.8,615.35,Credit card (automatic),No,Female,0,No,No
3090,8406-LNMHF,6.9,Baixo,"Internet fibra óptica, Mensalidade alta",59,One year,Fiber optic,82.95,4903.15,Credit card (automatic),Yes,Male,1,Yes,No
3091,1763-KUAAW,6.9,Baixo,—,18,One year,No,20.35,369.6,Bank transfer (automatic),No,Female,1,No,No
3092,2171-UDMFD,6.9,Baixo,Contrato mensal,32,Month-to-month,No,19.45,674.55,Credit card (automatic),Yes,Male,0,Yes,Yes
3093,0080-EMYVY,6.9,Baixo,—,14,One year,DSL,51.45,727.85,Credit card (automatic),No,Female,0,No,No
3094,6992-TKNYO,6.9,Baixo,—,38,One year,DSL,69.0,2669.45,Credit card (automatic),No,Male,0,Yes,No
3095,0056-EPFBG,6.9,Baixo,—,20,Two year,DSL,39.4,825.4,Credit card (automatic),Yes,Male,0,Yes,Yes
3096,1929-ZCBHE,6.9,Baixo,Pagamento por cheque eletrônico,47,One year,DSL,40.3,1794.8,Electronic check,No,Male,0,Yes,Yes
3097,4829-ZLJTK,6.9,Baixo,"Internet fibra óptica, Pagamento por cheque eletrônico, Mensalidade alta",72,Two year,Fiber optic,112.4,8046.85,Electronic check,Yes,Female,1,Yes,No
3098,5915-DGNVC,6.9,Baixo,"Pagamento por cheque eletrônico, Mensalidade alta",49,One year,DSL,71.8,3472.05,Electronic check,No,Female,0,Yes,No
3099,2120-SMPEX,6.9,Baixo,Contrato mensal,25,Month-to-month,No,20.15,536.35,Mailed check,Yes,Male,0,No,No
3100,7157-SMCFK,6.9,Baixo,—,61,Two year,No,19.75,1124.2,Mailed check,No,Male,0,No,Yes
3101,8261-GWDBQ,6.8,Baixo,"Internet fibra óptica, Mensalidade alta",60,Two year,Fiber optic,116.05,6925.9,Bank transfer (automatic),Yes,Female,1,Yes,No
3102,1090-PYKCI,6.8,Baixo,"Internet fibra óptica, Mensalidade alta",69,One year,Fiber optic,105.1,7234.8,Credit card (automatic),Yes,Female,0,Yes,Yes
3103,1099-GODLO,6.8,Baixo,Cliente novo (≤12 meses),1,Two year,No,20.35,20.35,Mailed check,No,Female,0,Yes,Yes
3104,9251-WNSOD,6.8,Baixo,Mensalidade alta,67,One year,DSL,75.1,5064.45,Mailed check,No,Female,0,Yes,No
3105,8189-DUKMV,6.8,Baixo,Cliente novo (≤12 meses),4,One year,No,20.5,79.05,Bank transfer (automatic),No,Female,0,Yes,No
3106,5791-KAJFD,6.8,Baixo,—,56,One year,DSL,68.75,3808.0,Bank transfer (automatic),Yes,Female,0,Yes,Yes
3107,4957-TIALW,6.8,Baixo,—,15,One year,DSL,65.6,1010.0,Credit card (automatic),No,Female,0,No,Yes
3108,8851-RAGOV,6.8,Baixo,"Contrato mensal, Mensalidade alta",25,Month-to-month,DSL,71.05,1837.7,Mailed check,Yes,Female,0,Yes,No
3109,5774-XZTQC,6.7,Baixo,"Contrato mensal, Cliente novo (≤12 meses)",7,Month-to-month,No,20.45,150.75,Mailed check,No,Female,0,Yes,Yes
3110,6082-GLJIX,6.7,Baixo,Contrato mensal,18,Month-to-month,No,19.25,331.35,Mailed check,No,Male,0,No,No
3111,1735-XMJVH,6.7,Baixo,"Contrato mensal, Cliente novo (≤12 meses)",8,Month-to-month,No,19.35,152.6,Mailed check,Yes,Male,0,Yes,Yes
3112,5222-JCXZT,6.7,Baixo,"Contrato mensal, Cliente novo (≤12 meses)",4,Month-to-month,No,19.0,78.9,Mailed check,No,Male,0,No,No
3113,7021-XSNYE,6.7,Baixo,Cliente novo (≤12 meses),7,Two year,DSL,49.65,305.55,Credit card (automatic),No,Male,0,Yes,Yes
3114,3012-VFFMN,6.7,Baixo,"Contrato mensal, Cliente novo (≤12 meses)",7,Month-to-month,No,20.65,158.95,Mailed check,No,Female,0,Yes,Yes
3115,6194-HBGQN,6.7,Baixo,Mensalidade alta,51,One year,DSL,81.15,4126.2,Credit card (automatic),Yes,Male,0,No,No
3116,3275-RHRNE,6.7,Baixo,—,28,One year,DSL,60.0,1682.05,Credit card (automatic),Yes,Male,0,Yes,Yes
3117,9894-QMIMJ,6.7,Baixo,—,23,One year,DSL,55.8,1327.85,Bank transfer (automatic),No,Female,0,No,No
3118,5468-BPMMO,6.7,Baixo,"Contrato mensal, Pagamento por cheque eletrônico",46,Month-to-month,No,19.6,851.2,Electronic check,No,Male,0,Yes,No
3119,2739-CCZMB,6.7,Baixo,"Contrato mensal, Cliente novo (≤12 meses)",5,Month-to-month,No,20.35,122.0,Credit card (automatic),No,Male,0,No,Yes
3120,7696-AMHOD,6.7,Baixo,Mensalidade alta,49,One year,DSL,78.0,3824.2,Credit card (automatic),No,Female,0,Yes,Yes
3121,9558-IHEZX,6.7,Baixo,"Internet fibra óptica, Mensalidade alta",71,Two year,Fiber optic,106.75,7283.25,Credit card (automatic),Yes,Female,0,No,No
3122,4513-CXYIX,6.7,Baixo,"Internet fibra óptica, Mensalidade alta",71,Two year,Fiber optic,80.7,5676.0,Credit card (automatic),Yes,Female,1,Yes,No
3123,0366-NQSHS,6.7,Baixo,"Contrato mensal, Cliente novo (≤12 meses)",2,Month-to-month,No,19.35,46.35,Mailed check,No,Male,0,No,No
3124,4909-JOUPP,6.7,Baixo,"Internet fibra óptica, Mensalidade alta",72,Two year,Fiber optic,109.7,7898.45,Credit card (automatic),No,Male,1,Yes,No
3125,8777-MBMTS,6.7,Baixo,"Internet fibra óptica, Mensalidade alta",65,Two year,Fiber optic,105.85,6725.5,Credit card (automatic),Yes,Female,1,Yes,No
3126,7472-EQOAV,6.7,Baixo,"Internet fibra óptica, Mensalidade alta",71,One year,Fiber optic,86.7,6179.35,Bank transfer (automatic),Yes,Male,1,Yes,Yes
3127,3251-YMVWZ,6.7,Baixo,—,53,One year,No,24.05,1301.9,Bank transfer (automatic),No,Male,0,No,No
3128,3115-JPJDD,6.7,Baixo,"Internet fibra óptica, Mensalidade alta",59,One year,Fiber optic,81.25,4639.45,Credit card (automatic),Yes,Female,0,Yes,No
3129,7764-BDPEE,6.7,Baixo,"Contrato mensal, Cliente novo (≤12 meses)",3,Month-to-month,No,20.85,60.65,Mailed check,No,Male,0,No,Yes
3130,7801-CEDNV,6.7,Baixo,—,27,One year,DSL,48.7,1421.75,Credit card (automatic),No,Male,0,Yes,No
3131,9803-FTJCG,6.6,Baixo,—,71,One year,DSL,66.85,4748.7,Credit card (automatic),Yes,Male,0,Yes,Yes
3132,9867-NNXLC,6.6,Baixo,Contrato mensal,22,Month-to-month,No,20.05,470.2,Mailed check,Yes,Female,0,No,No
3133,6681-ZSEXG,6.6,Baixo,—,56,Two year,DSL,59.5,3389.25,Credit card (automatic),No,Male,0,Yes,No
3134,8318-LCNBW,6.6,Baixo,—,35,One year,DSL,53.15,1930.9,Credit card (automatic),No,Male,0,Yes,No
3135,4003-OCTMP,6.6,Baixo,Pagamento por cheque eletrônico,31,One year,DSL,64.0,1910.75,Electronic check,Yes,Female,0,Yes,No
3136,6121-TNHBO,6.6,Baixo,Mensalidade alta,63,One year,DSL,83.0,5243.05,Bank transfer (automatic),No,Female,1,No,No
3137,8469-SNFFH,6.6,Baixo,Mensalidade alta,70,One year,DSL,79.4,5528.9,Bank transfer (automatic),No,Male,0,Yes,No
3138,6103-QCKFX,6.6,Baixo,Contrato mensal,44,Month-to-month,DSL,56.25,2419.55,Bank transfer (automatic),No,Female,0,Yes,Yes
3139,1866-NXPSP,6.6,Baixo,Mensalidade alta,36,One year,DSL,75.55,2680.15,Mailed check,Yes,Female,0,No,No
3140,6234-RAAPL,6.6,Baixo,"Internet fibra óptica, Mensalidade alta",72,Two year,Fiber optic,99.9,7251.7,Bank transfer (automatic),No,Female,0,Yes,Yes
3141,8224-UAXBZ,6.6,Baixo,Pagamento por cheque eletrônico,58,One year,DSL,45.35,2540.1,Electronic check,Yes,Female,0,Yes,No
3142,4890-VMUAV,6.6,Baixo,"Pagamento por cheque eletrônico, Mensalidade alta",63,One year,DSL,71.5,4576.3,Electronic check,No,Male,0,No,No
3143,1544-JJMYL,6.6,Baixo,—,27,One year,DSL,69.35,1927.3,Credit card (automatic),No,Male,0,No,No
3144,3340-QBBFM,6.6,Baixo,—,36,One year,DSL,54.1,1992.85,Credit card (automatic),No,Male,1,Yes,No
3145,3249-VHRIP,6.6,Baixo,—,62,Two year,DSL,43.6,2748.7,Credit card (automatic),Yes,Female,0,No,No
3146,0496-AHOOK,6.6,Baixo,Mensalidade alta,24,One year,DSL,74.4,1712.9,Bank transfer (automatic),No,Male,0,Yes,No
3147,2348-KCJLT,6.6,Baixo,—,44,One year,DSL,61.5,2722.2,Mailed check,Yes,Female,0,Yes,No
3148,7521-YXVZY,6.6,Baixo,"Contrato mensal, Cliente novo (≤12 meses)",3,Month-to-month,No,19.95,58.3,Mailed check,No,Male,0,No,Yes
3149,7094-MSZAO,6.6,Baixo,"Contrato mensal, Cliente novo (≤12 meses)",10,Month-to-month,No,20.05,218.5,Credit card (automatic),Yes,Male,0,Yes,Yes
3150,2302-OUZXB,6.6,Baixo,Mensalidade alta,72,Two year,DSL,82.15,5784.3,Bank transfer (automatic),No,Male,0,Yes,No
3151,4776-XSKYQ,6.6,Baixo,Cliente novo (≤12 meses),12,One year,DSL,30.25,368.85,Credit card (automatic),No,Female,0,Yes,Yes
3152,8309-PPCED,6.6,Baixo,"Internet fibra óptica, Mensalidade alta",72,Two year,Fiber optic,110.45,7982.5,Bank transfer (automatic),Yes,Female,0,Yes,No
3153,8853-TZDGH,6.6,Baixo,"Internet fibra óptica, Mensalidade alta",72,Two year,Fiber optic,111.6,8012.75,Bank transfer (automatic),Yes,Female,0,No,No
3154,7956-XQWGU,6.6,Baixo,Contrato mensal,27,Month-to-month,No,19.4,460.25,Credit card (automatic),Yes,Male,0,No,No
3155,6374-NTQLP,6.5,Baixo,"Internet fibra óptica, Mensalidade alta",72,Two year,Fiber optic,104.1,7447.7,Credit card (automatic),Yes,Male,1,Yes,Yes
3156,6445-TNRXS,6.5,Baixo,"Internet fibra óptica, Mensalidade alta",68,Two year,Fiber optic,114.7,7849.85,Bank transfer (automatic),Yes,Male,0,Yes,Yes
3157,4057-FKCZK,6.5,Baixo,"Internet fibra óptica, Mensalidade alta",58,Two year,Fiber optic,82.5,4828.05,Bank transfer (automatic),No,Male,0,Yes,Yes
3158,9619-GSATL,6.5,Baixo,Pagamento por cheque eletrônico,43,One year,DSL,55.45,2444.25,Electronic check,No,Female,0,No,No
3159,9391-LMANN,6.5,Baixo,"Internet fibra óptica, Pagamento por cheque eletrônico, Mensalidade alta",53,One year,Fiber optic,95.95,5036.9,Electronic check,No,Male,0,No,Yes
3160,8097-OMULG,6.5,Baixo,Mensalidade alta,59,One year,DSL,76.75,4541.9,Credit card (automatic),No,Male,0,Yes,Yes
3161,0412-UCCNP,6.5,Baixo,Pagamento por cheque eletrônico,55,Two year,DSL,59.2,3175.85,Electronic check,Yes,Male,0,No,No
3162,1984-GPTEH,6.5,Baixo,"Contrato mensal, Pagamento por cheque eletrônico",29,Month-to-month,No,25.15,702.0,Electronic check,No,Female,0,No,No
3163,5820-PTRYM,6.5,Baixo,—,56,One year,DSL,68.45,4014.0,Credit card (automatic),Yes,Female,1,Yes,No
3164,4654-GGUII,6.5,Baixo,—,18,One year,DSL,40.2,711.95,Mailed check,Yes,Female,0,No,No
3165,2958-NHPPS,6.5,Baixo,"Contrato mensal, Pagamento por cheque eletrônico",23,Month-to-month,No,20.85,473.9,Electronic check,No,Male,0,No,No
3166,9086-YJYXS,6.5,Baixo,Mensalidade alta,34,One year,DSL,77.2,2753.8,Bank transfer (automatic),No,Male,0,Yes,Yes
3167,4056-QHXHZ,6.5,Baixo,"Internet fibra óptica, Mensalidade alta",72,Two year,Fiber optic,107.45,7576.7,Mailed check,No,Female,0,Yes,Yes
3168,5049-MUBWG,6.5,Baixo,Mensalidade alta,26,One year,DSL,75.0,1908.35,Bank transfer (automatic),No,Male,0,No,No
3169,8480-PPONV,6.5,Baixo,"Internet fibra óptica, Mensalidade alta",62,Two year,Fiber optic,115.55,7159.05,Bank transfer (automatic),No,Male,0,Yes,Yes
3170,9860-LISIZ,6.5,Baixo,Contrato mensal,34,Month-to-month,No,20.35,673.2,Mailed check,No,Female,0,No,No
3171,2664-XJZNO,6.5,Baixo,"Internet fibra óptica, Mensalidade alta",72,Two year,Fiber optic,104.9,7559.55,Credit card (automatic),Yes,Male,0,Yes,Yes
3172,3518-FSTWG,6.5,Baixo,"Internet fibra óptica, Mensalidade alta",72,Two year,Fiber optic,109.55,7920.7,Bank transfer (automatic),Yes,Male,1,Yes,No
3173,4198-VFOEA,6.5,Baixo,Cliente novo (≤12 meses),12,One year,DSL,33.6,435.45,Mailed check,Yes,Female,0,No,No
3174,1397-XKKWR,6.4,Baixo,Cliente novo (≤12 meses),7,One year,DSL,35.3,264.8,Mailed check,No,Male,0,No,No
3175,1599-MMYRQ,6.4,Baixo,"Internet fibra óptica, Mensalidade alta",62,One year,Fiber optic,81.45,4983.05,Credit card (automatic),Yes,Male,0,Yes,Yes
3176,7730-CLDSV,6.4,Baixo,"Internet fibra óptica, Mensalidade alta",72,Two year,Fiber optic,98.65,7129.45,Bank transfer (automatic),Yes,Female,0,Yes,Yes
3177,2410-CIYFZ,6.4,Baixo,"Contrato mensal, Cliente novo (≤12 meses)",2,Month-to-month,No,20.4,42.9,Mailed check,No,Male,0,No,Yes
3178,3407-JMJQQ,6.4,Baixo,"Internet fibra óptica, Mensalidade alta",71,Two year,Fiber optic,109.0,7661.8,Bank transfer (automatic),Yes,Female,0,Yes,Yes
3179,9313-QOLTZ,6.4,Baixo,Contrato mensal,26,Month-to-month,No,20.9,518.3,Mailed check,No,Male,0,No,No
3180,2790-XUYMV,6.4,Baixo,"Internet fibra óptica, Mensalidade alta",71,One year,Fiber optic,85.45,6028.95,Credit card (automatic),Yes,Male,0,No,Yes
3181,2525-GVKQU,6.4,Baixo,—,60,Two year,No,20.6,1093.0,Mailed check,No,Female,0,No,No
3182,8050-DVOJX,6.4,Baixo,Mensalidade alta,49,Two year,DSL,81.35,4060.9,Credit card (automatic),No,Male,1,No,No
3183,8226-BXGES,6.4,Baixo,"Internet fibra óptica, Mensalidade alta",64,One year,Fiber optic,89.45,5692.65,Bank transfer (automatic),No,Male,0,Yes,No
3184,0835-DUUIQ,6.3,Baixo,—,24,One year,No,21.05,531.55,Bank transfer (automatic),No,Female,0,No,Yes
3185,2680-XKKNJ,6.3,Baixo,Cliente novo (≤12 meses),8,One year,DSL,58.2,469.25,Bank transfer (automatic),No,Female,0,No,No
3186,1137-DGOWI,6.3,Baixo,Mensalidade alta,30,One year,DSL,70.25,2198.9,Bank transfer (automatic),No,Female,0,Yes,No
3187,1431-CYWMH,6.3,Baixo,Contrato mensal,22,Month-to-month,No,19.05,454.05,Bank transfer (automatic),No,Female,0,Yes,Yes
3188,4486-EFAEB,6.3,Baixo,"Contrato mensal, Pagamento por cheque eletrônico",13,Month-to-month,No,20.4,251.65,Electronic check,Yes,Male,0,No,No
3189,8200-LGKSR,6.3,Baixo,"Pagamento por cheque eletrônico, Mensalidade alta",71,Two year,DSL,83.2,6126.1,Electronic check,No,Male,0,Yes,No
3190,4906-ZHGPK,6.3,Baixo,"Pagamento por cheque eletrônico, Mensalidade alta",54,One year,DSL,70.7,3770.0,Electronic check,Yes,Male,0,Yes,Yes
3191,3727-OWVYD,6.3,Baixo,—,35,One year,DSL,61.2,2021.2,Mailed check,No,Male,0,No,No
3192,1552-TKMXS,6.3,Baixo,Contrato mensal,42,Month-to-month,No,20.35,869.9,Credit card (automatic),No,Female,0,Yes,No
3193,9388-ZEYVT,6.3,Baixo,Pagamento por cheque eletrônico,43,One year,DSL,44.15,1931.3,Electronic check,No,Male,0,No,No
3194,6981-TDRFT,6.3,Baixo,Pagamento por cheque eletrônico,44,One year,DSL,54.3,2317.1,Electronic check,Yes,Male,0,Yes,Yes
3195,5245-VDBUR,6.3,Baixo,—,52,One year,DSL,35.45,1958.95,Mailed check,No,Female,0,Yes,No
3196,6732-FZUGP,6.3,Baixo,"Internet fibra óptica, Mensalidade alta",47,One year,Fiber optic,94.9,4615.25,Credit card (automatic),No,Female,0,No,No
3197,5696-CEIQJ,6.3,Baixo,"Internet fibra óptica, Mensalidade alta",67,Two year,Fiber optic,103.15,6895.5,Bank transfer (automatic),No,Male,0,Yes,Yes
3198,4134-BSXLX,6.2,Baixo,Contrato mensal,28,Month-to-month,DSL,60.9,1785.65,Mailed check,No,Male,0,Yes,No
3199,6435-VWCCY,6.2,Baixo,"Internet fibra óptica, Mensalidade alta",65,Two year,Fiber optic,92.7,5968.4,Credit card (automatic),Yes,Male,1,Yes,No
3200,1171-TYKUR,6.2,Baixo,"Contrato mensal, Pagamento por cheque eletrônico",47,Month-to-month,No,25.4,1139.2,Electronic check,No,Male,0,Yes,No
3201,6516-NKQBO,6.2,Baixo,Mensalidade alta,38,Two year,DSL,81.0,3084.9,Credit card (automatic),No,Male,0,Yes,Yes
3202,0454-OKRCT,6.2,Baixo,"Internet fibra óptica, Mensalidade alta",33,Two year,Fiber optic,80.6,2651.1,Bank transfer (automatic),No,Male,0,No,No
3203,4797-MIWUM,6.2,Baixo,"Contrato mensal, Cliente novo (≤12 meses)",7,Month-to-month,No,20.25,174.7,Bank transfer (automatic),Yes,Male,0,Yes,Yes
3204,9924-JPRMC,6.2,Baixo,"Internet fibra óptica, Pagamento por cheque eletrônico, Mensalidade alta",72,Two year,Fiber optic,118.2,8547.15,Electronic check,Yes,Male,0,No,No
3205,5702-KVQRD,6.2,Baixo,"Pagamento por cheque eletrônico, Mensalidade alta",71,Two year,DSL,82.55,5832.65,Electronic check,Yes,Male,0,Yes,No
3206,8317-BVKSO,6.2,Baixo,"Contrato mensal, Pagamento por cheque eletrônico",14,Month-to-month,No,20.05,299.3,Electronic check,Yes,Male,0,No,No
3207,8003-EWNDZ,6.2,Baixo,"Contrato mensal, Cliente novo (≤12 meses), Pagamento por cheque eletrônico",10,Month-to-month,No,21.2,222.65,Electronic check,Yes,Female,0,No,No
3208,7136-IHZJA,6.2,Baixo,"Contrato mensal, Mensalidade alta",40,Month-to-month,DSL,71.35,2847.2,Mailed check,Yes,Female,0,Yes,Yes
3209,9142-XMYJH,6.2,Baixo,Contrato mensal,29,Month-to-month,No,19.35,601.6,Credit card (automatic),No,Female,0,No,No
3210,0310-SUCIN,6.2,Baixo,Mensalidade alta,71,One year,DSL,84.8,6046.1,Bank transfer (automatic),Yes,Female,0,Yes,No
3211,9297-FVVDH,6.2,Baixo,"Pagamento por cheque eletrônico, Mensalidade alta",57,Two year,DSL,84.5,4845.4,Electronic check,Yes,Female,0,Yes,Yes
3212,7103-ZGVNT,6.2,Baixo,Mensalidade alta,69,One year,DSL,73.7,4885.85,Credit card (automatic),No,Female,0,Yes,Yes
3213,1183-CANVH,6.2,Baixo,—,23,One year,DSL,60.0,1347.15,Bank transfer (automatic),No,Female,0,Yes,No
3214,1552-CZCLL,6.2,Baixo,Contrato mensal,55,Month-to-month,No,20.0,1087.25,Credit card (automatic),No,Female,0,Yes,Yes
3215,0484-JPBRU,6.2,Baixo,Contrato mensal,41,Month-to-month,No,25.25,996.45,Bank transfer (automatic),Yes,Male,0,No,No
3216,5726-CVNYA,6.2,Baixo,Cliente novo (≤12 meses),8,Two year,No,19.85,146.6,Mailed check,Yes,Female,0,Yes,Yes
3217,6509-TSGWN,6.2,Baixo,Contrato mensal,37,Month-to-month,No,26.45,911.6,Mailed check,No,Female,0,Yes,Yes
3218,8404-VLQFB,6.2,Baixo,"Contrato mensal, Pagamento por cheque eletrônico",15,Month-to-month,No,25.25,394.85,Electronic check,Yes,Female,0,Yes,Yes
3219,3259-QMXUN,6.2,Baixo,"Pagamento por cheque eletrônico, Mensalidade alta",58,Two year,DSL,86.1,4890.5,Electronic check,Yes,Male,0,Yes,No
3220,6296-DDOOR,6.2,Baixo,Pagamento por cheque eletrônico,19,One year,DSL,58.2,1045.25,Electronic check,No,Female,0,No,No
3221,5278-PNYOX,6.2,Baixo,"Internet fibra óptica, Mensalidade alta",49,Two year,Fiber optic,100.65,4917.75,Credit card (automatic),No,Female,0,No,No
3222,2351-RRBUE,6.2,Baixo,Cliente novo (≤12 meses),7,One year,No,20.65,134.05,Mailed check,No,Female,0,Yes,Yes
3223,1325-USMEC,6.2,Baixo,"Internet fibra óptica, Mensalidade alta",70,Two year,Fiber optic,99.35,6944.5,Credit card (automatic),Yes,Male,0,Yes,No
3224,2546-KZAAT,6.2,Baixo,Mensalidade alta,52,One year,DSL,75.4,3865.45,Mailed check,Yes,Male,0,Yes,No
3225,7168-HDQHG,6.1,Baixo,Contrato mensal,36,Month-to-month,No,19.2,702.9,Bank transfer (automatic),No,Female,0,Yes,Yes
3226,1877-HKBQX,6.1,Baixo,Cliente novo (≤12 meses),11,One year,DSL,54.6,617.85,Mailed check,Yes,Female,0,No,No
3227,3407-QGWLG,6.1,Baixo,"Contrato mensal, Cliente novo (≤12 meses)",3,Month-to-month,No,20.05,75.45,Mailed check,Yes,Male,0,No,Yes
3228,9102-OXKFY,6.1,Baixo,—,59,Two year,DSL,54.15,3116.15,Credit card (automatic),No,Male,0,No,No
3229,4328-VUFWD,6.1,Baixo,Pagamento por cheque eletrônico,39,One year,DSL,59.3,2209.15,Electronic check,No,Female,0,No,No
3230,7619-PLRLP,6.1,Baixo,Mensalidade alta,53,One year,DSL,74.1,3833.95,Bank transfer (automatic),No,Female,0,Yes,No
3231,1498-DQNRX,6.1,Baixo,Contrato mensal,29,Month-to-month,No,19.85,573.05,Mailed check,No,Female,0,Yes,No
3232,1866-ZSLJM,6.1,Baixo,Contrato mensal,21,Month-to-month,No,20.5,402.85,Credit card (automatic),No,Male,0,No,No
3233,7407-SUJIZ,6.1,Baixo,Contrato mensal,25,Month-to-month,No,20.6,541.5,Mailed check,No,Male,0,No,No
3234,2364-UFROM,6.1,Baixo,"Pagamento por cheque eletrônico, Mensalidade alta",30,One year,DSL,70.4,2044.75,Electronic check,No,Male,0,No,No
3235,0967-BMLBD,6.1,Baixo,Cliente novo (≤12 meses),11,One year,No,20.0,196.35,Mailed check,Yes,Female,0,Yes,Yes
3236,6047-SUHPR,6.1,Baixo,Pagamento por cheque eletrônico,39,One year,DSL,59.8,2343.85,Electronic check,No,Male,0,Yes,Yes
3237,7217-JYHOQ,6.1,Baixo,"Contrato mensal, Mensalidade alta",24,Month-to-month,DSL,70.3,1706.45,Credit card (automatic),Yes,Male,0,Yes,Yes
3238,4623-ZKHLY,6.1,Baixo,Contrato mensal,22,Month-to-month,No,20.45,471.55,Bank transfer (automatic),Yes,Male,0,Yes,No
3239,0530-IJVDB,6.1,Baixo,"Internet fibra óptica, Pagamento por cheque eletrônico, Mensalidade alta",70,Two year,Fiber optic,114.6,7882.5,Electronic check,Yes,Male,0,No,Yes
3240,7030-FZTFM,6.1,Baixo,"Internet fibra óptica, Mensalidade alta",72,Two year,Fiber optic,110.9,7922.75,Credit card (automatic),No,Male,0,Yes,Yes
3241,4537-CIBHB,6.1,Baixo,Cliente novo (≤12 meses),9,One year,No,20.25,172.35,Mailed check,No,Female,0,Yes,Yes
3242,5204-HMGYF,6.1,Baixo,Mensalidade alta,49,One year,DSL,87.2,4345.0,Mailed check,Yes,Female,0,Yes,Yes
3243,7047-YXDMZ,6.1,Baixo,Contrato mensal,21,Month-to-month,No,20.0,417.7,Mailed check,No,Male,0,No,No
3244,1915-OAKWD,6.1,Baixo,—,16,One year,No,19.3,360.35,Bank transfer (automatic),Yes,Female,0,No,Yes
3245,8738-JOKAR,6.0,Baixo,—,42,One year,DSL,67.7,2882.25,Mailed check,Yes,Female,0,No,No
3246,1131-ALZWV,6.0,Baixo,—,24,One year,No,24.6,605.25,Bank transfer (automatic),No,Female,0,No,No
3247,3621-CHYVB,6.0,Baixo,Contrato mensal,57,Month-to-month,DSL,49.9,2782.4,Bank transfer (automatic),Yes,Female,0,Yes,No
3248,8869-LIHMK,6.0,Baixo,"Internet fibra óptica, Mensalidade alta",64,Two year,Fiber optic,115.1,7334.05,Bank transfer (automatic),Yes,Female,0,No,No
3249,9294-TDIPC,6.0,Baixo,"Contrato mensal, Cliente novo (≤12 meses)",5,Month-to-month,No,20.2,83.75,Mailed check,No,Male,0,No,Yes
3250,8587-XYZSF,6.0,Baixo,—,67,Two year,DSL,50.55,3260.1,Bank transfer (automatic),No,Male,0,No,No
3251,2330-PQGDQ,6.0,Baixo,"Internet fibra óptica, Mensalidade alta",51,One year,Fiber optic,84.2,4299.75,Bank transfer (automatic),No,Male,0,Yes,Yes
3252,2710-WYVXG,6.0,Baixo,"Cliente novo (≤12 meses), Mensalidade alta",3,Two year,DSL,71.1,213.35,Mailed check,No,Female,0,No,No
3253,2775-SEFEE,6.0,Baixo,Cliente novo (≤12 meses),0,Two year,DSL,61.9,0.0,Bank transfer (automatic),Yes,Male,0,No,Yes
3254,7055-JCGNI,6.0,Baixo,"Internet fibra óptica, Mensalidade alta",70,Two year,Fiber optic,111.95,7795.95,Credit card (automatic),Yes,Female,0,No,No
3255,3633-CDBUW,6.0,Baixo,"Pagamento por cheque eletrônico, Mensalidade alta",17,One year,DSL,80.85,1445.95,Electronic check,No,Male,0,No,Yes
3256,3898-BSJYF,6.0,Baixo,"Cliente novo (≤12 meses), Mensalidade alta",10,One year,DSL,73.55,693.3,Credit card (automatic),No,Female,0,No,Yes
3257,8668-KNZTI,6.0,Baixo,Pagamento por cheque eletrônico,52,One year,DSL,53.75,2790.65,Electronic check,No,Male,0,No,No
3258,2323-ARSVR,6.0,Baixo,"Internet fibra óptica, Pagamento por cheque eletrônico, Mensalidade alta",67,Two year,Fiber optic,111.05,7321.05,Electronic check,Yes,Male,0,Yes,No
3259,4825-XJGDM,6.0,Baixo,—,61,One year,DSL,43.7,2696.55,Credit card (automatic),No,Female,0,No,No
3260,5815-HGGHV,6.0,Baixo,—,20,One year,DSL,64.15,1274.45,Mailed check,Yes,Male,0,Yes,No
3261,9070-BCKQP,6.0,Baixo,"Internet fibra óptica, Mensalidade alta",72,Two year,Fiber optic,110.15,7881.2,Credit card (automatic),Yes,Female,0,Yes,No
3262,7452-FOLON,6.0,Baixo,—,39,One year,No,25.45,958.45,Bank transfer (automatic),No,Male,0,No,Yes
3263,3244-CQPHU,6.0,Baixo,"Internet fibra óptica, Mensalidade alta",72,Two year,Fiber optic,110.1,7746.7,Bank transfer (automatic),Yes,Female,1,No,No
3264,9677-AVKED,6.0,Baixo,"Pagamento por cheque eletrônico, Mensalidade alta",53,One year,DSL,84.6,4449.75,Electronic check,Yes,Female,0,No,Yes
3265,6478-HRRCZ,6.0,Baixo,Mensalidade alta,32,One year,DSL,70.5,2201.75,Mailed check,No,Male,0,Yes,No
3266,1488-SYSFC,6.0,Baixo,"Contrato mensal, Pagamento por cheque eletrônico",31,Month-to-month,No,20.65,702.05,Electronic check,Yes,Male,0,Yes,Yes
3267,0716-BQNDX,6.0,Baixo,"Internet fibra óptica, Pagamento por cheque eletrônico, Mensalidade alta",57,Two year,Fiber optic,93.75,5625.55,Electronic check,No,Male,1,No,No
3268,1696-HXOWK,6.0,Baixo,"Internet fibra óptica, Mensalidade alta",71,One year,Fiber optic,95.65,6856.95,Mailed check,No,Female,0,Yes,No
3269,6685-GBWJZ,6.0,Baixo,Mensalidade alta,63,One year,DSL,70.8,4448.8,Credit card (automatic),No,Male,0,Yes,No
3270,0862-PRCBS,5.9,Baixo,"Internet fibra óptica, Mensalidade alta",68,Two year,Fiber optic,103.75,7039.45,Credit card (automatic),Yes,Female,0,Yes,Yes
3271,6827-IEAUQ,5.9,Baixo,—,27,One year,DSL,66.15,1874.45,Mailed check,No,Female,0,Yes,Yes
3272,4573-JKNAE,5.9,Baixo,Cliente novo (≤12 meses),12,Two year,No,19.35,212.3,Bank transfer (automatic),No,Male,0,No,Yes
3273,8204-TIFGJ,5.9,Baixo,Contrato mensal,23,Month-to-month,No,20.3,470.6,Bank transfer (automatic),Yes,Female,0,No,No
3274,6718-BDGHG,5.9,Baixo,—,43,One year,DSL,64.85,2908.2,Bank transfer (automatic),Yes,Female,0,Yes,No
3275,8383-SGHJU,5.9,Baixo,Pagamento por cheque eletrônico,33,One year,DSL,59.4,1952.8,Electronic check,No,Female,0,No,No
3276,4667-QONEA,5.9,Baixo,Mensalidade alta,60,One year,DSL,74.85,4456.35,Credit card (automatic),Yes,Female,1,Yes,Yes
3277,7569-NMZYQ,5.9,Baixo,"Internet fibra óptica, Mensalidade alta",72,Two year,Fiber optic,118.75,8672.45,Bank transfer (automatic),Yes,Female,0,Yes,Yes
3278,4730-AWNAU,5.9,Baixo,—,36,One year,DSL,60.7,2234.55,Credit card (automatic),No,Male,0,Yes,Yes
3279,0739-UUAJR,5.9,Baixo,—,72,Two year,DSL,53.8,3952.45,Credit card (automatic),Yes,Female,0,Yes,Yes
3280,6295-OSINB,5.9,Baixo,"Internet fibra óptica, Pagamento por cheque eletrônico, Mensalidade alta",72,Two year,Fiber optic,109.65,7880.25,Electronic check,Yes,Male,0,Yes,No
3281,7570-WELNY,5.9,Baixo,"Internet fibra óptica, Mensalidade alta",68,Two year,Fiber optic,84.7,5711.05,Bank transfer (automatic),Yes,Female,0,Yes,No
3282,6092-QZVPP,5.9,Baixo,"Contrato mensal, Mensalidade alta",36,Month-to-month,DSL,79.2,2854.95,Credit card (automatic),Yes,Male,0,No,No
3283,1834-ABKHQ,5.9,Baixo,—,52,One year,DSL,50.95,2610.65,Bank transfer (automatic),Yes,Female,0,Yes,Yes
3284,9018-PCIOK,5.9,Baixo,—,55,Two year,DSL,64.75,3617.1,Mailed check,Yes,Female,0,No,No
3285,6023-GSSXW,5.8,Baixo,—,69,Two year,DSL,61.45,4131.2,Credit card (automatic),Yes,Female,0,Yes,No
3286,7872-BAAZR,5.8,Baixo,—,53,One year,No,19.55,1007.9,Bank transfer (automatic),No,Female,0,Yes,Yes
3287,5998-DZLYR,5.8,Baixo,"Internet fibra óptica, Mensalidade alta",61,Two year,Fiber optic,94.35,5703.0,Bank transfer (automatic),Yes,Female,0,Yes,No
3288,5829-NVSQN,5.8,Baixo,—,23,One year,DSL,68.75,1689.45,Bank transfer (automatic),Yes,Female,0,Yes,No
3289,6784-XYJAE,5.8,Baixo,Pagamento por cheque eletrônico,36,One year,DSL,55.8,1941.5,Electronic check,No,Female,0,No,No
3290,9207-ZPANB,5.8,Baixo,Pagamento por cheque eletrônico,37,One year,DSL,67.45,2443.3,Electronic check,No,Male,0,No,No
3291,5855-EIBDE,5.8,Baixo,"Internet fibra óptica, Mensalidade alta",49,Two year,Fiber optic,106.65,5174.35,Credit card (automatic),No,Female,0,Yes,No
3292,5055-BRMNE,5.8,Baixo,"Internet fibra óptica, Mensalidade alta",67,Two year,Fiber optic,106.7,7009.5,Credit card (automatic),No,Female,0,Yes,Yes
3293,8232-CTLKO,5.8,Baixo,Pagamento por cheque eletrônico,66,Two year,DSL,59.75,3996.8,Electronic check,Yes,Female,0,Yes,Yes
3294,2999-AANRQ,5.8,Baixo,Mensalidade alta,21,Two year,DSL,71.05,1524.85,Credit card (automatic),No,Female,0,No,No
3295,3026-ATZYV,5.8,Baixo,Mensalidade alta,37,One year,DSL,75.1,2658.8,Bank transfer (automatic),No,Female,0,Yes,Yes
3296,6322-HRPFA,5.8,Baixo,Contrato mensal,49,Month-to-month,DSL,59.6,2970.3,Credit card (automatic),No,Male,0,Yes,Yes
3297,9500-IWPXQ,5.8,Baixo,"Pagamento por cheque eletrônico, Mensalidade alta",61,One year,DSL,79.4,4820.55,Electronic check,Yes,Female,0,Yes,Yes
3298,6693-DJWTY,5.8,Baixo,—,35,One year,DSL,55.6,2016.45,Credit card (automatic),No,Female,0,No,Yes
3299,8780-RSYYU,5.7,Baixo,Contrato mensal,25,Month-to-month,No,19.2,532.1,Credit card (automatic),Yes,Female,0,No,No
3300,2495-TTHBQ,5.7,Baixo,Cliente novo (≤12 meses),4,One year,No,20.4,84.75,Mailed check,Yes,Female,0,No,Yes
3301,8871-JLMHM,5.7,Baixo,"Internet fibra óptica, Mensalidade alta",68,Two year,Fiber optic,90.2,6297.65,Credit card (automatic),No,Female,0,Yes,No
3302,7242-EDTYC,5.7,Baixo,—,44,Two year,No,19.55,819.95,Bank transfer (automatic),No,Male,0,No,Yes
3303,9200-NLNPD,5.7,Baixo,—,56,One year,DSL,54.05,2959.8,Bank transfer (automatic),Yes,Male,0,Yes,No
3304,0661-KQHNK,5.7,Baixo,Cliente novo (≤12 meses),6,One year,No,19.0,105.5,Credit card (automatic),No,Female,0,Yes,Yes
3305,8387-UGUSU,5.7,Baixo,Contrato mensal,15,Month-to-month,No,20.05,284.3,Mailed check,No,Female,0,Yes,Yes
3306,4732-RRJZC,5.7,Baixo,"Contrato mensal, Cliente novo (≤12 meses)",7,Month-to-month,No,20.25,144.35,Mailed check,No,Male,0,Yes,Yes
3307,2789-CZANW,5.7,Baixo,"Internet fibra óptica, Mensalidade alta",64,Two year,Fiber optic,110.3,6997.3,Bank transfer (automatic),No,Female,0,Yes,Yes
3308,7508-KBIMB,5.7,Baixo,—,24,One year,DSL,56.25,1454.25,Credit card (automatic),Yes,Male,0,Yes,Yes
3309,7269-JISCY,5.7,Baixo,—,55,One year,DSL,45.05,2462.6,Bank transfer (automatic),No,Female,0,No,No
3310,7010-ZMVBF,5.7,Baixo,Contrato mensal,18,Month-to-month,No,20.45,357.0,Mailed check,No,Female,0,Yes,Yes
3311,1576-PFZIW,5.7,Baixo,"Internet fibra óptica, Mensalidade alta",70,Two year,Fiber optic,105.35,7511.9,Credit card (automatic),No,Male,1,Yes,No
3312,9467-ROOLM,5.7,Baixo,Contrato mensal,25,Month-to-month,No,19.05,461.3,Mailed check,No,Female,0,No,No
3313,7945-HLKEA,5.7,Baixo,Pagamento por cheque eletrônico,60,One year,DSL,64.75,4039.5,Electronic check,No,Female,0,No,No
3314,3566-CAAYU,5.6,Baixo,Pagamento por cheque eletrônico,64,Two year,DSL,49.85,3210.35,Electronic check,No,Female,0,Yes,Yes
3315,0810-BDHAW,5.6,Baixo,"Pagamento por cheque eletrônico, Mensalidade alta",24,One year,DSL,78.4,1832.4,Electronic check,No,Female,0,Yes,Yes
3316,5110-CHOPY,5.6,Baixo,Pagamento por cheque eletrônico,60,Two year,DSL,53.6,3237.05,Electronic check,No,Female,0,No,No
3317,7973-DZRKH,5.6,Baixo,"Internet fibra óptica, Mensalidade alta",66,Two year,Fiber optic,90.95,5930.05,Credit card (automatic),Yes,Female,0,No,Yes
3318,1414-YADCW,5.6,Baixo,"Internet fibra óptica, Mensalidade alta",70,Two year,Fiber optic,84.6,5706.2,Bank transfer (automatic),No,Male,0,Yes,No
3319,9668-PUGNU,5.6,Baixo,Pagamento por cheque eletrônico,71,Two year,No,24.5,1816.2,Electronic check,Yes,Male,0,Yes,No
3320,2137-DQMEV,5.6,Baixo,—,68,One year,DSL,44.8,2983.65,Mailed check,No,Male,0,Yes,Yes
3321,6147-CBCRA,5.6,Baixo,Contrato mensal,33,Month-to-month,No,20.05,669.45,Mailed check,No,Female,0,Yes,No
3322,2391-IPLOP,5.6,Baixo,Pagamento por cheque eletrônico,50,One year,DSL,69.65,3442.15,Electronic check,Yes,Male,0,Yes,Yes
3323,5161-UBZXI,5.6,Baixo,"Internet fibra óptica, Mensalidade alta",69,Two year,Fiber optic,106.35,7261.75,Credit card (automatic),Yes,Male,0,Yes,Yes
3324,2878-RMWXY,5.6,Baixo,"Internet fibra óptica, Mensalidade alta",72,Two year,Fiber optic,102.65,7550.3,Credit card (automatic),Yes,Male,1,Yes,No
3325,4854-SSLTN,5.6,Baixo,Cliente novo (≤12 meses),2,Two year,DSL,59.5,130.5,Mailed check,No,Male,0,Yes,Yes
3326,1813-JLKWR,5.6,Baixo,—,64,One year,No,19.8,1336.65,Bank transfer (automatic),No,Female,0,Yes,Yes
3327,5546-BYZSM,5.6,Baixo,"Contrato mensal, Pagamento por cheque eletrônico",41,Month-to-month,No,20.45,775.6,Electronic check,No,Female,0,No,No
3328,2368-GAKKQ,5.5,Baixo,"Internet fibra óptica, Mensalidade alta",70,Two year,Fiber optic,113.65,7939.25,Bank transfer (automatic),Yes,Female,0,No,No
3329,8208-EUMTE,5.5,Baixo,—,16,Two year,DSL,54.85,916.15,Mailed check,No,Male,0,No,No
3330,9746-UGFAC,5.5,Baixo,—,22,One year,No,20.85,450.65,Bank transfer (automatic),No,Female,0,No,No
3331,8809-XKHMD,5.5,Baixo,"Internet fibra óptica, Mensalidade alta",72,Two year,Fiber optic,100.55,7325.1,Bank transfer (automatic),Yes,Male,0,Yes,No
3332,2740-JFBOK,5.5,Baixo,"Contrato mensal, Cliente novo (≤12 meses), Pagamento por cheque eletrônico",10,Month-to-month,No,24.0,226.55,Electronic check,Yes,Male,0,No,No
3333,6177-PEVRA,5.5,Baixo,—,48,Two year,DSL,55.5,2627.35,Credit card (automatic),No,Female,0,No,No
3334,6332-FBZRI,5.5,Baixo,—,67,One year,DSL,69.35,4653.25,Credit card (automatic),Yes,Male,0,Yes,Yes
3335,4615-PIVVU,5.5,Baixo,—,42,Two year,DSL,66.5,2762.75,Credit card (automatic),No,Female,0,No,No
3336,4199-QHJNM,5.5,Baixo,"Internet fibra óptica, Mensalidade alta",67,Two year,Fiber optic,102.9,6989.7,Bank transfer (automatic),No,Male,1,Yes,No
3337,5384-ZTTWP,5.5,Baixo,Contrato mensal,15,Month-to-month,No,19.8,272.95,Mailed check,No,Female,0,Yes,Yes
3338,2483-XSSMZ,5.5,Baixo,Pagamento por cheque eletrônico,39,One year,DSL,47.85,1886.4,Electronic check,Yes,Female,0,No,No
3339,9209-NWPGU,5.5,Baixo,Pagamento por cheque eletrônico,44,One year,DSL,65.4,2774.55,Electronic check,No,Male,0,No,No
3340,2316-ESMLS,5.5,Baixo,Cliente novo (≤12 meses),12,One year,DSL,33.15,444.75,Credit card (automatic),No,Female,0,Yes,Yes
3341,3137-NYQQI,5.5,Baixo,—,17,One year,DSL,64.8,1175.6,Mailed check,No,Male,0,Yes,No
3342,1866-DIOQZ,5.5,Baixo,—,71,One year,DSL,66.8,4689.15,Bank transfer (automatic),No,Female,0,Yes,No
3343,9512-PHSMG,5.5,Baixo,"Contrato mensal, Cliente novo (≤12 meses)",10,Month-to-month,No,20.55,252.75,Mailed check,Yes,Female,0,Yes,No
3344,6670-MFRPK,5.5,Baixo,"Internet fibra óptica, Mensalidade alta",69,Two year,Fiber optic,79.2,5420.65,Credit card (automatic),Yes,Male,0,Yes,Yes
3345,0743-HRVFF,5.5,Baixo,Pagamento por cheque eletrônico,51,One year,DSL,56.15,2898.95,Electronic check,Yes,Female,0,Yes,Yes
3346,7445-WMRBW,5.4,Baixo,Mensalidade alta,48,One year,DSL,73.85,3581.4,Bank transfer (automatic),Yes,Female,0,No,No
3347,9720-JJJOR,5.4,Baixo,—,41,One year,DSL,60.3,2511.3,Bank transfer (automatic),Yes,Male,0,Yes,Yes
3348,8898-KASCD,5.4,Baixo,—,39,One year,DSL,35.55,1309.15,Mailed check,No,Male,0,No,No
3349,0567-XRHCU,5.4,Baixo,—,69,Two year,DSL,43.95,2960.1,Credit card (automatic),Yes,Female,0,Yes,Yes
3350,8823-RLPWL,5.4,Baixo,"Internet fibra óptica, Mensalidade alta",72,Two year,Fiber optic,110.65,8065.65,Credit card (automatic),Yes,Female,0,Yes,No
3351,1982-FEBTD,5.4,Baixo,—,23,Two year,No,25.6,514.75,Credit card (automatic),Yes,Female,0,Yes,Yes
3352,4086-ATNFV,5.4,Baixo,—,34,One year,DSL,60.8,2042.05,Mailed check,Yes,Female,0,Yes,Yes
3353,8331-ZXFOE,5.4,Baixo,Mensalidade alta,58,One year,DSL,71.1,4299.2,Credit card (automatic),Yes,Female,0,No,No
3354,7156-MXBJE,5.4,Baixo,Mensalidade alta,43,One year,DSL,85.1,3662.25,Credit card (automatic),No,Female,0,No,No
3355,3190-FZATL,5.4,Baixo,Contrato mensal,14,Month-to-month,No,19.95,268.4,Mailed check,No,Male,0,No,Yes
3356,1023-BQXZE,5.4,Baixo,Mensalidade alta,57,Two year,DSL,74.35,4317.35,Bank transfer (automatic),Yes,Male,0,No,No
3357,1708-PBBOA,5.4,Baixo,Pagamento por cheque eletrônico,42,One year,DSL,54.75,2348.45,Electronic check,Yes,Female,0,No,No
3358,4020-KIUDI,5.4,Baixo,"Contrato mensal, Cliente novo (≤12 meses)",6,Month-to-month,No,19.85,138.85,Credit card (automatic),No,Male,0,Yes,Yes
3359,6131-IUNXN,5.4,Baixo,Contrato mensal,19,Month-to-month,No,20.2,382.2,Mailed check,No,Female,0,Yes,Yes
3360,6663-JOCQO,5.4,Baixo,Mensalidade alta,31,One year,DSL,75.25,2344.5,Bank transfer (automatic),Yes,Male,0,Yes,Yes
3361,6434-TTGJP,5.4,Baixo,Cliente novo (≤12 meses),10,Two year,DSL,53.7,521.0,Credit card (automatic),No,Male,0,Yes,Yes
3362,5844-QVTAT,5.4,Baixo,—,33,One year,DSL,58.45,1955.4,Mailed check,Yes,Female,0,Yes,Yes
3363,7375-WMVMT,5.4,Baixo,"Internet fibra óptica, Mensalidade alta",71,Two year,Fiber optic,95.5,6707.15,Credit card (automatic),Yes,Male,1,Yes,No
3364,0771-CHWSK,5.4,Baixo,Mensalidade alta,66,Two year,DSL,74.6,4798.4,Credit card (automatic),Yes,Male,0,No,No
3365,1641-BYBTK,5.4,Baixo,"Contrato mensal, Cliente novo (≤12 meses)",6,Month-to-month,No,20.2,98.35,Mailed check,Yes,Male,0,No,Yes
3366,7602-MVRMB,5.4,Baixo,"Internet fibra óptica, Mensalidade alta",72,Two year,Fiber optic,110.45,8058.85,Bank transfer (automatic),Yes,Female,0,Yes,Yes
3367,4654-ULTTN,5.3,Baixo,Mensalidade alta,70,Two year,DSL,74.8,5315.8,Credit card (automatic),Yes,Male,0,Yes,No
3368,2096-XOTMO,5.3,Baixo,Contrato mensal,16,Month-to-month,No,19.35,275.9,Mailed check,No,Female,0,Yes,Yes
3369,2282-YGNOR,5.3,Baixo,—,29,One year,DSL,58.0,1734.5,Credit card (automatic),No,Female,0,No,No
3370,5387-ASZNZ,5.3,Baixo,—,66,One year,DSL,63.85,4174.35,Credit card (automatic),Yes,Female,1,No,No
3371,4291-YZODP,5.3,Baixo,Cliente novo (≤12 meses),7,One year,No,20.05,96.8,Mailed check,No,Female,0,No,Yes
3372,2541-YGPKE,5.3,Baixo,—,42,One year,DSL,63.7,2763.35,Credit card (automatic),No,Male,0,Yes,Yes
3373,9495-REDIY,5.3,Baixo,—,25,One year,DSL,40.65,970.55,Credit card (automatic),Yes,Male,0,No,Yes
3374,0019-EFAEP,5.3,Baixo,"Internet fibra óptica, Mensalidade alta",72,Two year,Fiber optic,101.3,7261.25,Bank transfer (automatic),Yes,Female,0,No,No
3375,8984-HPEMB,5.3,Baixo,"Internet fibra óptica, Pagamento por cheque eletrônico, Mensalidade alta",71,Two year,Fiber optic,118.65,8477.6,Electronic check,Yes,Female,0,No,No
3376,7876-AEHIG,5.3,Baixo,—,51,One year,DSL,60.15,3077.0,Bank transfer (automatic),No,Female,0,No,Yes
3377,3724-UCSHY,5.3,Baixo,"Contrato mensal, Cliente novo (≤12 meses)",6,Month-to-month,No,19.55,122.9,Mailed check,No,Male,0,Yes,Yes
3378,9553-DLCLU,5.3,Baixo,Mensalidade alta,13,Two year,DSL,88.95,1161.75,Credit card (automatic),No,Female,0,No,Yes
3379,2243-FNMMI,5.3,Baixo,Contrato mensal,20,Month-to-month,No,19.4,415.4,Mailed check,No,Male,0,No,No
3380,6252-DFGTK,5.3,Baixo,—,37,One year,DSL,68.1,2479.25,Credit card (automatic),No,Female,0,Yes,No
3381,0916-KNFAJ,5.3,Baixo,—,61,Two year,DSL,69.9,4226.7,Mailed check,Yes,Male,0,Yes,No
3382,7639-LIAYI,5.3,Baixo,Mensalidade alta,52,Two year,DSL,79.75,4217.8,Credit card (automatic),Yes,Male,0,No,No
3383,1226-JZNKR,5.3,Baixo,"Cliente novo (≤12 meses), Pagamento por cheque eletrônico",8,One year,No,19.8,160.05,Electronic check,No,Female,0,Yes,Yes
3384,2499-AJYUA,5.3,Baixo,"Internet fibra óptica, Mensalidade alta",72,Two year,Fiber optic,110.8,7882.25,Credit card (automatic),Yes,Female,1,Yes,No
3385,0743-HNPFG,5.3,Baixo,—,51,One year,DSL,69.75,3562.5,Credit card (automatic),Yes,Female,0,Yes,Yes
3386,9386-LDCZR,5.3,Baixo,"Internet fibra óptica, Mensalidade alta",43,One year,Fiber optic,90.65,3882.3,Credit card (automatic),Yes,Male,0,No,No
3387,5512-IDZEI,5.3,Baixo,Pagamento por cheque eletrônico,46,One year,No,24.9,1174.8,Electronic check,No,Male,0,Yes,Yes
3388,6893-ODYYE,5.3,Baixo,"Internet fibra óptica, Mensalidade alta",50,One year,Fiber optic,90.1,4549.45,Credit card (automatic),Yes,Male,0,No,No
3389,0847-HGRML,5.3,Baixo,—,62,Two year,No,20.0,1250.1,Bank transfer (automatic),No,Male,0,No,Yes
3390,6048-UWKAL,5.3,Baixo,"Internet fibra óptica, Mensalidade alta",69,Two year,Fiber optic,105.4,6998.95,Credit card (automatic),No,Female,1,Yes,No
3391,3387-PLKUI,5.3,Baixo,Contrato mensal,13,Month-to-month,No,18.8,251.25,Mailed check,No,Female,0,Yes,Yes
3392,8241-JUIQO,5.2,Baixo,—,61,One year,No,19.45,1336.35,Bank transfer (automatic),No,Female,0,No,No
3393,8085-MSNLK,5.2,Baixo,"Internet fibra óptica, Mensalidade alta",62,Two year,Fiber optic,113.95,6891.4,Mailed check,No,Female,0,Yes,No
3394,4163-KIUHY,5.2,Baixo,"Contrato mensal, Pagamento por cheque eletrônico",35,Month-to-month,No,25.6,901.25,Electronic check,Yes,Male,0,No,No
3395,9313-CDOGY,5.2,Baixo,"Contrato mensal, Pagamento por cheque eletrônico",38,Month-to-month,No,19.6,717.3,Electronic check,No,Male,0,Yes,Yes
3396,5324-KTGCG,5.2,Baixo,Pagamento por cheque eletrônico,71,One year,No,20.85,1539.75,Electronic check,No,Male,0,Yes,No
3397,6094-ZIVKX,5.2,Baixo,—,68,One year,DSL,54.45,3674.95,Credit card (automatic),Yes,Female,0,No,No
3398,6950-TWMYB,5.2,Baixo,"Internet fibra óptica, Mensalidade alta",54,Two year,Fiber optic,79.95,4362.05,Bank transfer (automatic),Yes,Male,0,Yes,Yes
3399,6506-EYCNH,5.2,Baixo,Contrato mensal,28,Month-to-month,No,19.55,543.8,Bank transfer (automatic),Yes,Female,0,Yes,Yes
3400,8821-KVZKQ,5.2,Baixo,—,70,One year,DSL,58.4,4113.15,Bank transfer (automatic),Yes,Female,0,Yes,Yes
3401,0661-WCQNQ,5.2,Baixo,—,22,One year,DSL,56.25,1292.2,Credit card (automatic),Yes,Male,0,Yes,No
3402,9473-CBZOP,5.2,Baixo,—,28,One year,DSL,59.0,1654.45,Mailed check,No,Female,0,No,No
3403,3530-VWVGU,5.2,Baixo,Contrato mensal,22,Month-to-month,No,19.9,400.3,Mailed check,No,Female,0,Yes,Yes
3404,9670-BPNXF,5.2,Baixo,—,45,One year,DSL,62.55,2796.45,Credit card (automatic),Yes,Female,0,No,No
3405,8409-WQJUX,5.2,Baixo,Pagamento por cheque eletrônico,25,One year,DSL,54.2,1423.15,Electronic check,No,Female,0,No,No
3406,7554-NEWDD,5.2,Baixo,Cliente novo (≤12 meses),10,Two year,No,25.7,251.6,Bank transfer (automatic),No,Male,0,No,No
3407,2164-SOQXL,5.2,Baixo,Contrato mensal,20,Month-to-month,No,20.05,406.05,Mailed check,No,Female,0,Yes,Yes
3408,9867-XOBQA,5.2,Baixo,—,21,Two year,DSL,53.15,1183.2,Mailed check,No,Female,0,No,Yes
3409,3957-HHLMR,5.1,Baixo,—,70,One year,DSL,65.2,4543.15,Bank transfer (automatic),No,Female,0,Yes,Yes
3410,1830-GGFNM,5.1,Baixo,"Internet fibra óptica, Mensalidade alta",65,Two year,Fiber optic,94.55,6078.75,Credit card (automatic),No,Male,0,Yes,Yes
3411,2616-FLVQC,5.1,Baixo,—,64,Two year,No,19.55,1240.15,Mailed check,No,Male,0,No,No
3412,0536-BGFMZ,5.1,Baixo,Contrato mensal,28,Month-to-month,No,20.5,563.05,Mailed check,No,Female,0,Yes,No
3413,1972-XMUWV,5.1,Baixo,—,65,Two year,DSL,59.8,3808.2,Credit card (automatic),Yes,Female,0,Yes,No
3414,1338-CECEE,5.1,Baixo,—,41,One year,DSL,68.5,2839.95,Bank transfer (automatic),No,Male,0,Yes,Yes
3415,8639-NHQEI,5.1,Baixo,"Internet fibra óptica, Mensalidade alta",72,Two year,Fiber optic,95.9,6954.15,Bank transfer (automatic),Yes,Female,0,Yes,Yes
3416,1257-SXUXQ,5.1,Baixo,"Contrato mensal, Cliente novo (≤12 meses)",5,Month-to-month,No,19.45,86.05,Mailed check,No,Male,0,Yes,Yes
3417,2511-MORQY,5.1,Baixo,—,50,One year,DSL,54.9,2614.1,Bank transfer (automatic),No,Male,0,Yes,Yes
3418,0197-PNKNK,5.1,Baixo,"Internet fibra óptica, Mensalidade alta",69,One year,Fiber optic,84.45,5848.6,Bank transfer (automatic),No,Female,0,Yes,Yes
3419,8690-UPCZI,5.1,Baixo,—,29,One year,DSL,69.05,1958.45,Bank transfer (automatic),No,Male,0,Yes,Yes
3420,4032-RMHCI,5.1,Baixo,—,41,One year,DSL,35.4,1412.4,Credit card (automatic),No,Female,0,Yes,Yes
3421,7061-OVMIM,5.1,Baixo,—,30,One year,No,19.55,608.5,Bank transfer (automatic),No,Female,0,Yes,Yes
3422,0594-UFTUL,5.1,Baixo,Contrato mensal,13,Month-to-month,No,19.85,252.0,Mailed check,Yes,Male,0,Yes,Yes
3423,0519-DRGTI,5.1,Baixo,Contrato mensal,20,Month-to-month,No,20.35,442.6,Mailed check,No,Female,0,Yes,Yes
3424,9648-BCHKM,5.1,Baixo,—,18,Two year,No,24.65,471.35,Credit card (automatic),Yes,Female,0,Yes,Yes
3425,7247-XOZPB,5.1,Baixo,Mensalidade alta,53,One year,DSL,77.4,4155.95,Bank transfer (automatic),No,Male,0,Yes,No
3426,5269-NRGDP,5.1,Baixo,"Pagamento por cheque eletrônico, Mensalidade alta",42,One year,DSL,73.15,3088.25,Electronic check,No,Male,0,Yes,Yes
3427,8735-NBLWT,5.1,Baixo,"Contrato mensal, Cliente novo (≤12 meses)",9,Month-to-month,No,20.4,184.1,Mailed check,No,Male,0,No,Yes
3428,0526-SXDJP,5.0,Baixo,—,72,Two year,DSL,42.1,2962.0,Bank transfer (automatic),No,Male,0,Yes,No
3429,8966-OIQHG,5.0,Baixo,—,22,One year,No,20.75,452.35,Bank transfer (automatic),No,Female,0,Yes,Yes
3430,4942-VZZOM,5.0,Baixo,—,64,One year,DSL,66.15,4392.5,Credit card (automatic),Yes,Male,0,Yes,No
3431,5989-AXPUC,5.0,Baixo,"Internet fibra óptica, Mensalidade alta",68,Two year,Fiber optic,118.6,7990.05,Mailed check,No,Female,0,Yes,No
3432,2054-PJOCK,5.0,Baixo,Mensalidade alta,60,One year,DSL,80.55,4847.05,Credit card (automatic),No,Female,0,No,No
3433,2904-GGUAZ,5.0,Baixo,"Internet fibra óptica, Mensalidade alta",72,Two year,Fiber optic,84.05,6052.25,Bank transfer (automatic),Yes,Female,0,Yes,No
3434,4018-KJYUY,5.0,Baixo,Contrato mensal,22,Month-to-month,No,20.15,432.5,Credit card (automatic),No,Male,0,No,Yes
3435,8024-XNAFQ,5.0,Baixo,"Internet fibra óptica, Mensalidade alta",72,Two year,Fiber optic,107.4,7748.75,Bank transfer (automatic),Yes,Female,1,No,No
3436,7746-QYVCO,5.0,Baixo,—,16,One year,DSL,55.85,857.8,Mailed check,Yes,Male,0,Yes,Yes
3437,4445-KWOKW,5.0,Baixo,—,42,One year,DSL,60.15,2421.6,Bank transfer (automatic),Yes,Female,0,No,No
3438,7311-MQJCH,5.0,Baixo,"Cliente novo (≤12 meses), Pagamento por cheque eletrônico",5,One year,No,19.55,99.6,Electronic check,No,Female,0,No,No
3439,1150-FTQGN,5.0,Baixo,"Internet fibra óptica, Mensalidade alta",60,One year,Fiber optic,94.15,5811.8,Bank transfer (automatic),No,Female,0,Yes,Yes
3440,1937-OTUKY,5.0,Baixo,"Internet fibra óptica, Mensalidade alta",72,Two year,Fiber optic,98.2,7015.9,Bank transfer (automatic),Yes,Female,0,Yes,No
3441,0756-MPZRL,5.0,Baixo,—,46,One year,DSL,33.7,1537.85,Credit card (automatic),No,Male,0,No,No
3442,0014-BMAQU,5.0,Baixo,"Internet fibra óptica, Mensalidade alta",63,Two year,Fiber optic,84.65,5377.8,Credit card (automatic),Yes,Male,0,Yes,No
3443,5716-EZXZN,5.0,Baixo,"Internet fibra óptica, Mensalidade alta",65,Two year,Fiber optic,99.05,6416.7,Credit card (automatic),Yes,Female,0,Yes,Yes
3444,4598-ZADCK,4.9,Baixo,Pagamento por cheque eletrônico,53,One year,DSL,53.6,2879.2,Electronic check,Yes,Female,0,No,No
3445,3704-IEAXF,4.9,Baixo,—,72,Two year,DSL,53.65,3784.0,Credit card (automatic),No,Female,0,Yes,Yes
3446,8510-TMWYB,4.9,Baixo,—,54,Two year,DSL,59.8,3246.45,Bank transfer (automatic),Yes,Female,0,Yes,Yes
3447,8681-ICONS,4.9,Baixo,Contrato mensal,29,Month-to-month,No,20.65,654.85,Mailed check,Yes,Male,0,Yes,Yes
3448,8069-RHUXK,4.9,Baixo,—,67,Two year,DSL,35.7,2545.7,Credit card (automatic),No,Female,0,Yes,Yes
3449,4578-PHJYZ,4.9,Baixo,Pagamento por cheque eletrônico,52,One year,DSL,68.75,3482.85,Electronic check,Yes,Male,0,Yes,Yes
3450,1850-AKQEP,4.9,Baixo,"Contrato mensal, Cliente novo (≤12 meses)",8,Month-to-month,No,20.35,178.7,Mailed check,No,Male,0,No,Yes
3451,1661-CZBAU,4.9,Baixo,Mensalidade alta,48,One year,DSL,70.95,3629.2,Bank transfer (automatic),Yes,Male,0,No,No
3452,3441-CGZJH,4.9,Baixo,—,43,One year,DSL,60.4,2640.55,Credit card (automatic),Yes,Female,0,Yes,Yes
3453,2324-AALNO,4.9,Baixo,—,48,One year,No,24.55,1203.95,Bank transfer (automatic),No,Female,0,No,No
3454,7901-IIDQV,4.8,Baixo,—,24,One year,DSL,54.6,1242.25,Bank transfer (automatic),No,Male,0,No,No
3455,5260-UMPWX,4.8,Baixo,Contrato mensal,26,Month-to-month,No,20.25,493.95,Credit card (automatic),Yes,Female,0,Yes,Yes
3456,3486-KHMLI,4.8,Baixo,Contrato mensal,21,Month-to-month,No,24.7,467.15,Mailed check,No,Male,0,No,Yes
3457,3397-AVTKU,4.8,Baixo,Pagamento por cheque eletrônico,43,Two year,DSL,60.0,2548.55,Electronic check,Yes,Male,0,No,No
3458,9625-QNLUX,4.8,Baixo,"Internet fibra óptica, Mensalidade alta",68,Two year,Fiber optic,103.25,7074.4,Credit card (automatic),Yes,Male,0,Yes,Yes
3459,6476-EPYZR,4.8,Baixo,"Contrato mensal, Cliente novo (≤12 meses)",12,Month-to-month,No,20.5,255.5,Mailed check,No,Male,0,Yes,Yes
3460,0048-PIHNL,4.8,Baixo,—,49,One year,No,20.45,900.9,Bank transfer (automatic),No,Female,0,Yes,No
3461,8496-DMZUK,4.8,Baixo,"Internet fibra óptica, Mensalidade alta",30,One year,Fiber optic,90.4,2820.65,Bank transfer (automatic),No,Male,0,No,No
3462,8097-VBQTZ,4.8,Baixo,Contrato mensal,54,Month-to-month,DSL,69.9,3883.3,Mailed check,Yes,Male,0,No,No
3463,4719-UMSIY,4.8,Baixo,"Contrato mensal, Cliente novo (≤12 meses)",6,Month-to-month,No,19.65,100.9,Mailed check,No,Male,0,No,Yes
3464,9359-JANWS,4.8,Baixo,—,65,Two year,DSL,58.9,3857.1,Credit card (automatic),No,Female,0,Yes,No
3465,1159-WFSGR,4.8,Baixo,"Contrato mensal, Pagamento por cheque eletrônico",16,Month-to-month,No,20.4,321.4,Electronic check,No,Female,0,Yes,Yes
3466,3511-BFTJW,4.8,Baixo,—,72,Two year,DSL,38.5,2763.0,Credit card (automatic),No,Male,0,Yes,Yes
3467,5825-XJOCM,4.8,Baixo,—,48,One year,DSL,64.4,3035.35,Bank transfer (automatic),Yes,Male,0,No,Yes
3468,8007-YYPWD,4.8,Baixo,—,15,Two year,No,25.05,369.1,Bank transfer (automatic),No,Female,0,No,No
3469,3882-IYOIJ,4.8,Baixo,"Internet fibra óptica, Mensalidade alta",60,Two year,Fiber optic,115.25,6758.45,Credit card (automatic),No,Female,0,Yes,Yes
3470,6778-EICRF,4.8,Baixo,Mensalidade alta,24,One year,DSL,74.8,1821.2,Mailed check,No,Male,0,Yes,Yes
3471,3115-CZMZD,4.7,Baixo,Cliente novo (≤12 meses),0,Two year,No,20.25,0.0,Mailed check,No,Male,0,No,Yes
3472,8792-AOROI,4.7,Baixo,Cliente novo (≤12 meses),8,Two year,DSL,65.5,564.35,Mailed check,No,Female,0,Yes,No
3473,1568-BEKZM,4.7,Baixo,Mensalidade alta,70,Two year,DSL,90.05,6333.4,Credit card (automatic),No,Male,1,Yes,No
3474,5172-RKOCB,4.7,Baixo,"Internet fibra óptica, Mensalidade alta",72,Two year,Fiber optic,108.95,7875.0,Credit card (automatic),Yes,Male,0,Yes,No
3475,7623-HKYRK,4.7,Baixo,"Contrato mensal, Cliente novo (≤12 meses)",6,Month-to-month,No,19.7,111.65,Mailed check,No,Male,0,No,Yes
3476,1302-TPUBN,4.7,Baixo,—,66,Two year,No,19.35,1240.8,Bank transfer (automatic),No,Male,0,No,No
3477,1960-UOTYM,4.7,Baixo,"Pagamento por cheque eletrônico, Mensalidade alta",52,Two year,DSL,79.2,4016.3,Electronic check,No,Male,0,Yes,Yes
3478,2812-ENYMO,4.7,Baixo,—,26,One year,DSL,54.55,1362.85,Credit card (automatic),No,Male,0,No,No
3479,5256-SKJGO,4.7,Baixo,Pagamento por cheque eletrônico,64,Two year,DSL,54.6,3423.5,Electronic check,Yes,Female,0,Yes,Yes
3480,9987-LUTYD,4.7,Baixo,—,13,One year,DSL,55.15,742.9,Mailed check,No,Female,0,No,No
3481,9067-YGSCA,4.7,Baixo,—,70,One year,No,26.05,1856.4,Credit card (automatic),No,Female,0,No,No
3482,3392-EHMNK,4.7,Baixo,"Internet fibra óptica, Mensalidade alta",67,Two year,Fiber optic,94.1,6302.8,Credit card (automatic),No,Female,0,Yes,Yes
3483,7771-ZONAT,4.7,Baixo,—,22,Two year,DSL,56.75,1304.85,Bank transfer (automatic),No,Male,0,No,No
3484,4806-DXQCE,4.7,Baixo,"Internet fibra óptica, Pagamento por cheque eletrônico, Mensalidade alta",70,Two year,Fiber optic,113.65,7714.65,Electronic check,Yes,Female,1,Yes,No
3485,7688-AWMDX,4.7,Baixo,—,71,Two year,DSL,54.5,3778.2,Bank transfer (automatic),No,Male,0,Yes,No
3486,8165-CBKXO,4.7,Baixo,—,66,Two year,DSL,56.75,3708.4,Credit card (automatic),Yes,Male,0,Yes,Yes
3487,7781-EWARA,4.7,Baixo,Pagamento por cheque eletrônico,70,One year,DSL,60.35,4138.7,Electronic check,No,Male,0,Yes,Yes
3488,1729-VLAZJ,4.7,Baixo,Cliente novo (≤12 meses),10,One year,DSL,40.25,411.45,Mailed check,No,Female,0,No,Yes
3489,7995-ZHHNZ,4.7,Baixo,—,42,One year,DSL,56.1,2386.85,Credit card (automatic),No,Male,0,Yes,No
3490,5906-DVAPM,4.7,Baixo,Mensalidade alta,55,One year,DSL,75.0,4213.9,Credit card (automatic),Yes,Female,0,Yes,Yes
3491,8595-SIZNC,4.7,Baixo,—,22,One year,No,25.6,548.8,Bank transfer (automatic),No,Female,1,Yes,No
3492,9184-GALIL,4.6,Baixo,Contrato mensal,38,Month-to-month,No,20.45,781.25,Mailed check,No,Female,0,Yes,Yes
3493,3617-XLSGQ,4.6,Baixo,"Internet fibra óptica, Mensalidade alta",66,Two year,Fiber optic,109.25,7082.5,Bank transfer (automatic),No,Female,0,Yes,Yes
3494,2162-FRZAA,4.6,Baixo,—,63,Two year,DSL,39.35,2395.05,Bank transfer (automatic),No,Male,0,Yes,Yes
3495,9830-ECLEN,4.6,Baixo,—,58,One year,DSL,50.0,2919.85,Mailed check,No,Male,0,Yes,Yes
3496,0106-UGRDO,4.6,Baixo,"Internet fibra óptica, Pagamento por cheque eletrônico, Mensalidade alta",69,Two year,Fiber optic,116.0,8182.85,Electronic check,Yes,Female,0,Yes,No
3497,1345-GKDZZ,4.6,Baixo,"Contrato mensal, Cliente novo (≤12 meses)",6,Month-to-month,No,19.55,128.6,Mailed check,No,Male,0,No,Yes
3498,0305-SQECB,4.6,Baixo,Cliente novo (≤12 meses),11,One year,DSL,36.05,402.6,Mailed check,Yes,Female,0,No,Yes
3499,9746-YKGXB,4.6,Baixo,—,52,One year,DSL,44.25,2276.1,Bank transfer (automatic),No,Male,0,Yes,Yes
3500,6064-PUPMC,4.6,Baixo,—,23,One year,DSL,57.2,1423.35,Credit card (automatic),No,Male,0,Yes,Yes
3501,0234-TEVTT,4.6,Baixo,—,48,One year,DSL,45.0,2196.3,Credit card (automatic),No,Female,0,Yes,Yes
3502,6371-NZYEG,4.6,Baixo,—,16,Two year,DSL,64.25,1024.0,Mailed check,No,Male,0,Yes,Yes
3503,7005-CYUIL,4.6,Baixo,"Internet fibra óptica, Pagamento por cheque eletrônico, Mensalidade alta",71,Two year,Fiber optic,99.4,7168.25,Electronic check,Yes,Female,1,Yes,No
3504,0907-HQNTS,4.6,Baixo,"Internet fibra óptica, Mensalidade alta",70,Two year,Fiber optic,113.0,7987.6,Credit card (automatic),Yes,Female,1,Yes,No
3505,3933-DQPWX,4.6,Baixo,—,50,Two year,DSL,39.7,1932.75,Credit card (automatic),No,Female,0,No,No
3506,0872-CASZJ,4.6,Baixo,—,59,One year,DSL,69.1,4096.9,Mailed check,Yes,Male,0,Yes,No
3507,8879-XUAHX,4.6,Baixo,"Internet fibra óptica, Pagamento por cheque eletrônico, Mensalidade alta",71,Two year,Fiber optic,116.25,8564.75,Electronic check,Yes,Male,0,Yes,No
3508,3795-CAWEX,4.6,Baixo,"Internet fibra óptica, Mensalidade alta",70,Two year,Fiber optic,116.55,8152.3,Credit card (automatic),Yes,Male,0,Yes,Yes
3509,2361-UPSND,4.6,Baixo,Mensalidade alta,46,One year,DSL,70.6,3231.05,Mailed check,No,Female,0,Yes,No
3510,6016-LVTJQ,4.5,Baixo,Contrato mensal,34,Month-to-month,No,20.65,716.4,Mailed check,No,Female,0,Yes,Yes
3511,7929-SKFGK,4.5,Baixo,"Internet fibra óptica, Mensalidade alta",70,Two year,Fiber optic,114.3,8244.3,Credit card (automatic),No,Male,0,Yes,No
3512,9581-GVBXT,4.5,Baixo,—,59,One year,DSL,34.8,1980.3,Mailed check,No,Male,0,Yes,Yes
3513,2430-RRYUW,4.5,Baixo,—,66,One year,DSL,54.8,3465.7,Mailed check,Yes,Male,0,No,No
3514,9730-DRTMJ,4.5,Baixo,Mensalidade alta,32,One year,DSL,72.8,2333.05,Credit card (automatic),Yes,Male,0,Yes,No
3515,4568-KNYWR,4.5,Baixo,—,52,Two year,DSL,63.25,3342.45,Credit card (automatic),Yes,Male,0,No,No
3516,5641-DMBFJ,4.5,Baixo,"Pagamento por cheque eletrônico, Mensalidade alta",58,Two year,DSL,84.3,4916.4,Electronic check,Yes,Female,0,Yes,No
3517,4304-XUMGI,4.5,Baixo,Mensalidade alta,50,Two year,DSL,75.15,3822.45,Bank transfer (automatic),Yes,Male,1,Yes,Yes
3518,0788-DXBFY,4.5,Baixo,Pagamento por cheque eletrônico,58,One year,No,19.55,1108.8,Electronic check,Yes,Male,0,Yes,Yes
3519,1930-QPBVZ,4.5,Baixo,"Internet fibra óptica, Mensalidade alta",68,Two year,Fiber optic,95.1,6683.4,Bank transfer (automatic),No,Male,0,Yes,Yes
3520,2724-FJDYW,4.5,Baixo,—,39,One year,DSL,54.85,2191.7,Bank transfer (automatic),No,Male,0,No,Yes
3521,1320-GVNHT,4.5,Baixo,"Internet fibra óptica, Mensalidade alta",72,Two year,Fiber optic,108.4,7767.25,Credit card (automatic),Yes,Male,0,Yes,Yes
3522,6736-DHUQI,4.5,Baixo,"Internet fibra óptica, Mensalidade alta",67,One year,Fiber optic,84.8,5598.3,Bank transfer (automatic),No,Female,0,Yes,Yes
3523,4203-QGNZA,4.5,Baixo,Contrato mensal,28,Month-to-month,No,20.25,535.35,Mailed check,No,Female,0,No,Yes
3524,0679-TDGAK,4.5,Baixo,"Pagamento por cheque eletrônico, Mensalidade alta",50,One year,DSL,75.5,4025.6,Electronic check,No,Male,0,Yes,Yes
3525,5372-FBKBN,4.5,Baixo,Contrato mensal,21,Month-to-month,No,20.75,452.2,Mailed check,No,Female,0,No,Yes
3526,3648-GZPHF,4.5,Baixo,—,32,One year,DSL,36.25,1151.05,Mailed check,Yes,Male,0,Yes,Yes
3527,9705-ZJBCG,4.5,Baixo,—,13,One year,DSL,54.15,701.05,Bank transfer (automatic),No,Female,0,Yes,Yes
3528,2188-SXWVT,4.5,Baixo,—,34,One year,DSL,55.0,1885.15,Mailed check,No,Female,0,No,No
3529,9928-BZVLZ,4.5,Baixo,Cliente novo (≤12 meses),12,Two year,DSL,49.85,552.1,Mailed check,No,Female,0,No,No
3530,9674-EHPPG,4.5,Baixo,—,46,Two year,DSL,40.4,1842.7,Credit card (automatic),No,Male,0,Yes,No
3531,7025-WCBNE,4.5,Baixo,—,47,Two year,DSL,59.6,2754.0,Bank transfer (automatic),No,Male,1,No,No
3532,4304-TSPVK,4.4,Baixo,"Internet fibra óptica, Mensalidade alta",68,Two year,Fiber optic,114.9,7843.55,Bank transfer (automatic),No,Female,0,Yes,No
3533,5203-XEHAX,4.4,Baixo,Pagamento por cheque eletrônico,34,One year,DSL,64.35,2053.05,Electronic check,No,Female,0,No,No
3534,9796-MVYXX,4.4,Baixo,—,14,Two year,DSL,39.7,692.35,Mailed check,No,Female,1,No,No
3535,0853-TWRVK,4.4,Baixo,"Internet fibra óptica, Mensalidade alta",72,Two year,Fiber optic,105.6,7581.5,Bank transfer (automatic),No,Male,0,Yes,No
3536,8597-CTXVJ,4.4,Baixo,—,70,One year,DSL,64.95,4551.5,Bank transfer (automatic),No,Male,0,No,Yes
3537,7771-CFQRQ,4.4,Baixo,—,47,Two year,DSL,63.8,3007.25,Bank transfer (automatic),No,Female,0,Yes,Yes
3538,7017-VFHAY,4.4,Baixo,"Internet fibra óptica, Mensalidade alta",61,Two year,Fiber optic,115.1,7008.15,Credit card (automatic),No,Female,0,Yes,Yes
3539,6543-JXSOO,4.4,Baixo,—,23,One year,DSL,57.75,1282.85,Mailed check,Yes,Female,0,Yes,Yes
3540,7817-OMJNA,4.4,Baixo,—,14,One year,No,20.4,275.7,Bank transfer (automatic),No,Male,0,No,No
3541,8680-CGLTP,4.4,Baixo,Pagamento por cheque eletrônico,29,One year,DSL,58.75,1696.2,Electronic check,Yes,Male,0,No,No
3542,1455-HFBXA,4.4,Baixo,"Internet fibra óptica, Mensalidade alta",52,Two year,Fiber optic,91.6,4627.8,Credit card (automatic),Yes,Male,0,Yes,No
3543,0023-UYUPN,4.4,Baixo,Pagamento por cheque eletrônico,50,One year,No,25.2,1306.3,Electronic check,No,Female,1,Yes,No
3544,1090-ESELR,4.4,Baixo,"Internet fibra óptica, Mensalidade alta",72,Two year,Fiber optic,105.5,7611.55,Bank transfer (automatic),No,Male,0,Yes,Yes
3545,8608-OZTLB,4.4,Baixo,"Pagamento por cheque eletrônico, Mensalidade alta",38,One year,DSL,74.05,2802.3,Electronic check,No,Male,0,Yes,Yes
3546,3156-QLHBO,4.4,Baixo,"Contrato mensal, Cliente novo (≤12 meses)",2,Month-to-month,No,19.25,48.35,Mailed check,No,Male,0,No,Yes
3547,2039-JONDJ,4.3,Baixo,—,27,One year,DSL,55.45,1477.65,Bank transfer (automatic),No,Male,0,No,No
3548,3569-VLDHH,4.3,Baixo,"Pagamento por cheque eletrônico, Mensalidade alta",66,One year,DSL,75.1,5013.0,Electronic check,Yes,Male,0,Yes,Yes
3549,3258-SYSWS,4.3,Baixo,"Internet fibra óptica, Mensalidade alta",72,Two year,Fiber optic,113.8,7845.8,Bank transfer (automatic),No,Male,1,No,No
3550,6064-ZATLR,4.3,Baixo,—,27,Two year,DSL,52.85,1498.65,Bank transfer (automatic),No,Female,0,No,No
3551,5996-EBTKM,4.3,Baixo,—,67,Two year,DSL,69.9,4615.9,Bank transfer (automatic),Yes,Female,0,Yes,Yes
3552,9194-GFVOI,4.3,Baixo,Mensalidade alta,42,Two year,DSL,84.35,3571.6,Credit card (automatic),No,Female,0,Yes,No
3553,3551-GAEGL,4.3,Baixo,—,34,One year,DSL,30.4,938.65,Bank transfer (automatic),No,Male,0,Yes,Yes
3554,1402-PTHGN,4.3,Baixo,—,18,One year,DSL,61.5,1087.45,Mailed check,Yes,Female,0,Yes,Yes
3555,6463-HHXJR,4.3,Baixo,"Internet fibra óptica, Mensalidade alta",71,Two year,Fiber optic,100.5,7030.65,Bank transfer (automatic),No,Female,0,Yes,Yes
3556,4702-HDRKD,4.3,Baixo,—,67,One year,DSL,49.35,3321.35,Bank transfer (automatic),Yes,Male,0,No,No
3557,3800-LYTRK,4.3,Baixo,—,14,One year,DSL,55.7,795.15,Mailed check,No,Female,0,No,No
3558,0604-THJFP,4.2,Baixo,Mensalidade alta,59,Two year,DSL,75.95,4542.35,Credit card (automatic),Yes,Female,0,Yes,Yes
3559,3315-IKYZQ,4.2,Baixo,—,28,One year,DSL,50.8,1386.8,Mailed check,No,Male,0,Yes,Yes
3560,2466-NEJOJ,4.2,Baixo,"Contrato mensal, Cliente novo (≤12 meses)",8,Month-to-month,No,19.65,169.75,Credit card (automatic),No,Male,0,Yes,Yes
3561,5318-YKDPV,4.2,Baixo,Mensalidade alta,43,Two year,DSL,79.15,3566.6,Credit card (automatic),Yes,Male,0,Yes,Yes
3562,2077-DDHJK,4.2,Baixo,Mensalidade alta,68,Two year,DSL,70.9,4911.35,Credit card (automatic),No,Female,0,Yes,No
3563,9359-UGBTK,4.2,Baixo,Mensalidade alta,67,One year,DSL,72.35,4991.5,Bank transfer (automatic),Yes,Female,0,No,No
3564,8606-OEGQZ,4.2,Baixo,—,18,Two year,No,25.3,454.65,Credit card (automatic),No,Female,0,No,Yes
3565,8454-AATJP,4.2,Baixo,"Internet fibra óptica, Mensalidade alta",72,Two year,Fiber optic,115.05,8405.0,Credit card (automatic),No,Female,0,No,No
3566,2550-AEVRU,4.2,Baixo,Pagamento por cheque eletrônico,57,One year,DSL,53.45,3053.0,Electronic check,No,Female,0,Yes,Yes
3567,6242-FEGFD,4.2,Baixo,"Internet fibra óptica, Mensalidade alta",66,Two year,Fiber optic,96.6,6424.25,Mailed check,No,Male,0,Yes,No
3568,0620-XEFWH,4.2,Baixo,"Contrato mensal, Cliente novo (≤12 meses)",4,Month-to-month,No,18.85,84.2,Mailed check,No,Male,0,Yes,Yes
3569,1222-KJNZD,4.2,Baixo,Contrato mensal,40,Month-to-month,No,20.4,745.3,Bank transfer (automatic),Yes,Male,0,Yes,Yes
3570,4403-BWPAY,4.2,Baixo,—,14,One year,No,24.8,321.7,Credit card (automatic),Yes,Male,0,No,No
3571,1038-RQOST,4.2,Baixo,Contrato mensal,19,Month-to-month,No,20.6,414.95,Mailed check,No,Male,0,Yes,Yes
3572,8169-SAEJD,4.2,Baixo,—,69,Two year,DSL,56.55,3952.65,Credit card (automatic),No,Male,1,Yes,No
3573,6872-HXFNF,4.2,Baixo,—,64,One year,DSL,58.35,3756.45,Bank transfer (automatic),No,Female,0,Yes,No
3574,7996-BPXHY,4.1,Baixo,—,13,Two year,No,25.0,332.5,Bank transfer (automatic),Yes,Female,0,Yes,Yes
3575,9225-BZLNZ,4.1,Baixo,"Pagamento por cheque eletrônico, Mensalidade alta",72,Two year,DSL,85.25,6083.1,Electronic check,Yes,Male,0,Yes,No
3576,2405-LBMUW,4.1,Baixo,—,61,One year,DSL,50.7,3088.75,Bank transfer (automatic),Yes,Female,0,Yes,Yes
3577,4877-TSOFF,4.1,Baixo,Mensalidade alta,55,One year,DSL,75.75,4264.25,Bank transfer (automatic),Yes,Female,0,Yes,Yes
3578,3174-AKMAS,4.1,Baixo,—,46,Two year,DSL,64.2,3009.5,Credit card (automatic),Yes,Female,0,Yes,No
3579,4915-BFSXL,4.1,Baixo,—,70,Two year,DSL,68.95,4858.7,Credit card (automatic),No,Male,0,Yes,Yes
3580,7356-AYNJP,4.1,Baixo,"Cliente novo (≤12 meses), Pagamento por cheque eletrônico",4,One year,No,23.9,97.5,Electronic check,No,Female,0,No,No
3581,9229-RQABD,4.1,Baixo,—,18,One year,No,23.75,424.5,Mailed check,No,Male,0,No,No
3582,1904-WAJAA,4.1,Baixo,Pagamento por cheque eletrônico,24,Two year,DSL,64.35,1558.65,Electronic check,No,Female,0,Yes,Yes
3583,1699-UOTXU,4.1,Baixo,Pagamento por cheque eletrônico,60,Two year,DSL,61.4,3638.25,Electronic check,No,Male,0,No,No
3584,2256-YLYLP,4.1,Baixo,Mensalidade alta,68,Two year,DSL,72.95,4953.25,Bank transfer (automatic),Yes,Male,0,Yes,Yes
3585,4712-UYOOI,4.1,Baixo,"Contrato mensal, Pagamento por cheque eletrônico",20,Month-to-month,No,20.0,417.65,Electronic check,No,Female,0,Yes,Yes
3586,4980-URKXC,4.1,Baixo,—,36,One year,No,20.85,720.05,Bank transfer (automatic),No,Male,0,Yes,No
3587,6013-BHCAW,4.1,Baixo,Mensalidade alta,61,Two year,DSL,81.0,4976.15,Bank transfer (automatic),Yes,Male,0,Yes,Yes
3588,6551-ZCOTS,4.1,Baixo,—,33,One year,No,24.9,847.8,Bank transfer (automatic),Yes,Male,1,No,No
3589,5944-UGLLK,4.1,Baixo,—,53,One year,DSL,54.9,3045.75,Credit card (automatic),No,Male,0,No,No
3590,6625-IUTTT,4.1,Baixo,—,67,Two year,DSL,65.55,4361.55,Bank transfer (automatic),No,Male,0,No,No
3591,3050-RLLXC,4.1,Baixo,Mensalidade alta,56,Two year,DSL,81.25,4620.4,Credit card (automatic),No,Female,0,Yes,Yes
3592,0020-JDNXP,4.0,Baixo,—,34,One year,DSL,61.25,1993.2,Mailed check,No,Female,0,Yes,Yes
3593,9795-SHUHB,4.0,Baixo,—,66,Two year,DSL,58.2,3810.8,Credit card (automatic),Yes,Female,0,Yes,Yes
3594,5781-RFZRP,4.0,Baixo,Mensalidade alta,71,Two year,DSL,73.5,5357.75,Credit card (automatic),No,Male,0,Yes,No
3595,8975-SKGRX,4.0,Baixo,"Internet fibra óptica, Mensalidade alta",71,Two year,Fiber optic,116.1,8310.55,Bank transfer (automatic),Yes,Male,0,Yes,No
3596,3134-DSHVC,4.0,Baixo,"Internet fibra óptica, Mensalidade alta",63,Two year,Fiber optic,98.0,6218.45,Credit card (automatic),No,Female,0,No,No
3597,2969-VAPYH,4.0,Baixo,—,67,One year,DSL,60.5,3870.0,Credit card (automatic),No,Female,0,No,No
3598,2612-PHGOX,4.0,Baixo,Mensalidade alta,64,Two year,DSL,76.1,4818.8,Bank transfer (automatic),Yes,Male,0,Yes,No
3599,6598-KELSS,4.0,Baixo,—,50,One year,DSL,43.05,2208.05,Bank transfer (automatic),Yes,Male,0,No,Yes
3600,8205-VSLRB,4.0,Baixo,Mensalidade alta,70,Two year,DSL,77.3,5498.2,Credit card (automatic),No,Male,0,Yes,No
3601,8819-WFGGJ,4.0,Baixo,—,68,Two year,DSL,54.1,3794.5,Bank transfer (automatic),Yes,Male,0,Yes,No
3602,8144-DGHXP,4.0,Baixo,"Pagamento por cheque eletrônico, Mensalidade alta",54,Two year,DSL,80.6,4299.95,Electronic check,No,Female,0,No,No
3603,2205-LPVGL,4.0,Baixo,"Internet fibra óptica, Mensalidade alta",58,One year,Fiber optic,89.85,5125.75,Bank transfer (automatic),Yes,Male,1,Yes,Yes
3604,4393-OBCRR,4.0,Baixo,Cliente novo (≤12 meses),3,One year,No,20.25,71.2,Mailed check,No,Female,0,No,No
3605,9750-BOOHV,4.0,Baixo,—,32,One year,DSL,30.15,927.65,Mailed check,No,Female,0,No,No
3606,1744-JHKYS,4.0,Baixo,"Contrato mensal, Pagamento por cheque eletrônico",34,Month-to-month,No,24.7,780.2,Electronic check,No,Female,0,Yes,No
3607,6504-VBLFL,4.0,Baixo,Pagamento por cheque eletrônico,55,Two year,DSL,58.6,3068.6,Electronic check,No,Male,0,Yes,No
3608,6427-FEFIG,4.0,Baixo,Mensalidade alta,24,Two year,DSL,78.6,1846.65,Credit card (automatic),No,Female,0,Yes,Yes
3609,2995-YWTCD,4.0,Baixo,—,19,Two year,No,24.9,467.7,Bank transfer (automatic),Yes,Female,0,Yes,Yes
3610,4526-RMTLL,4.0,Baixo,"Cliente novo (≤12 meses), Mensalidade alta",8,Two year,DSL,76.15,645.8,Credit card (automatic),Yes,Male,0,Yes,Yes
3611,6674-KVJHG,4.0,Baixo,"Cliente novo (≤12 meses), Pagamento por cheque eletrônico",11,One year,No,25.2,245.15,Electronic check,No,Female,0,No,No
3612,0254-FNMCI,4.0,Baixo,"Internet fibra óptica, Pagamento por cheque eletrônico, Mensalidade alta",72,Two year,Fiber optic,109.9,7624.2,Electronic check,Yes,Female,0,No,No
3613,2245-ADZFJ,4.0,Baixo,Mensalidade alta,31,Two year,DSL,80.55,2471.6,Bank transfer (automatic),No,Female,0,Yes,Yes
3614,7284-ZZLOH,4.0,Baixo,—,45,Two year,DSL,53.3,2296.25,Credit card (automatic),No,Male,0,Yes,No
3615,5177-RVZNU,4.0,Baixo,—,37,One year,No,20.3,755.4,Bank transfer (automatic),No,Female,0,No,Yes
3616,5249-QYHEX,4.0,Baixo,—,40,Two year,No,24.8,1024.7,Mailed check,Yes,Female,0,Yes,Yes
3617,4648-YPBTM,4.0,Baixo,Mensalidade alta,53,Two year,DSL,73.9,3958.25,Bank transfer (automatic),Yes,Male,0,No,No
3618,7799-LGRDP,3.9,Baixo,—,43,Two year,No,25.7,1188.2,Credit card (automatic),Yes,Female,0,No,No
3619,8109-YUOHE,3.9,Baixo,—,17,One year,DSL,56.1,946.95,Mailed check,No,Male,0,No,No
3620,6870-ECSHE,3.9,Baixo,Cliente novo (≤12 meses),2,One year,No,20.45,34.8,Mailed check,No,Female,0,No,No
3621,9236-NDUCW,3.9,Baixo,—,21,Two year,DSL,35.1,770.4,Mailed check,No,Female,0,No,No
3622,0379-DJQHR,3.9,Baixo,Mensalidade alta,67,Two year,DSL,81.35,5398.6,Credit card (automatic),No,Male,0,Yes,Yes
3623,8398-TBIYD,3.9,Baixo,"Internet fibra óptica, Mensalidade alta",72,Two year,Fiber optic,84.7,6185.15,Bank transfer (automatic),Yes,Female,0,No,No
3624,0164-APGRB,3.9,Baixo,"Internet fibra óptica, Pagamento por cheque eletrônico, Mensalidade alta",72,Two year,Fiber optic,114.9,8496.7,Electronic check,Yes,Female,0,No,No
3625,9739-JLPQJ,3.9,Baixo,"Internet fibra óptica, Mensalidade alta",72,Two year,Fiber optic,117.5,8670.1,Credit card (automatic),No,Female,0,Yes,Yes
3626,3740-RLMVT,3.9,Baixo,—,67,One year,DSL,60.95,4119.4,Bank transfer (automatic),Yes,Male,1,Yes,No
3627,6114-TCFID,3.9,Baixo,—,29,One year,DSL,39.5,1082.75,Credit card (automatic),No,Female,0,No,No
3628,7029-IJEJK,3.9,Baixo,—,54,One year,DSL,44.1,2369.7,Bank transfer (automatic),No,Female,0,No,No
3629,8645-KOMJQ,3.9,Baixo,Mensalidade alta,69,Two year,DSL,81.95,5601.4,Bank transfer (automatic),Yes,Male,0,Yes,Yes
3630,2129-ALKBS,3.9,Baixo,"Contrato mensal, Pagamento por cheque eletrônico",40,Month-to-month,No,26.2,1077.5,Electronic check,Yes,Female,0,Yes,Yes
3631,8670-ERCJH,3.9,Baixo,"Internet fibra óptica, Mensalidade alta",72,Two year,Fiber optic,113.4,8164.1,Bank transfer (automatic),No,Male,0,No,No
3632,1301-LOPVR,3.9,Baixo,—,29,One year,DSL,55.35,1636.95,Credit card (automatic),Yes,Male,0,Yes,Yes
3633,2580-ATZSQ,3.9,Baixo,—,65,One year,DSL,61.35,3874.1,Bank transfer (automatic),No,Female,0,Yes,Yes
3634,2040-LDIWQ,3.9,Baixo,Mensalidade alta,65,Two year,DSL,84.2,5324.5,Bank transfer (automatic),Yes,Male,0,Yes,Yes
3635,9500-WBGRP,3.9,Baixo,—,69,Two year,No,19.1,1268.85,Mailed check,Yes,Male,0,No,No
3636,3161-ONRWK,3.9,Baixo,—,60,One year,DSL,65.85,3928.3,Bank transfer (automatic),Yes,Male,0,Yes,Yes
3637,3638-VBZTA,3.8,Baixo,Mensalidade alta,68,Two year,DSL,86.5,5882.75,Bank transfer (automatic),Yes,Male,0,No,Yes
3638,4549-ZDQYY,3.8,Baixo,—,52,One year,DSL,57.95,3042.25,Credit card (automatic),No,Female,0,No,No
3639,3870-SPZSI,3.8,Baixo,"Internet fibra óptica, Mensalidade alta",70,Two year,Fiber optic,113.05,7869.05,Credit card (automatic),Yes,Female,0,Yes,Yes
3640,4884-TVUQF,3.8,Baixo,"Internet fibra óptica, Mensalidade alta",57,Two year,Fiber optic,101.3,5779.6,Credit card (automatic),No,Female,1,No,No
3641,5499-ECUTN,3.8,Baixo,—,47,One year,DSL,66.05,3021.45,Credit card (automatic),Yes,Female,0,Yes,No
3642,8592-PLTMQ,3.8,Baixo,—,64,One year,No,24.7,1642.75,Mailed check,No,Female,0,No,No
3643,7337-CINUD,3.8,Baixo,Cliente novo (≤12 meses),8,Two year,No,19.5,159.35,Bank transfer (automatic),No,Female,0,Yes,Yes
3644,0810-DHDBD,3.8,Baixo,Mensalidade alta,52,One year,DSL,74.0,3877.65,Credit card (automatic),No,Female,0,No,No
3645,8909-BOLNL,3.8,Baixo,Cliente novo (≤12 meses),3,One year,No,21.2,52.05,Mailed check,No,Male,0,No,No
3646,2996-XAUVF,3.8,Baixo,—,70,Two year,DSL,40.05,2799.75,Mailed check,Yes,Male,0,No,No
3647,5397-NSKQG,3.8,Baixo,—,67,Two year,DSL,50.9,3281.65,Credit card (automatic),No,Male,0,Yes,Yes
3648,2498-XLDZR,3.8,Baixo,Mensalidade alta,32,Two year,DSL,73.6,2316.85,Mailed check,No,Female,0,Yes,Yes
3649,4990-ALDGW,3.8,Baixo,—,57,Two year,No,20.75,1118.8,Mailed check,No,Male,0,No,No
3650,0336-PIKEI,3.8,Baixo,Mensalidade alta,72,Two year,DSL,74.4,5360.75,Bank transfer (automatic),No,Male,1,Yes,No
3651,5917-HBSDW,3.8,Baixo,"Contrato mensal, Pagamento por cheque eletrônico",37,Month-to-month,No,19.35,683.75,Electronic check,No,Female,0,Yes,Yes
3652,1371-OJCEK,3.8,Baixo,—,48,One year,No,24.35,1133.7,Bank transfer (automatic),No,Female,0,No,No
3653,4178-EGMON,3.8,Baixo,"Internet fibra óptica, Mensalidade alta",70,Two year,Fiber optic,88.0,5986.45,Credit card (automatic),Yes,Male,0,Yes,No
3654,7340-KEFQE,3.8,Baixo,—,51,Two year,DSL,34.2,1782.0,Bank transfer (automatic),No,Female,0,Yes,Yes
3655,8191-XWSZG,3.8,Baixo,—,52,One year,No,20.65,1022.95,Mailed check,No,Female,0,No,No
3656,4560-WQAQW,3.8,Baixo,—,59,One year,DSL,68.7,4070.95,Bank transfer (automatic),No,Female,0,No,No
3657,3396-DKDEL,3.8,Baixo,"Internet fibra óptica, Mensalidade alta",70,Two year,Fiber optic,115.15,8250.0,Credit card (automatic),Yes,Female,0,Yes,Yes
3658,5781-BKHOP,3.8,Baixo,"Internet fibra óptica, Mensalidade alta",72,Two year,Fiber optic,100.65,7334.05,Bank transfer (automatic),No,Female,0,Yes,No
3659,9411-TPQQV,3.8,Baixo,—,40,One year,DSL,54.55,2236.2,Bank transfer (automatic),Yes,Female,0,No,No
3660,4803-LBYPN,3.8,Baixo,Contrato mensal,34,Month-to-month,No,20.8,635.9,Mailed check,No,Male,0,Yes,Yes
3661,4671-VJLCL,3.8,Baixo,Mensalidade alta,63,Two year,DSL,79.85,4861.45,Credit card (automatic),Yes,Female,0,No,No
3662,1697-LYYYX,3.8,Baixo,—,61,One year,No,19.1,1143.8,Credit card (automatic),No,Female,0,Yes,Yes
3663,5199-FPUSP,3.8,Baixo,—,33,One year,DSL,34.05,1113.95,Credit card (automatic),No,Male,0,No,Yes
3664,1536-YHDOE,3.8,Baixo,—,17,One year,DSL,62.1,1096.65,Mailed check,Yes,Male,0,Yes,Yes
3665,3638-WEABW,3.8,Baixo,—,58,Two year,DSL,59.9,3505.1,Credit card (automatic),Yes,Female,0,Yes,No
3666,4024-CSNBY,3.7,Baixo,"Internet fibra óptica, Mensalidade alta",72,Two year,Fiber optic,94.25,6849.75,Bank transfer (automatic),Yes,Female,0,Yes,No
3667,4994-OBRSZ,3.7,Baixo,Mensalidade alta,14,Two year,DSL,76.1,1054.8,Bank transfer (automatic),No,Male,0,No,Yes
3668,1760-CAZHT,3.7,Baixo,Contrato mensal,25,Month-to-month,No,20.8,460.2,Mailed check,No,Male,0,No,Yes
3669,6754-LZUKA,3.7,Baixo,Mensalidade alta,61,Two year,DSL,80.9,4932.5,Bank transfer (automatic),No,Male,0,Yes,No
3670,3508-CFVZL,3.7,Baixo,"Internet fibra óptica, Mensalidade alta",71,Two year,Fiber optic,111.3,7985.9,Mailed check,No,Female,0,No,No
3671,0142-GVYSN,3.7,Baixo,"Contrato mensal, Pagamento por cheque eletrônico",26,Month-to-month,No,20.3,511.25,Electronic check,Yes,Male,0,No,No
3672,2984-TBYKU,3.7,Baixo,"Internet fibra óptica, Mensalidade alta",72,Two year,Fiber optic,104.9,7732.65,Credit card (automatic),Yes,Male,0,Yes,Yes
3673,9046-JBFWA,3.7,Baixo,Contrato mensal,27,Month-to-month,No,19.15,537.35,Mailed check,No,Male,0,No,Yes
3674,8630-QSGXK,3.7,Baixo,Mensalidade alta,51,Two year,DSL,75.2,3901.25,Bank transfer (automatic),Yes,Male,0,Yes,No
3675,3750-YHRYO,3.7,Baixo,Cliente novo (≤12 meses),7,One year,No,20.65,150.0,Mailed check,No,Male,0,Yes,Yes
3676,6980-CDGFC,3.7,Baixo,—,67,One year,No,20.85,1327.4,Bank transfer (automatic),Yes,Female,0,Yes,No
3677,1043-UXOVO,3.7,Baixo,"Internet fibra óptica, Mensalidade alta",71,Two year,Fiber optic,113.15,7993.3,Credit card (automatic),Yes,Female,0,No,No
3678,1389-WNUIB,3.7,Baixo,Mensalidade alta,20,One year,DSL,76.0,1588.75,Bank transfer (automatic),No,Female,0,Yes,Yes
3679,3230-JCNZS,3.6,Baixo,"Internet fibra óptica, Mensalidade alta",71,Two year,Fiber optic,99.0,7061.65,Credit card (automatic),Yes,Female,0,Yes,Yes
3680,4808-YNLEU,3.6,Baixo,—,35,One year,DSL,62.15,2215.45,Bank transfer (automatic),Yes,Female,0,Yes,No
3681,5312-TSZVC,3.6,Baixo,—,15,One year,No,19.65,270.6,Mailed check,No,Female,0,No,Yes
3682,2521-NPUZR,3.6,Baixo,"Internet fibra óptica, Mensalidade alta",70,Two year,Fiber optic,101.0,7085.5,Credit card (automatic),No,Male,0,Yes,No
3683,5751-USDBL,3.6,Baixo,Mensalidade alta,46,Two year,DSL,81.0,3846.35,Mailed check,No,Male,0,Yes,Yes
3684,1265-BCFEO,3.6,Baixo,Mensalidade alta,71,Two year,DSL,80.45,5662.25,Bank transfer (automatic),Yes,Female,0,Yes,No
3685,1841-YSJGV,3.6,Baixo,"Internet fibra óptica, Mensalidade alta",72,Two year,Fiber optic,109.95,7852.4,Credit card (automatic),Yes,Male,0,Yes,No
3686,3401-URHDA,3.6,Baixo,—,51,One year,DSL,59.9,3043.6,Credit card (automatic),No,Male,0,No,No
3687,1206-EHBDD,3.6,Baixo,"Internet fibra óptica, Mensalidade alta",56,Two year,Fiber optic,80.3,4513.65,Bank transfer (automatic),No,Female,0,Yes,No
3688,3378-AJRAO,3.6,Baixo,Pagamento por cheque eletrônico,44,One year,No,24.85,1013.6,Electronic check,No,Male,0,Yes,Yes
3689,4188-PCPIG,3.6,Baixo,Mensalidade alta,57,Two year,DSL,70.35,4124.65,Credit card (automatic),Yes,Female,0,Yes,No
3690,3482-ABPKK,3.6,Baixo,—,28,One year,DSL,54.3,1546.3,Mailed check,No,Female,0,No,No
3691,5753-QQWPW,3.6,Baixo,Pagamento por cheque eletrônico,28,One year,DSL,59.9,1654.7,Electronic check,Yes,Female,0,No,No
3692,2662-NNTDK,3.6,Baixo,—,65,One year,No,24.8,1600.95,Credit card (automatic),No,Male,0,No,No
3693,6723-CEGQI,3.6,Baixo,—,65,Two year,DSL,45.25,2933.95,Mailed check,No,Female,0,No,Yes
3694,4213-HKBJO,3.6,Baixo,—,33,Two year,No,25.7,826.1,Credit card (automatic),No,Female,0,No,No
3695,2676-SSLTO,3.6,Baixo,—,49,Two year,DSL,66.15,3199.0,Bank transfer (automatic),Yes,Male,0,No,No
3696,2933-XEUJM,3.6,Baixo,Mensalidade alta,46,Two year,DSL,79.2,3593.8,Mailed check,No,Female,0,No,No
3697,8292-FRFZQ,3.6,Baixo,—,39,One year,DSL,41.15,1700.9,Bank transfer (automatic),No,Female,0,No,No
3698,8050-XGRVL,3.6,Baixo,—,62,One year,DSL,54.75,3425.35,Credit card (automatic),No,Female,0,Yes,Yes
3699,5575-GNVDE,3.6,Baixo,—,34,One year,DSL,56.95,1889.5,Mailed check,No,Male,0,No,No
3700,8777-PVYGU,3.6,Baixo,—,52,One year,DSL,64.3,3410.6,Mailed check,Yes,Female,0,Yes,No
3701,9560-BBZXK,3.6,Baixo,—,36,Two year,DSL,31.05,1126.35,Bank transfer (automatic),No,Female,0,No,No
3702,4837-PZTIC,3.6,Baixo,—,47,Two year,DSL,41.9,1875.25,Mailed check,No,Female,0,No,No
3703,9968-FFVVH,3.6,Baixo,—,63,One year,DSL,68.8,4111.35,Bank transfer (automatic),No,Male,0,No,No
3704,4114-QMKVN,3.6,Baixo,—,56,One year,DSL,68.75,3815.4,Bank transfer (automatic),No,Female,0,Yes,Yes
3705,9477-LGWQI,3.5,Baixo,Mensalidade alta,70,Two year,DSL,80.15,5600.15,Credit card (automatic),Yes,Male,0,Yes,Yes
3706,3423-HHXAO,3.5,Baixo,—,14,One year,No,19.5,272.0,Mailed check,Yes,Female,0,Yes,Yes
3707,5961-VUSRV,3.5,Baixo,Cliente novo (≤12 meses),12,One year,No,19.35,219.35,Bank transfer (automatic),Yes,Female,0,No,No
3708,9150-HEPMB,3.5,Baixo,—,56,One year,DSL,52.7,3019.7,Mailed check,No,Male,0,No,No
3709,3239-TPHPZ,3.5,Baixo,"Cliente novo (≤12 meses), Pagamento por cheque eletrônico",12,Two year,No,20.05,264.55,Electronic check,Yes,Female,0,Yes,No
3710,9470-YFUYI,3.5,Baixo,Mensalidade alta,71,One year,DSL,71.0,5012.1,Bank transfer (automatic),Yes,Male,1,Yes,No
3711,7622-FWGEW,3.5,Baixo,Mensalidade alta,56,Two year,DSL,85.65,4824.45,Bank transfer (automatic),Yes,Male,1,Yes,No
3712,0334-ZFJSR,3.5,Baixo,—,55,One year,DSL,66.05,3462.1,Credit card (automatic),Yes,Female,0,Yes,No
3713,5736-YEJAX,3.5,Baixo,Mensalidade alta,69,Two year,DSL,79.45,5502.55,Credit card (automatic),Yes,Male,0,No,Yes
3714,7779-ORAEL,3.5,Baixo,Mensalidade alta,45,Two year,DSL,75.15,3480.35,Credit card (automatic),No,Male,1,Yes,No
3715,9871-ELEYA,3.5,Baixo,—,34,Two year,DSL,67.65,2339.3,Credit card (automatic),No,Female,0,No,Yes
3716,7032-LMBHI,3.5,Baixo,—,37,One year,DSL,64.65,2347.85,Bank transfer (automatic),No,Female,0,No,No
3717,7644-OMVMY,3.5,Baixo,Cliente novo (≤12 meses),0,Two year,No,19.85,0.0,Mailed check,No,Male,0,Yes,Yes
3718,8590-YFFQO,3.5,Baixo,—,70,Two year,DSL,64.95,4523.25,Credit card (automatic),No,Male,0,Yes,No
3719,9715-SBVSU,3.5,Baixo,—,14,Two year,DSL,61.4,815.55,Bank transfer (automatic),Yes,Male,0,Yes,Yes
3720,2673-ZALNP,3.5,Baixo,Cliente novo (≤12 meses),7,One year,No,19.9,173.15,Mailed check,No,Female,0,No,No
3721,3200-MNQTF,3.5,Baixo,Mensalidade alta,67,Two year,DSL,70.9,4677.1,Credit card (automatic),No,Male,0,Yes,No
3722,5993-JSUWV,3.5,Baixo,—,66,Two year,DSL,61.15,4017.45,Bank transfer (automatic),Yes,Female,0,No,No
3723,4521-WFJAI,3.5,Baixo,—,56,Two year,No,25.95,1444.05,Bank transfer (automatic),Yes,Male,0,No,No
3724,9541-PWTWO,3.5,Baixo,Mensalidade alta,52,Two year,DSL,80.95,4233.95,Bank transfer (automatic),Yes,Female,0,No,No
3725,9575-IWCAZ,3.5,Baixo,Cliente novo (≤12 meses),6,One year,No,25.1,171.0,Mailed check,No,Male,0,Yes,No
3726,4295-YURET,3.5,Baixo,Mensalidade alta,56,Two year,DSL,72.6,4084.35,Credit card (automatic),Yes,Female,1,Yes,Yes
3727,6119-SPUDB,3.5,Baixo,—,46,Two year,DSL,38.25,1755.35,Mailed check,No,Male,0,No,No
3728,4451-RWASJ,3.4,Baixo,—,15,One year,No,19.5,239.75,Mailed check,Yes,Male,0,Yes,Yes
3729,3655-SNQYZ,3.4,Baixo,"Internet fibra óptica, Mensalidade alta",69,Two year,Fiber optic,113.25,7895.15,Credit card (automatic),No,Female,0,Yes,Yes
3730,2703-AMTUL,3.4,Baixo,—,36,One year,DSL,53.65,1939.35,Mailed check,No,Male,0,Yes,Yes
3731,9150-KPBJQ,3.4,Baixo,Cliente novo (≤12 meses),6,Two year,No,19.65,116.85,Credit card (automatic),No,Female,0,No,No
3732,7921-BEPCI,3.4,Baixo,—,72,Two year,DSL,59.75,4265.0,Bank transfer (automatic),No,Female,0,No,No
3733,7564-GHCVB,3.4,Baixo,"Internet fibra óptica, Mensalidade alta",72,Two year,Fiber optic,79.05,5730.7,Bank transfer (automatic),No,Female,0,Yes,Yes
3734,5792-JALQC,3.4,Baixo,—,52,Two year,DSL,59.85,3103.25,Bank transfer (automatic),No,Female,1,No,No
3735,6007-TCTST,3.4,Baixo,"Internet fibra óptica, Mensalidade alta",72,Two year,Fiber optic,115.8,8476.5,Bank transfer (automatic),Yes,Female,0,Yes,Yes
3736,1488-PBLJN,3.4,Baixo,"Internet fibra óptica, Mensalidade alta",72,Two year,Fiber optic,116.85,8477.7,Bank transfer (automatic),Yes,Female,0,Yes,Yes
3737,1352-HNSAW,3.4,Baixo,"Internet fibra óptica, Mensalidade alta",72,Two year,Fiber optic,115.6,8220.4,Bank transfer (automatic),Yes,Female,0,Yes,Yes
3738,0420-TXVSG,3.4,Baixo,—,66,Two year,DSL,66.1,4428.45,Credit card (automatic),Yes,Male,0,Yes,No
3739,7353-YOWFP,3.4,Baixo,Cliente novo (≤12 meses),7,One year,No,20.25,129.15,Mailed check,No,Female,0,No,No
3740,1430-SFQSA,3.4,Baixo,—,29,One year,DSL,35.6,1072.6,Mailed check,No,Male,0,No,No
3741,4342-HFXWS,3.4,Baixo,—,48,One year,DSL,69.7,3023.65,Bank transfer (automatic),No,Female,0,Yes,Yes
3742,7860-KSUGX,3.4,Baixo,—,72,Two year,DSL,64.45,4720.0,Credit card (automatic),No,Male,0,Yes,Yes
3743,8015-IHCGW,3.4,Baixo,"Internet fibra óptica, Pagamento por cheque eletrônico, Mensalidade alta",72,Two year,Fiber optic,115.5,8425.15,Electronic check,Yes,Female,0,Yes,Yes
3744,3389-KTRXV,3.4,Baixo,—,23,Two year,No,23.85,625.65,Mailed check,No,Female,0,Yes,Yes
3745,2649-HWLYB,3.4,Baixo,Mensalidade alta,65,Two year,DSL,76.15,4929.55,Bank transfer (automatic),No,Male,0,Yes,No
3746,2332-TODQS,3.4,Baixo,—,48,One year,No,25.05,1171.5,Credit card (automatic),No,Female,0,No,No
3747,1431-AIDJQ,3.4,Baixo,Mensalidade alta,33,Two year,DSL,82.1,2603.1,Credit card (automatic),No,Male,0,Yes,Yes
3748,9717-IOAAF,3.4,Baixo,—,27,Two year,No,25.85,788.55,Credit card (automatic),Yes,Male,0,No,Yes
3749,1716-LSAMB,3.4,Baixo,—,45,Two year,DSL,54.65,2553.7,Bank transfer (automatic),No,Male,0,Yes,Yes
3750,7054-DMVAS,3.4,Baixo,—,54,Two year,DSL,65.3,3512.9,Bank transfer (automatic),Yes,Male,0,No,No
3751,4115-BNPJY,3.4,Baixo,Mensalidade alta,29,Two year,DSL,75.55,2054.4,Mailed check,No,Male,0,Yes,Yes
3752,7399-QHBJS,3.4,Baixo,—,72,Two year,DSL,66.75,4760.3,Credit card (automatic),No,Female,0,Yes,Yes
3753,8075-GXIUB,3.4,Baixo,Cliente novo (≤12 meses),9,One year,No,19.85,183.15,Credit card (automatic),No,Male,1,Yes,No
3754,8332-OSJDW,3.4,Baixo,Cliente novo (≤12 meses),12,One year,No,26.4,314.95,Mailed check,No,Male,0,Yes,Yes
3755,8029-XYPWT,3.4,Baixo,"Internet fibra óptica, Mensalidade alta",71,Two year,Fiber optic,115.05,8016.6,Bank transfer (automatic),Yes,Male,1,Yes,No
3756,6174-NRBTZ,3.3,Baixo,—,46,One year,DSL,30.75,1489.3,Bank transfer (automatic),Yes,Male,0,No,No
3757,0017-DINOC,3.3,Baixo,—,54,Two year,DSL,45.2,2460.55,Credit card (automatic),No,Male,0,No,No
3758,2277-AXSDC,3.3,Baixo,—,32,One year,No,19.75,624.15,Bank transfer (automatic),No,Female,0,No,No
3759,3133-PZNSR,3.3,Baixo,"Internet fibra óptica, Mensalidade alta",72,Two year,Fiber optic,97.75,6991.6,Credit card (automatic),Yes,Male,0,Yes,Yes
3760,6698-OXETB,3.3,Baixo,Cliente novo (≤12 meses),11,Two year,No,20.4,231.45,Mailed check,No,Male,0,No,No
3761,2987-BJXIK,3.3,Baixo,Mensalidade alta,70,Two year,DSL,84.7,5991.05,Mailed check,No,Female,0,No,No
3762,2809-ILCYT,3.3,Baixo,—,25,One year,No,26.8,733.55,Mailed check,Yes,Female,0,Yes,No
3763,5985-TBABQ,3.3,Baixo,Mensalidade alta,32,One year,DSL,74.75,2282.95,Mailed check,No,Female,0,No,No
3764,9498-FIMXL,3.3,Baixo,Cliente novo (≤12 meses),8,One year,No,19.2,161.95,Mailed check,Yes,Female,0,No,No
3765,9068-VPWQQ,3.3,Baixo,Mensalidade alta,61,Two year,DSL,75.35,4729.3,Credit card (automatic),No,Male,0,Yes,No
3766,5127-BZENZ,3.3,Baixo,—,56,One year,DSL,65.2,3512.15,Bank transfer (automatic),No,Female,0,Yes,Yes
3767,0277-ORXQS,3.3,Baixo,—,66,Two year,DSL,50.55,3364.55,Bank transfer (automatic),No,Male,0,Yes,Yes
3768,5394-MEITZ,3.3,Baixo,Mensalidade alta,60,Two year,DSL,80.6,4946.7,Bank transfer (automatic),Yes,Female,0,Yes,Yes
3769,2606-PKWJB,3.3,Baixo,—,40,One year,DSL,40.25,1564.05,Mailed check,No,Male,0,No,Yes
3770,7706-YLMQA,3.3,Baixo,—,70,One year,No,19.7,1341.5,Bank transfer (automatic),No,Female,0,No,No
3771,5227-JSCFE,3.3,Baixo,—,71,Two year,DSL,46.35,3353.4,Credit card (automatic),No,Male,1,Yes,No
3772,0323-XWWTN,3.3,Baixo,Cliente novo (≤12 meses),3,Two year,No,26.4,121.25,Mailed check,Yes,Male,0,No,Yes
3773,9541-ZPSEA,3.3,Baixo,"Internet fibra óptica, Mensalidade alta",68,Two year,Fiber optic,80.35,5375.15,Credit card (automatic),No,Male,0,Yes,Yes
3774,5619-XZZKR,3.3,Baixo,Cliente novo (≤12 meses),4,One year,No,19.95,68.2,Mailed check,No,Male,0,No,No
3775,3410-YOQBQ,3.3,Baixo,Mensalidade alta,31,Two year,DSL,79.2,2497.2,Mailed check,No,Female,0,No,No
3776,7137-NAXML,3.3,Baixo,—,23,One year,No,20.15,405.6,Bank transfer (automatic),No,Male,0,No,No
3777,2223-GDSHL,3.3,Baixo,"Internet fibra óptica, Mensalidade alta",71,Two year,Fiber optic,116.05,8297.5,Bank transfer (automatic),Yes,Male,0,Yes,Yes
3778,5057-RKGLH,3.3,Baixo,Cliente novo (≤12 meses),9,Two year,No,20.35,191.1,Mailed check,No,Female,0,Yes,Yes
3779,7665-NKLAV,3.3,Baixo,—,36,Two year,DSL,40.65,1547.35,Credit card (automatic),No,Female,0,Yes,Yes
3780,0064-SUDOG,3.3,Baixo,Cliente novo (≤12 meses),12,Two year,No,20.3,224.5,Bank transfer (automatic),No,Female,0,Yes,Yes
3781,3580-HYCSP,3.3,Baixo,"Internet fibra óptica, Mensalidade alta",72,Two year,Fiber optic,110.3,7966.9,Bank transfer (automatic),Yes,Male,0,Yes,Yes
3782,5129-HHMZC,3.3,Baixo,Mensalidade alta,43,Two year,DSL,86.45,3574.5,Credit card (automatic),No,Female,0,Yes,No
3783,4116-IQRFR,3.3,Baixo,Cliente novo (≤12 meses),4,One year,No,24.1,73.1,Credit card (automatic),No,Male,0,Yes,Yes
3784,3489-VSFRD,3.3,Baixo,—,56,One year,DSL,60.25,3282.75,Credit card (automatic),Yes,Female,0,No,No
3785,3533-UVMOM,3.2,Baixo,Mensalidade alta,68,Two year,DSL,70.95,4741.45,Bank transfer (automatic),No,Male,0,Yes,No
3786,6229-UOLQL,3.2,Baixo,—,56,One year,DSL,52.0,2884.9,Mailed check,Yes,Male,0,Yes,Yes
3787,0013-SMEOE,3.2,Baixo,"Internet fibra óptica, Mensalidade alta",71,Two year,Fiber optic,109.7,7904.25,Bank transfer (automatic),Yes,Female,1,Yes,No
3788,3500-NSDOA,3.2,Baixo,Mensalidade alta,68,Two year,DSL,70.8,4859.95,Credit card (automatic),No,Male,0,Yes,Yes
3789,5777-ZPQNC,3.2,Baixo,"Cliente novo (≤12 meses), Pagamento por cheque eletrônico",12,One year,No,20.15,260.7,Electronic check,No,Female,0,No,No
3790,3219-JQRSL,3.2,Baixo,Mensalidade alta,72,Two year,DSL,89.1,6352.4,Credit card (automatic),No,Female,1,Yes,No
3791,6169-PGNCD,3.2,Baixo,Mensalidade alta,57,Two year,DSL,74.3,4166.35,Credit card (automatic),Yes,Female,0,No,No
3792,1680-VDCWW,3.2,Baixo,Cliente novo (≤12 meses),12,One year,No,19.8,202.25,Bank transfer (automatic),No,Male,0,Yes,No
3793,7501-IWUNG,3.2,Baixo,Mensalidade alta,61,Two year,DSL,73.8,4616.05,Bank transfer (automatic),Yes,Female,0,Yes,Yes
3794,0221-NAUXK,3.2,Baixo,Cliente novo (≤12 meses),10,One year,No,19.95,219.5,Bank transfer (automatic),Yes,Male,0,No,Yes
3795,2335-GSODA,3.2,Baixo,—,23,Two year,DSL,40.1,857.75,Mailed check,No,Male,0,No,Yes
3796,3812-LRZIR,3.2,Baixo,Pagamento por cheque eletrônico,27,Two year,No,24.5,761.95,Electronic check,No,Female,0,Yes,Yes
3797,8430-TWCBX,3.2,Baixo,—,49,One year,No,20.7,1032.05,Credit card (automatic),No,Female,0,Yes,No
3798,8316-BBQAY,3.2,Baixo,—,65,Two year,DSL,59.95,3921.1,Credit card (automatic),No,Female,0,No,No
3799,7244-QWYHG,3.2,Baixo,—,50,One year,DSL,44.45,2188.45,Bank transfer (automatic),Yes,Male,0,Yes,No
3800,9481-WHGWY,3.2,Baixo,Mensalidade alta,70,Two year,DSL,75.35,5437.75,Credit card (automatic),No,Female,0,Yes,Yes
3801,8374-UULRV,3.2,Baixo,Mensalidade alta,72,Two year,DSL,86.05,6309.65,Credit card (automatic),No,Male,0,No,No
3802,4393-GEADV,3.2,Baixo,"Internet fibra óptica, Mensalidade alta",70,Two year,Fiber optic,114.75,7842.3,Credit card (automatic),No,Male,0,Yes,Yes
3803,6904-JLBGY,3.2,Baixo,"Internet fibra óptica, Mensalidade alta",72,Two year,Fiber optic,117.35,8436.25,Credit card (automatic),Yes,Female,1,No,No
3804,4664-NJCMS,3.2,Baixo,—,33,Two year,DSL,59.55,2016.3,Bank transfer (automatic),No,Female,0,Yes,No
3805,2589-AYCRP,3.2,Baixo,—,50,One year,No,19.75,989.05,Bank transfer (automatic),No,Female,0,No,No
3806,7758-UJWYS,3.2,Baixo,Pagamento por cheque eletrônico,34,Two year,DSL,40.55,1325.85,Electronic check,Yes,Male,0,Yes,Yes
3807,5893-PYOLZ,3.2,Baixo,Mensalidade alta,56,Two year,DSL,81.8,4534.45,Credit card (automatic),Yes,Male,0,No,No
3808,5762-TJXGK,3.1,Baixo,—,52,Two year,DSL,58.75,3038.55,Bank transfer (automatic),Yes,Female,0,No,No
3809,6963-EZQEE,3.1,Baixo,Mensalidade alta,70,Two year,DSL,88.55,6306.5,Credit card (automatic),Yes,Male,1,Yes,No
3810,1821-BUCWY,3.1,Baixo,—,30,Two year,DSL,55.65,1653.85,Mailed check,Yes,Male,0,No,No
3811,0459-SPZHJ,3.1,Baixo,Mensalidade alta,63,Two year,DSL,83.5,5435.0,Credit card (automatic),No,Male,0,Yes,Yes
3812,8573-JGCZW,3.1,Baixo,—,17,One year,No,19.65,351.55,Bank transfer (automatic),Yes,Male,0,No,No
3813,5676-CFLYY,3.1,Baixo,Mensalidade alta,71,Two year,DSL,73.35,5154.5,Credit card (automatic),Yes,Male,0,Yes,Yes
3814,7609-YBPXG,3.1,Baixo,Mensalidade alta,54,Two year,DSL,87.1,4735.2,Bank transfer (automatic),No,Male,0,No,No
3815,5173-ZXXXL,3.1,Baixo,Cliente novo (≤12 meses),2,One year,No,19.95,47.7,Mailed check,No,Male,0,No,No
3816,3021-VLNRJ,3.1,Baixo,Mensalidade alta,50,One year,DSL,70.8,3478.15,Credit card (automatic),Yes,Female,0,No,Yes
3817,9442-JTWDL,3.1,Baixo,Cliente novo (≤12 meses),11,One year,No,20.05,237.7,Credit card (automatic),No,Female,0,No,No
3818,4335-UPJSI,3.1,Baixo,—,24,Two year,No,19.75,498.1,Mailed check,No,Female,0,No,Yes
3819,8336-TAVKX,3.1,Baixo,Mensalidade alta,72,Two year,DSL,78.45,5682.25,Bank transfer (automatic),No,Female,1,Yes,No
3820,2824-DXNKN,3.1,Baixo,Mensalidade alta,72,Two year,DSL,71.45,5025.85,Bank transfer (automatic),Yes,Female,0,Yes,Yes
3821,0121-SNYRK,3.1,Baixo,—,50,One year,DSL,35.4,1748.9,Mailed check,Yes,Male,0,No,No
3822,8345-MVDYC,3.1,Baixo,Mensalidade alta,45,Two year,DSL,81.65,3618.7,Bank transfer (automatic),No,Female,0,No,No
3823,0657-DOGUM,3.1,Baixo,—,48,One year,DSL,60.6,2985.25,Bank transfer (automatic),Yes,Female,0,Yes,No
3824,2380-DAMQP,3.1,Baixo,"Internet fibra óptica, Pagamento por cheque eletrônico, Mensalidade alta",72,Two year,Fiber optic,115.15,8349.7,Electronic check,No,Female,0,Yes,No
3825,9127-FHJBZ,3.1,Baixo,"Internet fibra óptica, Pagamento por cheque eletrônico, Mensalidade alta",72,Two year,Fiber optic,114.0,8093.15,Electronic check,Yes,Male,0,Yes,Yes
3826,6166-YIPFO,3.1,Baixo,Pagamento por cheque eletrônico,72,Two year,DSL,64.7,4746.05,Electronic check,Yes,Male,0,Yes,No
3827,8414-OOEEL,3.1,Baixo,Mensalidade alta,66,Two year,DSL,79.5,5196.1,Credit card (automatic),Yes,Male,0,No,Yes
3828,3429-IFLEM,3.1,Baixo,Mensalidade alta,71,Two year,DSL,77.35,5550.1,Credit card (automatic),No,Female,0,No,No
3829,3841-NFECX,3.1,Baixo,"Internet fibra óptica, Mensalidade alta",71,Two year,Fiber optic,96.35,6766.95,Credit card (automatic),Yes,Female,1,Yes,No
3830,9507-HSMMZ,3.1,Baixo,—,54,Two year,No,20.0,1149.65,Mailed check,No,Male,0,No,No
3831,5918-VUKWP,3.1,Baixo,—,32,One year,No,20.55,654.55,Bank transfer (automatic),No,Female,0,No,No
3832,6288-CHQJB,3.1,Baixo,—,54,Two year,DSL,69.95,3871.85,Bank transfer (automatic),No,Female,0,Yes,Yes
3833,8631-XVRZL,3.1,Baixo,Cliente novo (≤12 meses),9,One year,No,20.15,163.7,Mailed check,Yes,Male,0,No,No
3834,5232-NXPAY,3.0,Baixo,Mensalidade alta,47,Two year,DSL,74.45,3510.3,Mailed check,No,Female,0,No,No
3835,5322-TEUJK,3.0,Baixo,"Internet fibra óptica, Mensalidade alta",71,Two year,Fiber optic,114.6,8100.25,Bank transfer (automatic),No,Female,0,Yes,Yes
3836,7173-TETGO,3.0,Baixo,"Internet fibra óptica, Mensalidade alta",72,Two year,Fiber optic,78.5,5602.25,Bank transfer (automatic),No,Female,1,Yes,No
3837,5010-IPEAQ,3.0,Baixo,—,67,Two year,DSL,54.2,3623.95,Credit card (automatic),No,Female,0,Yes,Yes
3838,8859-AXJZP,3.0,Baixo,—,39,Two year,No,23.8,903.8,Mailed check,Yes,Male,0,Yes,Yes
3839,9027-TMATR,3.0,Baixo,"Pagamento por cheque eletrônico, Mensalidade alta",43,Two year,DSL,78.8,3460.3,Electronic check,Yes,Female,0,Yes,No
3840,4676-WLUHT,3.0,Baixo,—,54,Two year,DSL,46.2,2431.95,Bank transfer (automatic),No,Male,0,No,No
3841,1179-INLAT,3.0,Baixo,Cliente novo (≤12 meses),3,One year,No,19.45,69.25,Mailed check,Yes,Male,0,No,No
3842,3810-DVDQQ,3.0,Baixo,"Internet fibra óptica, Mensalidade alta",72,Two year,Fiber optic,117.6,8308.9,Bank transfer (automatic),Yes,Female,0,Yes,Yes
3843,7663-YJHSN,3.0,Baixo,"Internet fibra óptica, Mensalidade alta",72,Two year,Fiber optic,103.95,7556.9,Bank transfer (automatic),Yes,Female,0,Yes,No
3844,4737-HOBAX,3.0,Baixo,Mensalidade alta,63,Two year,DSL,79.8,5034.05,Credit card (automatic),No,Male,0,Yes,No
3845,5125-CNDSP,3.0,Baixo,—,63,One year,DSL,40.6,2588.95,Bank transfer (automatic),Yes,Male,0,No,Yes
3846,5696-JVVQY,3.0,Baixo,Mensalidade alta,48,Two year,DSL,70.1,3238.4,Credit card (automatic),Yes,Female,0,Yes,Yes
3847,7435-ZNUYY,3.0,Baixo,Cliente novo (≤12 meses),6,One year,No,20.6,116.6,Mailed check,No,Male,0,No,No
3848,7349-ALMUX,3.0,Baixo,—,37,Two year,DSL,65.6,2313.8,Bank transfer (automatic),No,Male,0,No,No
3849,3649-JPUGY,3.0,Baixo,Mensalidade alta,72,Two year,DSL,88.6,6201.95,Bank transfer (automatic),Yes,Male,0,No,No
3850,9084-OAYKL,3.0,Baixo,—,58,Two year,No,20.8,1212.25,Mailed check,No,Male,0,No,No
3851,8314-HTWVE,3.0,Baixo,Cliente novo (≤12 meses),7,Two year,No,19.85,144.15,Mailed check,No,Female,0,Yes,Yes
3852,8084-OIVBS,3.0,Baixo,Cliente novo (≤12 meses),11,One year,No,20.0,211.95,Mailed check,No,Female,0,No,No
3853,2675-IJRGJ,2.9,Baixo,—,53,Two year,No,19.65,978.0,Bank transfer (automatic),No,Male,0,No,No
3854,3669-WHAFY,2.9,Baixo,"Internet fibra óptica, Mensalidade alta",71,Two year,Fiber optic,115.15,8078.1,Credit card (automatic),Yes,Female,0,Yes,No
3855,2229-DPMBI,2.9,Baixo,Cliente novo (≤12 meses),8,Two year,No,19.5,162.15,Mailed check,No,Female,0,Yes,Yes
3856,7860-UXCRM,2.9,Baixo,Mensalidade alta,63,Two year,DSL,74.5,4674.55,Credit card (automatic),No,Male,0,Yes,Yes
3857,7325-ENZFI,2.9,Baixo,—,39,One year,DSL,40.3,1630.4,Bank transfer (automatic),Yes,Female,0,No,No
3858,1429-UYJSV,2.9,Baixo,Cliente novo (≤12 meses),12,One year,No,19.7,260.9,Mailed check,No,Female,0,No,No
3859,3976-HXHCE,2.9,Baixo,—,72,Two year,No,19.3,1414.8,Bank transfer (automatic),No,Male,0,No,No
3860,3646-ITDGM,2.9,Baixo,—,56,Two year,No,19.7,1051.9,Bank transfer (automatic),No,Female,0,No,No
3861,7401-JIXNM,2.9,Baixo,Mensalidade alta,54,Two year,DSL,91.3,4965.0,Credit card (automatic),No,Female,0,Yes,Yes
3862,6810-VCAEX,2.9,Baixo,—,47,One year,DSL,39.65,1798.65,Credit card (automatic),No,Female,0,No,No
3863,7322-OCWHC,2.9,Baixo,"Internet fibra óptica, Mensalidade alta",72,Two year,Fiber optic,93.05,6735.05,Bank transfer (automatic),Yes,Male,1,Yes,No
3864,9814-AOUDH,2.9,Baixo,—,53,Two year,No,19.5,1050.5,Credit card (automatic),No,Male,0,No,No
3865,5995-LFTLE,2.9,Baixo,—,58,Two year,No,25.3,1474.35,Credit card (automatic),Yes,Male,0,No,No
3866,3884-UEBXB,2.9,Baixo,—,67,Two year,DSL,36.15,2434.45,Bank transfer (automatic),No,Female,0,Yes,Yes
3867,1752-OZXFY,2.9,Baixo,—,60,One year,DSL,59.8,3561.15,Mailed check,Yes,Male,0,Yes,No
3868,4685-TFLLS,2.9,Baixo,—,18,One year,No,19.8,342.3,Bank transfer (automatic),No,Male,0,Yes,Yes
3869,7107-UBYKY,2.9,Baixo,"Contrato mensal, Pagamento por cheque eletrônico",35,Month-to-month,No,25.75,882.55,Electronic check,Yes,Female,0,Yes,Yes
3870,0942-KOWSM,2.9,Baixo,Mensalidade alta,30,Two year,DSL,80.8,2369.3,Bank transfer (automatic),No,Female,0,Yes,Yes
3871,4359-INNWN,2.9,Baixo,—,17,One year,No,20.05,337.9,Credit card (automatic),No,Female,0,No,No
3872,9880-TDQAC,2.9,Baixo,Pagamento por cheque eletrônico,72,Two year,DSL,60.0,4264.0,Electronic check,Yes,Female,0,Yes,Yes
3873,4111-BNXIF,2.9,Baixo,Pagamento por cheque eletrônico,67,Two year,DSL,59.55,4103.9,Electronic check,Yes,Female,0,Yes,Yes
3874,5668-MEISB,2.9,Baixo,"Internet fibra óptica, Mensalidade alta",72,Two year,Fiber optic,106.1,7657.4,Credit card (automatic),No,Female,0,Yes,Yes
3875,7037-MTYVW,2.9,Baixo,Mensalidade alta,38,Two year,DSL,85.4,3297.0,Bank transfer (automatic),Yes,Male,0,Yes,Yes
3876,0052-YNYOT,2.9,Baixo,Pagamento por cheque eletrônico,67,One year,No,20.55,1343.4,Electronic check,No,Female,0,No,No
3877,7665-VIGUD,2.9,Baixo,Cliente novo (≤12 meses),10,One year,No,20.35,176.3,Mailed check,No,Male,0,No,No
3878,7795-CFOCW,2.9,Baixo,—,45,One year,DSL,42.3,1840.75,Bank transfer (automatic),No,Male,0,No,No
3879,7197-VOJMM,2.9,Baixo,—,67,Two year,DSL,69.2,4671.65,Credit card (automatic),Yes,Male,0,Yes,No
3880,4530-NDRKU,2.9,Baixo,Pagamento por cheque eletrônico,42,One year,No,19.05,761.85,Electronic check,Yes,Female,0,Yes,Yes
3881,7233-PAHHL,2.9,Baixo,Mensalidade alta,66,Two year,DSL,84.0,5714.25,Mailed check,Yes,Male,0,Yes,Yes
3882,3549-ZTMNH,2.9,Baixo,Cliente novo (≤12 meses),12,Two year,No,24.0,269.65,Bank transfer (automatic),Yes,Male,0,Yes,Yes
3883,6437-UDQJM,2.9,Baixo,Mensalidade alta,72,Two year,DSL,84.1,6129.65,Credit card (automatic),Yes,Female,1,Yes,No
3884,0191-EQUUH,2.9,Baixo,—,25,Two year,DSL,35.05,844.45,Bank transfer (automatic),No,Female,0,No,Yes
3885,5472-CVMDX,2.9,Baixo,—,68,Two year,DSL,38.9,2719.2,Mailed check,No,Female,0,No,No
3886,9220-CXRSC,2.8,Baixo,—,69,Two year,DSL,61.4,4059.85,Credit card (automatic),No,Female,0,Yes,Yes
3887,1335-MXCSE,2.8,Baixo,—,55,Two year,DSL,55.25,3119.9,Credit card (automatic),Yes,Male,0,Yes,Yes
3888,0057-QBUQH,2.8,Baixo,Pagamento por cheque eletrônico,43,Two year,No,25.1,1070.15,Electronic check,Yes,Female,0,No,Yes
3889,3585-YNADK,2.8,Baixo,Mensalidade alta,57,One year,DSL,74.6,4368.95,Bank transfer (automatic),No,Female,0,Yes,No
3890,5730-DBDSI,2.8,Baixo,—,66,Two year,No,19.7,1253.8,Bank transfer (automatic),No,Male,0,No,No
3891,2753-JMMCV,2.8,Baixo,Mensalidade alta,65,Two year,DSL,74.2,4805.65,Credit card (automatic),Yes,Male,0,No,No
3892,8039-ACLPL,2.8,Baixo,—,72,Two year,DSL,68.75,4888.2,Credit card (automatic),No,Female,0,Yes,Yes
3893,8434-PNQZX,2.8,Baixo,Mensalidade alta,42,Two year,DSL,78.45,3373.4,Credit card (automatic),Yes,Female,0,No,No
3894,7169-YWAMK,2.8,Baixo,—,72,Two year,DSL,68.4,4855.35,Bank transfer (automatic),No,Male,0,Yes,Yes
3895,6292-TOSSS,2.8,Baixo,—,50,Two year,No,24.9,1195.25,Bank transfer (automatic),No,Male,0,No,No
3896,5642-MHDQT,2.8,Baixo,—,53,One year,No,19.85,1039.45,Bank transfer (automatic),Yes,Female,0,Yes,Yes
3897,9593-CVZKR,2.8,Baixo,—,56,Two year,No,24.45,1385.85,Mailed check,Yes,Female,0,Yes,Yes
3898,5505-OVWQW,2.8,Baixo,—,17,One year,No,20.15,353.65,Mailed check,No,Female,0,No,No
3899,6176-YJWAS,2.8,Baixo,"Internet fibra óptica, Mensalidade alta",72,Two year,Fiber optic,97.95,7114.25,Credit card (automatic),Yes,Male,0,Yes,No
3900,5453-YBTWV,2.8,Baixo,"Internet fibra óptica, Mensalidade alta",70,Two year,Fiber optic,101.1,6994.8,Credit card (automatic),Yes,Male,0,Yes,Yes
3901,6859-QNXIQ,2.8,Baixo,"Internet fibra óptica, Mensalidade alta",72,Two year,Fiber optic,113.1,8248.5,Bank transfer (automatic),Yes,Female,0,Yes,Yes
3902,0487-CRLZF,2.8,Baixo,Mensalidade alta,49,Two year,DSL,74.45,3721.9,Bank transfer (automatic),Yes,Female,0,No,No
3903,7009-PCARS,2.7,Baixo,—,55,One year,No,19.1,1001.5,Bank transfer (automatic),No,Male,0,No,Yes
3904,6152-ONASV,2.7,Baixo,—,68,One year,DSL,58.25,3975.7,Bank transfer (automatic),No,Female,0,Yes,No
3905,5067-WJEUN,2.7,Baixo,—,67,Two year,DSL,54.2,3838.2,Bank transfer (automatic),Yes,Male,0,Yes,Yes
3906,6283-GITPX,2.7,Baixo,Mensalidade alta,71,Two year,DSL,76.9,5522.7,Credit card (automatic),Yes,Male,0,No,Yes
3907,4632-XJMEX,2.7,Baixo,—,53,One year,DSL,62.85,3419.5,Credit card (automatic),No,Male,0,No,Yes
3908,2017-CCBLH,2.7,Baixo,Cliente novo (≤12 meses),8,Two year,No,20.0,141.6,Mailed check,No,Female,0,No,No
3909,2150-OEGBV,2.7,Baixo,—,27,One year,No,20.1,562.6,Bank transfer (automatic),No,Male,0,No,No
3910,6870-ZWMNX,2.7,Baixo,Mensalidade alta,70,Two year,DSL,76.1,5264.25,Credit card (automatic),No,Male,0,Yes,No
3911,3352-RICWQ,2.7,Baixo,Cliente novo (≤12 meses),9,Two year,No,19.75,210.65,Mailed check,No,Female,0,Yes,Yes
3912,3963-RYFNS,2.7,Baixo,"Internet fibra óptica, Mensalidade alta",72,Two year,Fiber optic,116.45,8013.55,Bank transfer (automatic),Yes,Female,0,No,No
3913,2057-BOYKM,2.7,Baixo,"Internet fibra óptica, Mensalidade alta",72,Two year,Fiber optic,96.6,6827.5,Bank transfer (automatic),Yes,Female,1,Yes,No
3914,2296-DKZFP,2.7,Baixo,Mensalidade alta,65,Two year,DSL,71.0,4386.2,Bank transfer (automatic),No,Female,0,Yes,No
3915,8565-WUXZU,2.7,Baixo,"Internet fibra óptica, Mensalidade alta",72,Two year,Fiber optic,84.8,6141.65,Credit card (automatic),Yes,Male,1,Yes,No
3916,3258-ZKPAI,2.7,Baixo,"Internet fibra óptica, Mensalidade alta",72,Two year,Fiber optic,116.6,8337.45,Bank transfer (automatic),Yes,Male,0,Yes,Yes
3917,5930-GBIWP,2.7,Baixo,Mensalidade alta,69,Two year,DSL,81.5,5553.25,Credit card (automatic),Yes,Male,0,No,No
3918,2075-PUEPR,2.7,Baixo,—,55,Two year,No,19.35,1153.25,Bank transfer (automatic),No,Male,0,Yes,Yes
3919,3146-JTQHR,2.7,Baixo,Cliente novo (≤12 meses),10,One year,No,19.6,189.45,Bank transfer (automatic),No,Male,0,Yes,No
3920,2005-DWQZJ,2.7,Baixo,Cliente novo (≤12 meses),8,Two year,No,19.05,201.7,Mailed check,No,Female,0,Yes,Yes
3921,0320-DWVTU,2.7,Baixo,"Internet fibra óptica, Mensalidade alta",53,Two year,Fiber optic,99.5,5424.25,Mailed check,No,Female,0,No,No
3922,3726-TBHQT,2.7,Baixo,"Internet fibra óptica, Mensalidade alta",71,Two year,Fiber optic,114.0,8175.9,Bank transfer (automatic),Yes,Male,0,Yes,Yes
3923,7527-QNRUS,2.7,Baixo,—,17,Two year,No,25.15,412.6,Mailed check,Yes,Male,0,Yes,Yes
3924,8884-FEEWR,2.7,Baixo,—,35,One year,No,20.6,754.0,Bank transfer (automatic),No,Male,0,No,No
3925,5914-XRFQB,2.7,Baixo,"Internet fibra óptica, Mensalidade alta",72,Two year,Fiber optic,115.8,8424.9,Bank transfer (automatic),Yes,Male,0,Yes,No
3926,3795-GWTRD,2.7,Baixo,Mensalidade alta,63,Two year,DSL,75.55,4707.85,Credit card (automatic),No,Female,0,Yes,Yes
3927,0440-EKDCF,2.7,Baixo,—,62,Two year,DSL,60.15,3753.2,Credit card (automatic),Yes,Male,0,Yes,No
3928,0829-DDVLK,2.7,Baixo,—,15,One year,No,20.1,302.45,Credit card (automatic),No,Female,0,No,No
3929,7670-ZBPOQ,2.7,Baixo,—,58,One year,DSL,61.05,3478.75,Bank transfer (automatic),Yes,Female,0,Yes,No
3930,5313-FPXWG,2.7,Baixo,—,51,One year,No,24.6,1266.4,Bank transfer (automatic),Yes,Male,0,No,No
3931,9447-YPTBX,2.7,Baixo,—,50,One year,No,19.85,943.1,Bank transfer (automatic),Yes,Female,0,Yes,No
3932,3243-ZHOHY,2.7,Baixo,—,16,One year,No,20.1,296.15,Mailed check,No,Female,0,No,No
3933,4872-VXRIL,2.7,Baixo,—,56,One year,DSL,64.65,3665.55,Bank transfer (automatic),Yes,Male,0,No,No
3934,3831-YCPUO,2.7,Baixo,"Internet fibra óptica, Mensalidade alta",72,Two year,Fiber optic,109.5,7854.9,Credit card (automatic),Yes,Female,0,Yes,Yes
3935,5170-PTRKA,2.7,Baixo,—,49,One year,DSL,35.8,1782.0,Credit card (automatic),Yes,Female,0,Yes,Yes
3936,0078-XZMHT,2.7,Baixo,Mensalidade alta,72,Two year,DSL,85.15,6316.2,Bank transfer (automatic),Yes,Male,0,Yes,No
3937,3422-WJOYD,2.6,Baixo,—,28,One year,DSL,54.35,1426.45,Mailed check,No,Male,0,Yes,No
3938,5846-NEQVZ,2.6,Baixo,Mensalidade alta,71,Two year,DSL,70.85,4973.4,Credit card (automatic),Yes,Male,0,Yes,Yes
3939,8915-NNTRC,2.6,Baixo,"Internet fibra óptica, Mensalidade alta",72,Two year,Fiber optic,107.7,7919.8,Credit card (automatic),Yes,Male,0,Yes,Yes
3940,8263-QMNTJ,2.6,Baixo,"Internet fibra óptica, Pagamento por cheque eletrônico, Mensalidade alta",72,Two year,Fiber optic,115.55,8425.3,Electronic check,Yes,Male,0,Yes,No
3941,2235-EZAIK,2.6,Baixo,Mensalidade alta,72,Two year,DSL,79.2,5401.9,Credit card (automatic),No,Female,0,Yes,No
3942,7524-VRLPL,2.6,Baixo,Mensalidade alta,69,Two year,DSL,74.1,5031.0,Credit card (automatic),No,Male,1,No,No
3943,2252-NKNSI,2.6,Baixo,Mensalidade alta,52,Two year,DSL,85.15,4461.85,Mailed check,Yes,Male,0,No,Yes
3944,5816-JMLGY,2.6,Baixo,Mensalidade alta,70,Two year,DSL,80.4,5717.85,Bank transfer (automatic),Yes,Female,0,Yes,Yes
3945,0654-PQKDW,2.6,Baixo,Mensalidade alta,62,One year,DSL,70.75,4263.45,Bank transfer (automatic),Yes,Female,0,Yes,Yes
3946,0895-LNKRC,2.6,Baixo,Cliente novo (≤12 meses),6,One year,No,19.45,113.5,Mailed check,No,Male,0,Yes,Yes
3947,9451-WLYRI,2.6,Baixo,—,53,One year,No,19.05,990.45,Credit card (automatic),No,Female,0,Yes,No
3948,9995-HOTOH,2.6,Baixo,Pagamento por cheque eletrônico,63,Two year,DSL,59.0,3707.6,Electronic check,No,Male,0,Yes,Yes
3949,8958-JPTRR,2.6,Baixo,Pagamento por cheque eletrônico,56,One year,No,24.3,1261.7,Electronic check,No,Female,0,Yes,No
3950,2595-KIWPV,2.6,Baixo,—,27,Two year,No,19.7,509.3,Credit card (automatic),No,Male,0,No,Yes
3951,6260-XLACS,2.6,Baixo,Cliente novo (≤12 meses),4,One year,No,19.7,117.8,Mailed check,No,Male,0,No,No
3952,7471-WNSUF,2.6,Baixo,—,60,One year,No,24.15,1505.9,Bank transfer (automatic),No,Male,0,Yes,No
3953,6120-RJKLU,2.6,Baixo,Mensalidade alta,62,Two year,DSL,79.95,4819.75,Credit card (automatic),Yes,Female,1,Yes,No
3954,7601-DHFWZ,2.6,Baixo,—,48,Two year,No,24.0,1183.05,Credit card (automatic),No,Female,0,No,No
3955,7677-SJJJK,2.6,Baixo,Cliente novo (≤12 meses),8,One year,No,19.9,153.95,Credit card (automatic),No,Male,0,Yes,Yes
3956,1177-XZBJL,2.6,Baixo,—,53,One year,DSL,64.15,3491.55,Bank transfer (automatic),No,Male,0,Yes,Yes
3957,4697-LUPSU,2.6,Baixo,Cliente novo (≤12 meses),2,One year,No,20.2,34.75,Mailed check,No,Male,0,Yes,Yes
3958,9802-CAQUT,2.6,Baixo,"Internet fibra óptica, Mensalidade alta",72,Two year,Fiber optic,109.55,7887.25,Credit card (automatic),No,Female,0,Yes,Yes
3959,3067-SVMTC,2.6,Baixo,—,68,One year,DSL,55.9,3848.8,Bank transfer (automatic),No,Female,0,Yes,No
3960,4950-HKQTE,2.6,Baixo,—,22,Two year,No,26.25,605.9,Mailed check,No,Female,0,No,No
3961,8745-PVESG,2.6,Baixo,—,57,One year,DSL,41.1,2258.25,Credit card (automatic),Yes,Female,0,No,No
3962,3120-FAZKD,2.6,Baixo,—,54,Two year,No,24.05,1230.9,Bank transfer (automatic),Yes,Male,0,Yes,Yes
3963,5356-KZCKT,2.6,Baixo,—,58,Two year,No,24.45,1513.6,Credit card (automatic),Yes,Male,0,No,No
3964,8746-BFOAJ,2.6,Baixo,—,21,One year,No,20.5,429.55,Bank transfer (automatic),No,Male,1,No,No
3965,7633-MVPUY,2.6,Baixo,Pagamento por cheque eletrônico,57,Two year,DSL,59.75,3450.15,Electronic check,Yes,Male,0,Yes,No
3966,2351-BKRZW,2.6,Baixo,Mensalidade alta,43,Two year,DSL,75.2,3254.35,Bank transfer (automatic),No,Female,0,Yes,Yes
3967,8242-PDSGJ,2.5,Baixo,—,70,Two year,DSL,39.15,2692.75,Credit card (automatic),Yes,Male,0,Yes,No
3968,9788-HNGUT,2.5,Baixo,"Internet fibra óptica, Mensalidade alta",72,Two year,Fiber optic,116.95,8594.4,Credit card (automatic),Yes,Male,0,Yes,No
3969,3544-FBCAS,2.5,Baixo,Mensalidade alta,72,Two year,DSL,83.6,5959.3,Credit card (automatic),Yes,Female,0,Yes,Yes
3970,1345-ZUKID,2.5,Baixo,—,14,One year,No,19.35,324.8,Mailed check,No,Male,0,No,No
3971,9993-LHIEB,2.5,Baixo,—,67,Two year,DSL,67.85,4627.65,Mailed check,No,Male,0,Yes,Yes
3972,9298-WGMRW,2.5,Baixo,"Internet fibra óptica, Mensalidade alta",72,Two year,Fiber optic,115.5,8312.75,Bank transfer (automatic),Yes,Female,0,Yes,No
3973,5039-LZRQT,2.5,Baixo,—,13,One year,No,20.2,273.25,Mailed check,No,Female,0,No,No
3974,7008-LZVOZ,2.5,Baixo,—,66,Two year,No,25.3,1672.35,Credit card (automatic),Yes,Male,0,Yes,Yes
3975,9565-FLVCG,2.5,Baixo,—,65,Two year,DSL,69.55,4459.15,Mailed check,Yes,Male,0,Yes,Yes
3976,9530-GRMJG,2.5,Baixo,"Pagamento por cheque eletrônico, Mensalidade alta",70,Two year,DSL,84.1,5979.7,Electronic check,Yes,Male,0,Yes,Yes
3977,0536-ESJEP,2.5,Baixo,Mensalidade alta,54,Two year,DSL,74.55,4191.45,Bank transfer (automatic),Yes,Male,0,Yes,No
3978,5840-NVDCG,2.5,Baixo,—,16,Two year,DSL,68.25,1114.85,Bank transfer (automatic),No,Female,0,Yes,Yes
3979,9489-DEDVP,2.5,Baixo,—,70,Two year,DSL,69.2,4872.35,Credit card (automatic),Yes,Female,0,Yes,Yes
3980,6584-VQMYT,2.5,Baixo,—,27,One year,DSL,56.2,1567.55,Mailed check,No,Male,0,No,Yes
3981,0253-ZTEOB,2.5,Baixo,"Pagamento por cheque eletrônico, Mensalidade alta",48,Two year,DSL,79.65,3870.3,Electronic check,No,Female,0,Yes,Yes
3982,3082-WQRVY,2.5,Baixo,—,14,One year,No,19.65,228.65,Mailed check,No,Male,1,Yes,No
3983,6418-HNFED,2.5,Baixo,Mensalidade alta,51,Two year,DSL,83.25,4089.45,Credit card (automatic),Yes,Male,0,Yes,No
3984,3720-DBRWL,2.5,Baixo,Mensalidade alta,51,Two year,DSL,83.85,4307.1,Credit card (automatic),Yes,Male,0,Yes,No
3985,4992-LTJNE,2.5,Baixo,—,72,Two year,DSL,55.3,3983.6,Bank transfer (automatic),No,Male,0,Yes,Yes
3986,5038-ETMLM,2.5,Baixo,"Internet fibra óptica, Mensalidade alta",72,Two year,Fiber optic,113.65,8182.75,Bank transfer (automatic),Yes,Female,0,Yes,No
3987,5296-PSYVW,2.5,Baixo,Pagamento por cheque eletrônico,72,Two year,No,24.55,1750.7,Electronic check,No,Female,0,Yes,No
3988,5183-KLYEM,2.5,Baixo,"Internet fibra óptica, Mensalidade alta",72,Two year,Fiber optic,112.75,8192.6,Credit card (automatic),Yes,Female,0,No,No
3989,7162-WPHPM,2.5,Baixo,Mensalidade alta,58,Two year,DSL,71.6,4230.25,Credit card (automatic),No,Male,0,Yes,Yes
3990,3079-BCHLN,2.5,Baixo,—,47,One year,No,19.9,942.95,Bank transfer (automatic),No,Male,0,Yes,No
3991,0455-ENTCR,2.5,Baixo,"Pagamento por cheque eletrônico, Mensalidade alta",66,Two year,DSL,85.25,5538.35,Electronic check,No,Male,0,Yes,No
3992,1133-KXCGE,2.5,Baixo,—,18,One year,No,20.1,407.05,Mailed check,No,Female,0,No,No
3993,9055-MOJJJ,2.5,Baixo,—,64,One year,DSL,65.8,4068.0,Mailed check,No,Female,0,Yes,Yes
3994,1015-JPFYW,2.5,Baixo,Cliente novo (≤12 meses),7,One year,No,19.45,136.75,Mailed check,No,Male,0,No,Yes
3995,0848-SOMKO,2.5,Baixo,—,70,Two year,DSL,48.4,3442.8,Bank transfer (automatic),No,Male,0,No,No
3996,2725-IWWBA,2.5,Baixo,—,46,One year,DSL,56.9,2560.1,Mailed check,No,Male,0,Yes,Yes
3997,5003-OKNNK,2.5,Baixo,—,15,One year,No,20.35,335.95,Credit card (automatic),No,Female,0,Yes,Yes
3998,3082-YVEKW,2.5,Baixo,Mensalidade alta,23,Two year,DSL,77.15,1759.4,Bank transfer (automatic),Yes,Female,0,Yes,Yes
3999,8361-LBRDI,2.5,Baixo,—,58,Two year,No,24.35,1423.85,Credit card (automatic),No,Female,0,No,No
4000,6096-EGVTU,2.4,Baixo,—,64,One year,No,24.9,1595.5,Mailed check,No,Female,0,Yes,Yes
4001,8221-HVAYI,2.4,Baixo,—,35,Two year,DSL,69.15,2490.15,Credit card (automatic),Yes,Male,0,Yes,Yes
4002,0422-OHQHQ,2.4,Baixo,—,15,One year,No,20.55,295.95,Mailed check,No,Female,0,Yes,Yes
4003,8838-GPHZP,2.4,Baixo,—,63,Two year,No,20.6,1298.7,Mailed check,Yes,Female,0,No,No
4004,2091-GPPIQ,2.4,Baixo,"Pagamento por cheque eletrônico, Mensalidade alta",72,Two year,DSL,78.95,5730.15,Electronic check,Yes,Female,0,Yes,Yes
4005,0859-YGKFW,2.4,Baixo,—,18,One year,No,20.05,345.9,Bank transfer (automatic),No,Male,0,Yes,Yes
4006,7977-HXJKU,2.4,Baixo,—,21,Two year,No,19.6,397.0,Mailed check,No,Male,0,No,Yes
4007,9430-NKQLY,2.4,Baixo,—,72,Two year,No,25.1,1790.8,Credit card (automatic),Yes,Male,0,Yes,Yes
4008,2239-CGBUZ,2.4,Baixo,—,51,One year,DSL,60.5,3145.15,Bank transfer (automatic),Yes,Female,0,Yes,No
4009,6919-ELBGL,2.4,Baixo,"Internet fibra óptica, Mensalidade alta",72,Two year,Fiber optic,114.95,8196.4,Bank transfer (automatic),Yes,Male,1,Yes,Yes
4010,6719-FGEDO,2.4,Baixo,"Internet fibra óptica, Mensalidade alta",72,Two year,Fiber optic,97.0,7104.2,Bank transfer (automatic),Yes,Female,0,Yes,No
4011,3298-QEICA,2.4,Baixo,—,23,Two year,DSL,34.6,813.45,Mailed check,No,Female,0,Yes,Yes
4012,0307-BCOPK,2.4,Baixo,—,16,One year,No,19.05,326.65,Mailed check,No,Female,0,No,No
4013,9639-BUJXT,2.4,Baixo,—,63,One year,No,20.5,1328.15,Mailed check,No,Male,0,No,No
4014,5614-DNZCE,2.4,Baixo,—,58,Two year,DSL,64.9,3795.45,Credit card (automatic),Yes,Female,0,No,No
4015,8338-QIUNR,2.4,Baixo,—,72,Two year,DSL,66.5,4811.6,Credit card (automatic),Yes,Male,0,Yes,Yes
4016,4318-RAJVY,2.4,Baixo,Cliente novo (≤12 meses),10,One year,No,19.8,198.25,Mailed check,Yes,Female,0,No,No
4017,0602-DDUML,2.4,Baixo,—,57,Two year,DSL,69.75,3894.4,Mailed check,No,Female,0,No,No
4018,4299-OPXEJ,2.4,Baixo,—,56,Two year,No,19.55,1080.55,Bank transfer (automatic),Yes,Female,0,No,No
4019,4565-EVZMJ,2.4,Baixo,—,47,One year,DSL,58.9,2813.05,Mailed check,Yes,Female,0,No,No
4020,5338-YHWYT,2.4,Baixo,—,37,Two year,DSL,61.45,2302.35,Credit card (automatic),No,Male,0,No,Yes
4021,4311-QTTAI,2.4,Baixo,—,16,One year,No,19.35,295.55,Credit card (automatic),No,Female,0,No,No
4022,2599-CIPQE,2.4,Baixo,"Internet fibra óptica, Mensalidade alta",71,Two year,Fiber optic,109.3,7782.85,Credit card (automatic),No,Male,0,Yes,Yes
4023,2885-HIJDH,2.4,Baixo,Mensalidade alta,69,Two year,DSL,86.9,6194.1,Bank transfer (automatic),No,Male,0,Yes,Yes
4024,9286-BHDQG,2.4,Baixo,—,72,Two year,DSL,45.25,3139.8,Credit card (automatic),No,Male,0,Yes,Yes
4025,1194-BHJYC,2.4,Baixo,—,61,Two year,DSL,62.15,3778.85,Mailed check,Yes,Male,0,Yes,No
4026,6199-IPCAO,2.4,Baixo,—,29,Two year,No,26.1,692.55,Mailed check,No,Female,0,Yes,Yes
4027,0298-XACET,2.4,Baixo,—,52,Two year,DSL,50.2,2554.0,Mailed check,No,Male,0,Yes,Yes
4028,5656-MJEFC,2.4,Baixo,—,42,Two year,DSL,48.15,2032.3,Credit card (automatic),No,Male,0,Yes,Yes
4029,4817-KEQSP,2.4,Baixo,—,71,Two year,No,19.85,1326.35,Bank transfer (automatic),No,Female,0,Yes,Yes
4030,6248-TKCQV,2.4,Baixo,Mensalidade alta,70,Two year,DSL,80.6,5460.2,Bank transfer (automatic),Yes,Female,0,Yes,Yes
4031,7338-ERIVA,2.4,Baixo,—,39,One year,DSL,45.05,1790.6,Bank transfer (automatic),No,Male,0,No,Yes
4032,6122-EFVKN,2.4,Baixo,—,24,Two year,DSL,35.75,830.8,Mailed check,No,Male,0,No,Yes
4033,2027-DNKIV,2.4,Baixo,—,37,One year,DSL,58.75,2203.1,Mailed check,Yes,Male,0,Yes,Yes
4034,2207-RYYRL,2.3,Baixo,—,52,Two year,No,24.55,1331.05,Mailed check,No,Male,0,Yes,Yes
4035,2126-GSEGL,2.3,Baixo,Mensalidade alta,70,Two year,DSL,84.8,5917.55,Bank transfer (automatic),Yes,Female,0,Yes,No
4036,5995-WWKKG,2.3,Baixo,Pagamento por cheque eletrônico,37,One year,No,19.8,695.05,Electronic check,Yes,Female,0,No,No
4037,3470-OBUET,2.3,Baixo,Mensalidade alta,67,Two year,DSL,74.0,4868.4,Credit card (automatic),No,Female,0,Yes,Yes
4038,0019-GFNTW,2.3,Baixo,—,56,Two year,DSL,45.05,2560.1,Bank transfer (automatic),No,Female,0,No,No
4039,4849-PYRLQ,2.3,Baixo,Mensalidade alta,56,Two year,DSL,73.25,4054.2,Bank transfer (automatic),No,Female,1,No,No
4040,1686-STUHN,2.3,Baixo,—,42,One year,No,19.8,849.9,Bank transfer (automatic),No,Male,0,No,No
4041,6614-YOLAC,2.3,Baixo,—,71,Two year,DSL,58.65,4145.25,Mailed check,No,Female,0,Yes,Yes
4042,8612-GXIDD,2.3,Baixo,Cliente novo (≤12 meses),12,Two year,No,25.4,313.0,Bank transfer (automatic),Yes,Male,0,Yes,Yes
4043,8626-PTQGE,2.3,Baixo,—,69,Two year,DSL,60.05,4176.7,Bank transfer (automatic),Yes,Male,0,No,No
4044,1480-BKXGA,2.3,Baixo,"Internet fibra óptica, Mensalidade alta",72,Two year,Fiber optic,116.05,8404.9,Bank transfer (automatic),Yes,Male,1,Yes,No
4045,3308-JSGML,2.3,Baixo,—,59,Two year,DSL,64.05,3886.85,Credit card (automatic),Yes,Male,1,Yes,No
4046,9483-GCPWE,2.3,Baixo,Cliente novo (≤12 meses),9,One year,No,20.1,190.25,Mailed check,No,Male,0,No,Yes
4047,8513-OLYGY,2.3,Baixo,"Internet fibra óptica, Mensalidade alta",72,Two year,Fiber optic,115.8,8332.15,Credit card (automatic),No,Male,0,Yes,No
4048,6447-EGDIV,2.3,Baixo,—,31,One year,No,20.95,683.25,Mailed check,No,Female,0,No,No
4049,9661-JALZV,2.3,Baixo,—,58,Two year,No,24.7,1519.0,Credit card (automatic),Yes,Female,0,No,No
4050,9066-QRSDU,2.3,Baixo,Pagamento por cheque eletrônico,69,One year,No,26.3,1763.55,Electronic check,Yes,Female,0,Yes,No
4051,6765-MBQNU,2.3,Baixo,—,26,One year,No,26.0,684.05,Mailed check,No,Female,0,Yes,No
4052,9891-NQDBD,2.3,Baixo,—,28,One year,No,25.55,672.2,Mailed check,No,Female,0,Yes,No
4053,1452-UZOSF,2.3,Baixo,"Internet fibra óptica, Mensalidade alta",72,Two year,Fiber optic,106.1,7548.6,Credit card (automatic),Yes,Male,0,Yes,Yes
4054,4312-GVYNH,2.3,Baixo,—,70,Two year,DSL,49.85,3370.2,Bank transfer (automatic),Yes,Female,0,Yes,No
4055,6837-BJYDQ,2.3,Baixo,Cliente novo (≤12 meses),3,One year,No,19.6,61.35,Mailed check,No,Male,0,No,No
4056,7609-NRNCA,2.3,Baixo,—,17,One year,No,19.55,280.85,Mailed check,No,Female,0,No,No
4057,9030-QGZNL,2.3,Baixo,Cliente novo (≤12 meses),8,Two year,No,20.85,161.65,Mailed check,No,Female,0,No,No
4058,4821-WQOYN,2.3,Baixo,—,72,Two year,No,20.1,1326.25,Credit card (automatic),Yes,Female,0,Yes,Yes
4059,1534-OULXE,2.3,Baixo,—,61,One year,DSL,49.7,2961.4,Bank transfer (automatic),Yes,Female,0,Yes,Yes
4060,2192-OZITF,2.3,Baixo,Mensalidade alta,45,Two year,DSL,73.55,3349.1,Mailed check,No,Female,0,No,No
4061,0956-SYCWG,2.3,Baixo,Pagamento por cheque eletrônico,13,One year,No,19.65,244.8,Electronic check,No,Female,0,No,No
4062,8499-BRXTD,2.3,Baixo,—,18,One year,No,20.1,401.85,Mailed check,No,Male,0,No,No
4063,5986-WWXDV,2.3,Baixo,—,39,One year,No,19.35,779.2,Bank transfer (automatic),No,Male,0,No,Yes
4064,9769-TSBZE,2.3,Baixo,Pagamento por cheque eletrônico,70,Two year,DSL,66.0,4891.5,Electronic check,No,Female,0,No,Yes
4065,6463-MVYRY,2.3,Baixo,—,57,Two year,DSL,69.85,4003.0,Bank transfer (automatic),No,Female,1,No,No
4066,3950-VPYJB,2.3,Baixo,—,57,One year,DSL,59.6,3509.4,Mailed check,No,Male,0,Yes,Yes
4067,2878-DHMIN,2.3,Baixo,Pagamento por cheque eletrônico,35,One year,No,19.9,666.0,Electronic check,No,Male,0,Yes,Yes
4068,2581-VKIRT,2.2,Baixo,—,59,One year,DSL,65.5,3801.3,Mailed check,No,Female,0,Yes,Yes
4069,9764-REAFF,2.2,Baixo,—,59,Two year,No,18.4,1057.85,Bank transfer (automatic),No,Female,0,Yes,No
4070,7998-WNZEM,2.2,Baixo,Mensalidade alta,71,Two year,DSL,80.6,5708.2,Bank transfer (automatic),No,Male,0,No,No
4071,4717-GHADL,2.2,Baixo,Mensalidade alta,50,Two year,DSL,79.6,4024.2,Mailed check,Yes,Female,0,No,No
4072,8265-HKSOW,2.2,Baixo,"Internet fibra óptica, Mensalidade alta",72,Two year,Fiber optic,107.45,7658.3,Credit card (automatic),No,Female,0,Yes,Yes
4073,3071-MVJCD,2.2,Baixo,Mensalidade alta,72,Two year,DSL,82.3,5815.15,Bank transfer (automatic),No,Male,0,Yes,Yes
4074,7138-GIRSH,2.2,Baixo,—,50,Two year,DSL,69.5,3418.2,Bank transfer (automatic),No,Male,0,No,No
4075,6419-ZTTLE,2.2,Baixo,Pagamento por cheque eletrônico,23,One year,No,20.75,485.2,Electronic check,Yes,Male,1,Yes,No
4076,6388-TABGU,2.2,Baixo,—,62,One year,DSL,56.15,3487.95,Bank transfer (automatic),No,Male,0,No,Yes
4077,4893-GYUJU,2.2,Baixo,—,50,One year,No,19.35,1033.0,Mailed check,Yes,Female,0,No,No
4078,8046-DNVTL,2.2,Baixo,—,62,Two year,DSL,38.6,2345.55,Credit card (automatic),Yes,Male,0,Yes,No
4079,4933-IKULF,2.2,Baixo,—,17,One year,No,20.65,330.6,Mailed check,No,Female,1,No,No
4080,8884-MRNSU,2.2,Baixo,—,17,One year,No,19.9,329.75,Bank transfer (automatic),No,Male,0,Yes,Yes
4081,0343-QLUZP,2.2,Baixo,—,60,Two year,DSL,39.6,2424.5,Bank transfer (automatic),No,Male,0,No,No
4082,7639-OPLNG,2.2,Baixo,Mensalidade alta,70,Two year,DSL,79.25,5731.85,Bank transfer (automatic),Yes,Male,0,Yes,Yes
4083,0674-GCDXG,2.2,Baixo,Mensalidade alta,63,Two year,DSL,71.9,4479.2,Bank transfer (automatic),Yes,Male,0,No,No
4084,6729-FZWSY,2.2,Baixo,—,67,One year,No,19.45,1195.95,Mailed check,Yes,Male,0,No,No
4085,3721-CNZHX,2.2,Baixo,—,15,One year,No,19.8,304.6,Mailed check,No,Male,0,No,No
4086,1970-KKFWL,2.2,Baixo,—,35,Two year,No,23.3,797.1,Bank transfer (automatic),No,Female,0,No,No
4087,2176-LVPNX,2.2,Baixo,Mensalidade alta,71,Two year,DSL,89.85,6293.45,Mailed check,No,Female,1,No,No
4088,4163-NCJAK,2.2,Baixo,—,46,One year,No,24.45,1066.15,Bank transfer (automatic),Yes,Female,0,Yes,No
4089,6925-BAYGL,2.2,Baixo,—,53,Two year,No,25.1,1275.6,Credit card (automatic),No,Female,1,Yes,No
4090,9127-QRZMH,2.2,Baixo,—,44,One year,DSL,59.85,2603.95,Bank transfer (automatic),Yes,Male,0,Yes,No
4091,8859-YSTWS,2.2,Baixo,—,48,One year,No,19.95,1004.5,Bank transfer (automatic),No,Male,0,No,No
4092,4703-MQYKT,2.2,Baixo,—,21,Two year,No,19.6,390.4,Mailed check,No,Male,0,No,No
4093,1084-MNSMJ,2.2,Baixo,Mensalidade alta,51,Two year,DSL,85.5,4421.95,Credit card (automatic),No,Female,0,Yes,Yes
4094,9847-HNVGP,2.2,Baixo,—,17,One year,No,19.95,310.6,Mailed check,No,Male,0,No,No
4095,0562-KBDVM,2.2,Baixo,—,70,Two year,DSL,44.6,3058.15,Bank transfer (automatic),Yes,Female,0,No,No
4096,7599-NTMDP,2.2,Baixo,—,62,Two year,DSL,48.7,3008.55,Bank transfer (automatic),No,Female,0,Yes,Yes
4097,2138-VFAPZ,2.2,Baixo,—,14,Two year,No,19.7,263.65,Mailed check,Yes,Female,0,Yes,Yes
4098,5126-RCXYW,2.2,Baixo,—,54,Two year,DSL,46.0,2424.05,Credit card (automatic),No,Male,0,Yes,Yes
4099,9397-TZSHA,2.2,Baixo,—,69,Two year,No,24.6,1678.05,Credit card (automatic),No,Female,0,No,No
4100,9958-MEKUC,2.2,Baixo,"Internet fibra óptica, Mensalidade alta",72,Two year,Fiber optic,103.95,7517.7,Credit card (automatic),No,Male,0,Yes,Yes
4101,8328-SKJNO,2.2,Baixo,—,23,One year,DSL,40.65,947.4,Bank transfer (automatic),No,Male,0,No,Yes
4102,9140-CZQZZ,2.2,Baixo,Mensalidade alta,68,Two year,DSL,79.6,5515.8,Bank transfer (automatic),Yes,Female,0,Yes,No
4103,2388-LAESQ,2.2,Baixo,"Internet fibra óptica, Mensalidade alta",72,Two year,Fiber optic,114.85,8317.95,Bank transfer (automatic),Yes,Female,1,Yes,No
4104,1779-PWPMG,2.2,Baixo,"Internet fibra óptica, Mensalidade alta",72,Two year,Fiber optic,114.65,8333.95,Bank transfer (automatic),Yes,Female,1,Yes,No
4105,5130-YPIRV,2.2,Baixo,Mensalidade alta,62,Two year,DSL,72.0,4284.2,Credit card (automatic),Yes,Female,0,Yes,No
4106,5862-BRIXZ,2.1,Baixo,—,46,Two year,DSL,60.75,2893.4,Bank transfer (automatic),Yes,Male,0,No,No
4107,8388-DMKAE,2.1,Baixo,Cliente novo (≤12 meses),8,Two year,No,20.25,174.65,Mailed check,No,Female,0,No,No
4108,5158-RIVOP,2.1,Baixo,Cliente novo (≤12 meses),11,Two year,No,20.9,202.3,Credit card (automatic),No,Female,0,Yes,Yes
4109,2862-JVEOY,2.1,Baixo,Cliente novo (≤12 meses),6,One year,No,19.15,124.4,Mailed check,No,Male,0,No,No
4110,1272-ILHFG,2.1,Baixo,—,15,One year,No,19.65,332.65,Mailed check,No,Male,0,Yes,Yes
4111,4194-FJARJ,2.1,Baixo,—,54,Two year,DSL,60.0,3273.95,Bank transfer (automatic),No,Female,0,Yes,Yes
4112,3521-HTQTV,2.1,Baixo,—,34,Two year,No,26.1,980.35,Bank transfer (automatic),No,Male,0,No,No
4113,1506-YJTYT,2.1,Baixo,Mensalidade alta,45,Two year,DSL,73.85,3371.0,Credit card (automatic),No,Male,0,Yes,Yes
4114,5602-BVFMK,2.1,Baixo,Cliente novo (≤12 meses),12,One year,No,19.3,228.75,Mailed check,No,Female,0,No,No
4115,2263-SFSQZ,2.1,Baixo,—,51,Two year,No,24.95,1222.25,Mailed check,Yes,Male,0,Yes,Yes
4116,9867-JCZSP,2.1,Baixo,—,17,One year,No,20.75,418.25,Mailed check,No,Female,0,Yes,Yes
4117,9755-JHNMN,2.1,Baixo,—,49,Two year,DSL,67.4,3306.85,Bank transfer (automatic),No,Female,0,No,No
4118,0780-XNZFN,2.1,Baixo,—,57,Two year,No,20.65,1125.6,Bank transfer (automatic),No,Male,0,No,No
4119,2550-QHZGP,2.1,Baixo,Cliente novo (≤12 meses),7,One year,No,19.5,128.6,Mailed check,No,Male,0,No,No
4120,7596-ZYWBB,2.1,Baixo,—,65,Two year,DSL,59.6,3739.8,Mailed check,Yes,Female,0,No,No
4121,1955-IBMMB,2.1,Baixo,—,59,Two year,No,20.2,1192.3,Bank transfer (automatic),Yes,Male,0,No,No
4122,4750-UKWJK,2.1,Baixo,—,37,One year,No,19.6,727.8,Mailed check,No,Female,1,Yes,No
4123,1187-WILMM,2.1,Baixo,Mensalidade alta,63,Two year,DSL,89.4,5597.65,Credit card (automatic),Yes,Male,0,Yes,Yes
4124,8722-PRFDV,2.1,Baixo,Mensalidade alta,71,Two year,DSL,77.55,5574.35,Credit card (automatic),No,Female,0,Yes,Yes
4125,1139-WUOAH,2.1,Baixo,—,57,Two year,DSL,53.35,3090.05,Credit card (automatic),No,Male,0,No,No
4126,9385-EHGDO,2.1,Baixo,—,35,Two year,No,19.85,739.35,Mailed check,Yes,Female,0,Yes,Yes
4127,7446-SFAOA,2.1,Baixo,—,37,One year,No,19.85,717.5,Bank transfer (automatic),Yes,Female,0,Yes,No
4128,7321-ZNSLA,2.1,Baixo,—,13,Two year,DSL,40.55,590.35,Mailed check,No,Male,0,Yes,Yes
4129,6384-VMJHP,2.1,Baixo,Mensalidade alta,72,Two year,DSL,73.0,5265.2,Credit card (automatic),Yes,Female,0,No,No
4130,5993-BQHEA,2.1,Baixo,Cliente novo (≤12 meses),12,One year,No,20.05,267.0,Credit card (automatic),No,Male,0,No,No
4131,3547-LQRIK,2.1,Baixo,Pagamento por cheque eletrônico,47,One year,No,26.9,1250.85,Electronic check,No,Female,0,Yes,No
4132,2812-REYAT,2.1,Baixo,—,49,One year,No,20.05,923.1,Bank transfer (automatic),Yes,Female,0,Yes,No
4133,5322-ZSMZY,2.1,Baixo,—,31,Two year,No,25.75,755.6,Mailed check,No,Male,0,Yes,Yes
4134,8076-FEZKJ,2.1,Baixo,Cliente novo (≤12 meses),10,One year,No,19.5,225.85,Mailed check,No,Male,0,No,No
4135,5788-YPOEG,2.1,Baixo,Mensalidade alta,34,Two year,DSL,84.75,2839.45,Mailed check,No,Female,0,Yes,Yes
4136,7131-ZQZNK,2.1,Baixo,—,60,Two year,DSL,59.85,3590.2,Credit card (automatic),No,Female,0,Yes,Yes
4137,8619-IJNDK,2.1,Baixo,—,71,Two year,DSL,64.05,4492.9,Credit card (automatic),No,Female,0,Yes,Yes
4138,0071-NDAFP,2.0,Baixo,—,25,Two year,No,25.5,630.6,Credit card (automatic),No,Male,0,Yes,Yes
4139,4815-TUMEQ,2.0,Baixo,Cliente novo (≤12 meses),10,One year,No,19.3,185.2,Mailed check,Yes,Female,0,No,No
4140,0263-FJTQO,2.0,Baixo,Mensalidade alta,50,Two year,DSL,70.5,3486.65,Credit card (automatic),Yes,Male,0,Yes,Yes
4141,2404-JIBFC,2.0,Baixo,Mensalidade alta,55,Two year,DSL,85.1,4657.95,Bank transfer (automatic),Yes,Female,0,Yes,Yes
4142,3131-NWVFJ,2.0,Baixo,—,14,One year,No,19.55,294.5,Mailed check,No,Female,0,Yes,Yes
4143,6682-VCIXC,2.0,Baixo,—,43,One year,DSL,51.25,2151.6,Bank transfer (automatic),Yes,Female,0,Yes,Yes
4144,9631-RXVJM,2.0,Baixo,—,35,Two year,No,19.25,677.9,Mailed check,No,Male,0,No,No
4145,4526-EXKKN,2.0,Baixo,—,40,Two year,No,24.6,973.95,Mailed check,Yes,Male,0,No,No
4146,7306-YDSOI,2.0,Baixo,—,69,Two year,DSL,59.75,4069.9,Bank transfer (automatic),Yes,Male,0,Yes,Yes
4147,6855-VLGOS,2.0,Baixo,Pagamento por cheque eletrônico,72,Two year,No,20.55,1432.55,Electronic check,No,Male,0,Yes,Yes
4148,6585-WCEWR,2.0,Baixo,Pagamento por cheque eletrônico,72,Two year,No,20.35,1354.4,Electronic check,No,Male,0,Yes,Yes
4149,2123-VSCOT,2.0,Baixo,Mensalidade alta,59,Two year,DSL,72.1,4194.85,Bank transfer (automatic),Yes,Female,0,Yes,Yes
4150,9621-OUPYD,2.0,Baixo,—,25,One year,No,20.2,507.9,Bank transfer (automatic),Yes,Female,0,Yes,No
4151,3572-UUHRS,2.0,Baixo,—,45,One year,No,18.85,867.3,Bank transfer (automatic),No,Male,0,No,No
4152,3266-FTKHB,2.0,Baixo,—,17,Two year,No,19.15,343.45,Mailed check,No,Male,0,No,No
4153,8464-EETCQ,2.0,Baixo,—,57,Two year,No,18.8,1094.35,Credit card (automatic),No,Male,0,No,No
4154,3507-GASNP,2.0,Baixo,—,60,Two year,No,19.95,1189.9,Mailed check,No,Male,0,No,Yes
4155,5063-IUOKK,2.0,Baixo,—,13,Two year,No,19.75,265.75,Mailed check,No,Male,0,No,No
4156,9227-UAQFT,2.0,Baixo,—,16,Two year,No,19.75,284.35,Mailed check,No,Male,0,No,No
4157,1293-HHSHJ,2.0,Baixo,—,35,One year,No,21.1,741.0,Mailed check,No,Female,0,No,No
4158,5457-COLHT,2.0,Baixo,Mensalidade alta,69,Two year,DSL,80.65,5542.55,Bank transfer (automatic),No,Male,0,Yes,Yes
4159,5406-KGRMX,2.0,Baixo,Pagamento por cheque eletrônico,71,Two year,No,24.55,1719.15,Electronic check,No,Female,0,No,No
4160,1178-PZGAB,2.0,Baixo,—,19,One year,No,20.25,383.65,Credit card (automatic),No,Female,0,No,No
4161,0774-RMNUW,2.0,Baixo,—,71,Two year,DSL,59.7,4122.65,Bank transfer (automatic),No,Female,0,Yes,Yes
4162,3889-VWBID,2.0,Baixo,Mensalidade alta,68,Two year,DSL,82.85,5776.45,Bank transfer (automatic),No,Male,0,Yes,Yes
4163,3724-BSCVH,2.0,Baixo,Cliente novo (≤12 meses),10,One year,No,20.45,242.4,Mailed check,No,Male,0,Yes,Yes
4164,7153-CHRBV,2.0,Baixo,—,57,One year,DSL,59.3,3274.35,Mailed check,Yes,Female,0,Yes,Yes
4165,1952-DVVSW,2.0,Baixo,Cliente novo (≤12 meses),10,One year,No,20.1,184.4,Mailed check,No,Female,0,Yes,No
4166,2314-TNDJQ,2.0,Baixo,—,72,Two year,DSL,55.65,3880.05,Credit card (automatic),No,Female,0,Yes,Yes
4167,6048-NJXHX,2.0,Baixo,Pagamento por cheque eletrônico,41,Two year,No,19.75,899.45,Electronic check,Yes,Male,0,Yes,No
4168,7139-JZFVG,2.0,Baixo,—,60,Two year,DSL,60.5,3694.45,Bank transfer (automatic),No,Male,0,Yes,Yes
4169,7297-DVYGA,2.0,Baixo,—,51,One year,No,19.85,996.95,Bank transfer (automatic),Yes,Female,0,No,No
4170,5135-GRQJV,2.0,Baixo,"Internet fibra óptica, Mensalidade alta",72,Two year,Fiber optic,114.5,8331.95,Mailed check,Yes,Male,1,Yes,No
4171,2516-XSJKX,2.0,Baixo,"Pagamento por cheque eletrônico, Mensalidade alta",41,Two year,DSL,78.45,3126.45,Electronic check,No,Female,0,Yes,Yes
4172,8969-PRHFK,2.0,Baixo,—,18,One year,No,19.65,411.25,Mailed check,No,Male,0,No,No
4173,0906-QVPMS,2.0,Baixo,"Internet fibra óptica, Mensalidade alta",72,Two year,Fiber optic,115.15,8349.45,Bank transfer (automatic),No,Male,0,Yes,No
4174,2804-ETQDK,2.0,Baixo,—,66,Two year,No,20.55,1357.1,Mailed check,No,Male,0,No,Yes
4175,2451-YMUXS,2.0,Baixo,—,67,Two year,DSL,64.55,4250.1,Bank transfer (automatic),Yes,Male,1,No,No
4176,5982-PSMKW,2.0,Baixo,Mensalidade alta,23,Two year,DSL,91.1,2198.3,Credit card (automatic),Yes,Female,0,Yes,Yes
4177,6741-QRLUP,2.0,Baixo,Mensalidade alta,63,Two year,DSL,80.3,4995.35,Credit card (automatic),Yes,Female,0,No,No
4178,8234-GSZYK,1.9,Baixo,—,43,Two year,No,26.45,1110.05,Bank transfer (automatic),No,Male,0,No,No
4179,9798-OPFEM,1.9,Baixo,Pagamento por cheque eletrônico,46,Two year,No,21.1,937.1,Electronic check,Yes,Female,0,No,No
4180,4293-ETKAP,1.9,Baixo,Mensalidade alta,65,Two year,DSL,79.4,5071.9,Bank transfer (automatic),Yes,Female,0,Yes,Yes
4181,4723-BEGSG,1.9,Baixo,Mensalidade alta,72,Two year,DSL,86.65,6094.25,Credit card (automatic),No,Male,0,Yes,No
4182,4323-ELYYB,1.9,Baixo,—,13,One year,No,20.0,218.55,Mailed check,No,Male,0,Yes,Yes
4183,9028-LIHRP,1.9,Baixo,"Internet fibra óptica, Mensalidade alta",71,Two year,Fiber optic,100.2,7209.0,Credit card (automatic),No,Male,0,Yes,Yes
4184,4737-AQCPU,1.9,Baixo,Mensalidade alta,72,Two year,DSL,72.1,5016.65,Credit card (automatic),No,Male,0,Yes,Yes
4185,3274-NSDWE,1.9,Baixo,—,68,Two year,No,19.6,1441.65,Credit card (automatic),No,Female,0,No,No
4186,5196-WPYOW,1.9,Baixo,—,67,One year,DSL,60.05,3994.05,Mailed check,No,Male,0,Yes,Yes
4187,8999-YPYBV,1.9,Baixo,Mensalidade alta,45,Two year,DSL,84.35,3858.05,Mailed check,Yes,Male,0,Yes,Yes
4188,7649-PHJVR,1.9,Baixo,Cliente novo (≤12 meses),11,One year,No,19.5,226.8,Mailed check,No,Male,0,No,No
4189,9919-FZDED,1.9,Baixo,Mensalidade alta,72,Two year,DSL,84.1,5981.65,Credit card (automatic),Yes,Male,1,Yes,No
4190,5320-BRKGK,1.9,Baixo,Mensalidade alta,58,Two year,DSL,75.8,4415.75,Mailed check,No,Female,0,Yes,Yes
4191,2805-AUFQN,1.9,Baixo,—,25,Two year,No,19.8,475.2,Credit card (automatic),No,Female,0,No,No
4192,6746-WAUWT,1.9,Baixo,—,19,One year,No,19.7,386.5,Credit card (automatic),Yes,Male,0,No,No
4193,3486-HOOGQ,1.9,Baixo,Mensalidade alta,70,Two year,DSL,79.7,5743.3,Bank transfer (automatic),No,Female,0,Yes,Yes
4194,1088-AUUZZ,1.9,Baixo,Mensalidade alta,56,Two year,DSL,75.85,4261.2,Credit card (automatic),Yes,Male,0,Yes,Yes
4195,9110-HSGTV,1.9,Baixo,Mensalidade alta,69,Two year,DSL,82.45,5555.3,Credit card (automatic),Yes,Female,0,No,No
4196,9823-EALYC,1.9,Baixo,Mensalidade alta,72,Two year,DSL,80.85,5727.45,Bank transfer (automatic),Yes,Male,0,Yes,Yes
4197,5451-MHQOF,1.9,Baixo,—,56,One year,No,24.45,1431.65,Mailed check,Yes,Male,0,Yes,Yes
4198,6461-PPAXN,1.9,Baixo,—,35,One year,DSL,54.95,1916.0,Bank transfer (automatic),Yes,Female,0,Yes,Yes
4199,8106-GWQOK,1.9,Baixo,—,38,Two year,DSL,60.0,2193.2,Bank transfer (automatic),Yes,Male,0,Yes,No
4200,3078-ZKNTS,1.9,Baixo,—,13,Two year,No,19.75,246.7,Bank transfer (automatic),Yes,Female,0,Yes,Yes
4201,8577-QSOCG,1.9,Baixo,—,38,Two year,No,20.2,746.05,Mailed check,Yes,Female,0,Yes,Yes
4202,4859-ZSRDZ,1.9,Baixo,—,58,Two year,DSL,55.5,3166.9,Credit card (automatic),Yes,Female,0,Yes,Yes
4203,3108-PCCGG,1.9,Baixo,Mensalidade alta,72,Two year,DSL,84.45,5899.85,Credit card (automatic),No,Male,1,Yes,No
4204,6072-NUQCB,1.9,Baixo,—,22,One year,No,20.25,488.25,Bank transfer (automatic),No,Male,0,Yes,Yes
4205,0383-CLDDA,1.9,Baixo,Mensalidade alta,69,Two year,DSL,85.35,5897.4,Credit card (automatic),Yes,Female,0,No,No
4206,7560-QJAVJ,1.9,Baixo,Mensalidade alta,70,Two year,DSL,79.6,5589.45,Bank transfer (automatic),No,Female,0,No,No
4207,1776-SPBWV,1.9,Baixo,—,34,One year,No,20.1,682.1,Bank transfer (automatic),Yes,Female,0,Yes,Yes
4208,7898-PDWQE,1.9,Baixo,Mensalidade alta,71,Two year,DSL,80.4,5727.15,Credit card (automatic),No,Male,0,Yes,No
4209,6974-DAFLI,1.9,Baixo,Pagamento por cheque eletrônico,55,One year,No,19.7,1140.05,Electronic check,No,Female,0,Yes,No
4210,4940-KHCWD,1.9,Baixo,—,60,Two year,DSL,37.7,2288.7,Bank transfer (automatic),No,Female,0,Yes,No
4211,7167-PCEYD,1.9,Baixo,—,67,Two year,No,19.8,1311.3,Mailed check,Yes,Male,0,No,No
4212,4883-KCPZJ,1.9,Baixo,—,22,Two year,No,25.25,555.4,Credit card (automatic),No,Female,0,Yes,Yes
4213,7369-TRPFD,1.9,Baixo,—,19,One year,No,18.8,279.2,Mailed check,No,Male,0,No,No
4214,5176-OLSKT,1.9,Baixo,—,66,Two year,DSL,66.9,4370.25,Bank transfer (automatic),No,Female,0,Yes,No
4215,6339-RZCBJ,1.8,Baixo,Mensalidade alta,48,Two year,DSL,78.9,3771.5,Credit card (automatic),No,Male,0,No,No
4216,4121-AGSIN,1.8,Baixo,—,58,One year,No,24.5,1497.9,Credit card (automatic),Yes,Female,0,Yes,Yes
4217,6631-HMANX,1.8,Baixo,Mensalidade alta,72,Two year,DSL,85.45,6227.5,Credit card (automatic),Yes,Male,0,Yes,No
4218,1354-YZFNB,1.8,Baixo,Cliente novo (≤12 meses),4,Two year,No,19.55,68.8,Credit card (automatic),No,Male,0,Yes,Yes
4219,6203-HBZPA,1.8,Baixo,—,52,Two year,DSL,63.9,3334.95,Credit card (automatic),No,Male,0,No,No
4220,2845-KDHVX,1.8,Baixo,—,64,Two year,DSL,68.3,4378.8,Mailed check,Yes,Female,0,Yes,No
4221,2788-CJQAQ,1.8,Baixo,—,13,One year,No,19.45,270.2,Mailed check,No,Male,0,No,No
4222,8039-EQPIM,1.8,Baixo,—,69,Two year,DSL,60.25,4055.5,Bank transfer (automatic),No,Male,0,Yes,No
4223,1676-MQAOA,1.8,Baixo,Mensalidade alta,72,Two year,DSL,75.1,5336.35,Bank transfer (automatic),Yes,Male,0,No,No
4224,6061-PQHMK,1.8,Baixo,—,25,One year,No,19.9,527.5,Credit card (automatic),No,Female,0,No,No
4225,3902-MIVLE,1.8,Baixo,Mensalidade alta,63,Two year,DSL,75.7,4676.7,Mailed check,No,Male,0,Yes,Yes
4226,3653-NCRDJ,1.8,Baixo,—,43,One year,No,19.2,776.25,Mailed check,Yes,Male,0,Yes,Yes
4227,6732-VAILE,1.8,Baixo,Mensalidade alta,70,Two year,DSL,85.95,5931.75,Credit card (automatic),Yes,Male,0,Yes,Yes
4228,0621-CXBKL,1.8,Baixo,—,53,Two year,No,18.7,1005.7,Mailed check,No,Female,0,No,No
4229,3230-IUALN,1.8,Baixo,Mensalidade alta,45,Two year,DSL,81.0,3533.6,Mailed check,Yes,Female,0,Yes,Yes
4230,8747-UDCOI,1.8,Baixo,—,65,Two year,No,19.35,1319.95,Bank transfer (automatic),No,Female,0,Yes,No
4231,9885-MFVSU,1.8,Baixo,—,35,Two year,DSL,46.35,1662.05,Credit card (automatic),Yes,Female,0,Yes,Yes
4232,1964-SVLEA,1.8,Baixo,—,20,One year,No,19.7,415.9,Mailed check,Yes,Male,0,No,No
4233,1172-VIYBP,1.8,Baixo,—,53,Two year,DSL,69.7,3686.05,Bank transfer (automatic),No,Male,0,Yes,Yes
4234,6650-BWFRT,1.8,Baixo,"Internet fibra óptica, Mensalidade alta",72,Two year,Fiber optic,117.15,8529.5,Credit card (automatic),Yes,Female,0,Yes,No
4235,9091-WTUUY,1.8,Baixo,—,64,Two year,DSL,69.25,4447.75,Mailed check,No,Male,0,Yes,Yes
4236,3967-VQOGC,1.8,Baixo,—,67,Two year,No,24.9,1680.25,Mailed check,Yes,Female,0,Yes,Yes
4237,0784-GTUUK,1.8,Baixo,—,62,One year,No,23.75,1446.8,Credit card (automatic),Yes,Male,0,Yes,No
4238,3896-ZVNET,1.8,Baixo,—,24,Two year,No,24.7,571.75,Mailed check,No,Female,0,Yes,Yes
4239,4163-HFTUK,1.8,Baixo,Pagamento por cheque eletrônico,51,One year,No,19.1,1007.8,Electronic check,No,Male,0,No,No
4240,9281-CEDRU,1.8,Baixo,—,68,Two year,DSL,64.1,4326.25,Bank transfer (automatic),No,Female,0,Yes,No
4241,9385-NXKDA,1.8,Baixo,Mensalidade alta,72,Two year,DSL,82.65,5919.35,Credit card (automatic),Yes,Female,0,Yes,No
4242,6418-PIQSP,1.8,Baixo,Mensalidade alta,62,Two year,DSL,81.0,4985.9,Mailed check,No,Female,0,Yes,No
4243,7469-LKBCI,1.8,Baixo,—,16,Two year,No,18.95,326.8,Credit card (automatic),No,Male,0,No,No
4244,0559-CKHUS,1.8,Baixo,—,29,Two year,No,19.55,521.8,Mailed check,Yes,Female,0,Yes,No
4245,3719-TDVQB,1.8,Baixo,—,54,Two year,No,18.95,1031.1,Mailed check,Yes,Female,1,Yes,No
4246,3796-ENZGF,1.8,Baixo,—,63,Two year,DSL,67.25,4234.15,Mailed check,No,Male,0,Yes,No
4247,3398-GCPMU,1.8,Baixo,Mensalidade alta,72,Two year,DSL,89.55,6448.85,Credit card (automatic),Yes,Female,1,Yes,Yes
4248,3146-MSEGF,1.8,Baixo,Mensalidade alta,72,Two year,DSL,88.05,6425.65,Credit card (automatic),Yes,Female,1,Yes,Yes
4249,9424-CMPOG,1.7,Baixo,Cliente novo (≤12 meses),9,Two year,No,19.6,197.4,Mailed check,No,Male,0,Yes,Yes
4250,9637-CDTKZ,1.7,Baixo,"Internet fibra óptica, Mensalidade alta",72,Two year,Fiber optic,114.1,8086.4,Credit card (automatic),Yes,Male,0,Yes,No
4251,5014-GSOUQ,1.7,Baixo,—,13,Two year,No,19.95,243.65,Mailed check,No,Male,0,No,No
4252,6087-YPWHO,1.7,Baixo,—,72,Two year,DSL,68.15,4808.7,Mailed check,No,Male,0,Yes,No
4253,4785-FCIFB,1.7,Baixo,—,61,Two year,No,24.4,1417.9,Mailed check,No,Female,0,Yes,No
4254,8571-ZCMCX,1.7,Baixo,—,47,Two year,DSL,60.0,2768.65,Credit card (automatic),Yes,Female,0,Yes,Yes
4255,9499-XPZXM,1.7,Baixo,—,72,Two year,DSL,64.75,4804.75,Bank transfer (automatic),No,Female,0,Yes,No
4256,8628-MFKAX,1.7,Baixo,"Internet fibra óptica, Mensalidade alta",72,Two year,Fiber optic,116.75,8277.05,Credit card (automatic),Yes,Female,1,Yes,No
4257,5451-YHYPW,1.7,Baixo,"Internet fibra óptica, Mensalidade alta",72,Two year,Fiber optic,115.75,8443.7,Credit card (automatic),Yes,Female,1,Yes,No
4258,0513-RBGPE,1.7,Baixo,—,37,Two year,DSL,62.8,2278.75,Credit card (automatic),Yes,Male,0,Yes,Yes
4259,0945-TSONX,1.7,Baixo,Mensalidade alta,47,Two year,DSL,85.3,4107.25,Credit card (automatic),Yes,Female,0,Yes,Yes
4260,9361-YNQWJ,1.7,Baixo,—,64,One year,No,24.4,1601.2,Bank transfer (automatic),Yes,Female,0,No,No
4261,3813-DHBBB,1.7,Baixo,—,67,Two year,DSL,50.95,3521.7,Bank transfer (automatic),Yes,Male,0,Yes,No
4262,8882-TLVRW,1.7,Baixo,—,69,Two year,DSL,39.1,2779.5,Mailed check,No,Male,0,Yes,Yes
4263,2690-DVRVK,1.7,Baixo,"Cliente novo (≤12 meses), Pagamento por cheque eletrônico",5,One year,No,20.55,99.45,Electronic check,No,Male,0,Yes,Yes
4264,6813-GZQCG,1.7,Baixo,—,45,Two year,No,24.65,1171.3,Credit card (automatic),Yes,Female,0,Yes,Yes
4265,6924-TDGMT,1.7,Baixo,Cliente novo (≤12 meses),11,One year,No,20.55,184.95,Mailed check,Yes,Male,0,Yes,No
4266,6953-PBDIN,1.7,Baixo,Mensalidade alta,70,Two year,DSL,72.95,5265.55,Bank transfer (automatic),No,Male,0,Yes,No
4267,8766-PAFNE,1.7,Baixo,Mensalidade alta,71,Two year,DSL,79.1,5564.85,Credit card (automatic),Yes,Male,0,Yes,No
4268,9258-CNWAC,1.7,Baixo,"Internet fibra óptica, Mensalidade alta",71,Two year,Fiber optic,113.65,8166.8,Credit card (automatic),No,Female,0,Yes,Yes
4269,2234-EOFPT,1.7,Baixo,Mensalidade alta,72,Two year,DSL,79.35,5753.25,Bank transfer (automatic),Yes,Male,0,Yes,No
4270,9548-LIGTA,1.7,Baixo,Mensalidade alta,61,Two year,DSL,81.05,4747.65,Mailed check,Yes,Male,0,Yes,No
4271,0556-FJEGU,1.7,Baixo,Mensalidade alta,58,Two year,DSL,70.1,4048.95,Bank transfer (automatic),No,Male,0,No,No
4272,2333-KWEWW,1.7,Baixo,—,18,Two year,No,20.05,388.6,Credit card (automatic),No,Male,0,No,No
4273,7018-FPXHH,1.7,Baixo,—,56,Two year,DSL,59.8,3457.45,Bank transfer (automatic),Yes,Male,0,Yes,Yes
4274,2882-WDTBA,1.7,Baixo,Mensalidade alta,69,Two year,DSL,75.75,5388.15,Bank transfer (automatic),Yes,Male,0,Yes,Yes
4275,5915-ANOEI,1.7,Baixo,Mensalidade alta,70,Two year,DSL,79.15,5536.5,Mailed check,No,Male,0,Yes,No
4276,2520-SGTTA,1.7,Baixo,Cliente novo (≤12 meses),0,Two year,No,20.0,0.0,Mailed check,No,Female,0,Yes,Yes
4277,4381-MHQDC,1.7,Baixo,—,47,Two year,DSL,65.0,2879.9,Mailed check,Yes,Female,0,No,No
4278,9531-NSBMR,1.7,Baixo,—,36,One year,No,19.25,679.8,Bank transfer (automatic),Yes,Female,0,No,No
4279,2251-PYLPB,1.7,Baixo,Mensalidade alta,72,Two year,DSL,79.55,5810.9,Credit card (automatic),No,Male,0,Yes,No
4280,6217-KDYWC,1.7,Baixo,—,57,Two year,No,19.6,1170.55,Mailed check,Yes,Male,0,No,Yes
4281,6691-CCIHA,1.7,Baixo,"Pagamento por cheque eletrônico, Mensalidade alta",62,Two year,DSL,84.95,5150.55,Electronic check,Yes,Female,0,Yes,No
4282,4900-MSOMT,1.7,Baixo,Mensalidade alta,72,Two year,DSL,80.2,5714.2,Bank transfer (automatic),No,Female,0,Yes,Yes
4283,2121-JAFOM,1.7,Baixo,"Internet fibra óptica, Mensalidade alta",72,Two year,Fiber optic,115.55,8312.4,Credit card (automatic),Yes,Female,0,Yes,No
4284,3057-VJJQE,1.7,Baixo,—,35,Two year,DSL,55.25,1924.1,Mailed check,No,Male,0,No,No
4285,2661-GKBTK,1.7,Baixo,Mensalidade alta,60,Two year,DSL,76.95,4543.95,Bank transfer (automatic),No,Male,0,Yes,Yes
4286,3563-SVYLG,1.7,Baixo,—,68,Two year,DSL,62.65,4375.8,Credit card (automatic),No,Male,0,Yes,Yes
4287,5622-UEJFI,1.7,Baixo,—,35,Two year,No,25.4,949.8,Credit card (automatic),Yes,Female,0,Yes,Yes
4288,2146-EGVDT,1.7,Baixo,—,59,Two year,No,19.3,1192.7,Credit card (automatic),No,Male,0,Yes,Yes
4289,7427-AUFPY,1.7,Baixo,—,54,Two year,No,19.65,1008.7,Credit card (automatic),No,Male,0,No,No
4290,8752-IMQOS,1.7,Baixo,Cliente novo (≤12 meses),5,One year,No,20.1,85.1,Mailed check,No,Male,0,Yes,Yes
4291,5197-LQXXH,1.7,Baixo,Mensalidade alta,71,Two year,DSL,83.3,5894.5,Credit card (automatic),Yes,Female,0,Yes,No
4292,3166-PNEOF,1.7,Baixo,Mensalidade alta,61,Two year,DSL,86.45,5175.3,Credit card (automatic),No,Female,0,No,No
4293,1231-YNDEK,1.7,Baixo,—,58,Two year,No,19.15,1035.5,Bank transfer (automatic),Yes,Male,0,No,No
4294,7196-LIWRH,1.7,Baixo,Cliente novo (≤12 meses),6,Two year,No,19.55,124.45,Mailed check,No,Female,0,No,No
4295,2821-WARNZ,1.7,Baixo,—,49,One year,No,19.45,921.3,Credit card (automatic),No,Female,0,No,Yes
4296,7277-KAMWT,1.7,Baixo,—,13,Two year,No,20.0,268.45,Credit card (automatic),No,Male,0,No,No
4297,6656-GULJQ,1.7,Baixo,Mensalidade alta,72,Two year,DSL,83.55,6093.3,Credit card (automatic),Yes,Male,0,Yes,Yes
4298,5197-YPYBZ,1.7,Baixo,Cliente novo (≤12 meses),12,Two year,No,25.25,274.7,Credit card (automatic),No,Female,0,Yes,Yes
4299,5893-KCLGT,1.7,Baixo,—,72,Two year,No,19.75,1567.0,Mailed check,Yes,Female,0,No,Yes
4300,9178-JHUVJ,1.7,Baixo,—,24,Two year,No,24.1,587.4,Bank transfer (automatic),Yes,Male,0,Yes,Yes
4301,5598-IKHQQ,1.7,Baixo,—,72,Two year,No,25.45,1866.45,Credit card (automatic),No,Female,0,No,No
4302,9239-GZHZE,1.7,Baixo,"Internet fibra óptica, Mensalidade alta",72,Two year,Fiber optic,113.65,8124.2,Credit card (automatic),Yes,Female,0,Yes,No
4303,4254-QPEDE,1.6,Baixo,—,52,Two year,DSL,66.25,3330.1,Credit card (automatic),No,Female,0,Yes,No
4304,2592-HODOV,1.6,Baixo,—,13,One year,No,19.3,259.65,Credit card (automatic),No,Male,0,No,No
4305,7244-KXYZN,1.6,Baixo,—,24,One year,No,20.45,527.35,Credit card (automatic),No,Female,0,No,No
4306,3452-FLHYD,1.6,Baixo,—,25,One year,No,20.95,495.15,Bank transfer (automatic),Yes,Male,0,Yes,No
4307,3580-GICBM,1.6,Baixo,—,61,Two year,No,24.2,1445.2,Mailed check,Yes,Female,0,Yes,Yes
4308,4018-PPNDW,1.6,Baixo,—,61,Two year,No,24.1,1551.6,Mailed check,Yes,Female,0,Yes,Yes
4309,0436-TWFFZ,1.6,Baixo,Mensalidade alta,67,Two year,DSL,85.25,5714.2,Mailed check,Yes,Female,0,No,No
4310,6485-QXWWE,1.6,Baixo,—,62,Two year,No,26.0,1638.7,Bank transfer (automatic),No,Female,0,No,Yes
4311,5334-AFQJB,1.6,Baixo,—,72,Two year,No,25.1,1789.9,Credit card (automatic),Yes,Male,1,No,No
4312,2193-SFWQW,1.6,Baixo,"Internet fibra óptica, Mensalidade alta",72,Two year,Fiber optic,111.95,8033.1,Bank transfer (automatic),No,Male,0,Yes,Yes
4313,1266-NZYUI,1.6,Baixo,—,72,Two year,DSL,66.85,4758.8,Bank transfer (automatic),No,Female,0,Yes,Yes
4314,7359-WWYJV,1.6,Baixo,"Internet fibra óptica, Mensalidade alta",72,Two year,Fiber optic,114.45,8375.05,Credit card (automatic),No,Male,0,Yes,No
4315,3372-CDXFJ,1.6,Baixo,—,13,One year,No,24.5,343.6,Bank transfer (automatic),No,Male,0,Yes,Yes
4316,1897-RCFUM,1.6,Baixo,—,39,One year,No,24.2,914.6,Mailed check,Yes,Female,0,Yes,Yes
4317,5380-XPJNZ,1.6,Baixo,—,38,One year,No,20.05,678.2,Mailed check,No,Female,0,No,No
4318,4716-MRVEN,1.6,Baixo,—,29,One year,No,20.0,599.3,Mailed check,No,Female,0,No,No
4319,4458-KVRBJ,1.6,Baixo,—,59,Two year,No,25.0,1510.5,Mailed check,No,Male,0,No,No
4320,7975-JMZNT,1.6,Baixo,Mensalidade alta,66,Two year,DSL,91.7,6075.9,Bank transfer (automatic),No,Male,0,Yes,No
4321,0973-KYVNF,1.6,Baixo,Mensalidade alta,72,Two year,DSL,70.65,5011.15,Credit card (automatic),Yes,Female,0,Yes,Yes
4322,3935-TBRZZ,1.6,Baixo,—,44,One year,No,25.7,1110.5,Mailed check,No,Male,0,Yes,Yes
4323,2160-GPFXD,1.6,Baixo,—,54,Two year,DSL,65.65,3566.7,Credit card (automatic),Yes,Male,0,Yes,Yes
4324,5494-WOZRZ,1.6,Baixo,Mensalidade alta,71,Two year,DSL,82.0,5999.85,Credit card (automatic),Yes,Female,0,Yes,Yes
4325,3948-KXDUF,1.6,Baixo,—,66,Two year,DSL,68.75,4447.55,Bank transfer (automatic),No,Male,0,No,No
4326,3308-DGHKL,1.6,Baixo,—,69,Two year,No,19.3,1447.9,Bank transfer (automatic),Yes,Male,0,No,No
4327,1085-LDWAM,1.6,Baixo,—,69,One year,No,20.35,1442.65,Credit card (automatic),Yes,Female,0,Yes,Yes
4328,5707-ZMDJP,1.6,Baixo,—,53,Two year,DSL,69.7,3729.6,Mailed check,Yes,Male,0,Yes,Yes
4329,5181-OABFK,1.6,Baixo,—,56,Two year,DSL,61.3,3346.8,Credit card (automatic),Yes,Female,0,Yes,Yes
4330,9108-EQPNQ,1.6,Baixo,Cliente novo (≤12 meses),10,Two year,No,26.1,225.55,Credit card (automatic),No,Female,0,Yes,Yes
4331,4102-HLENU,1.6,Baixo,—,67,Two year,DSL,65.65,4322.85,Mailed check,No,Female,0,Yes,No
4332,6265-FRMTQ,1.6,Baixo,—,31,Two year,No,20.4,609.1,Bank transfer (automatic),No,Male,0,No,No
4333,7996-MHXLW,1.6,Baixo,—,66,Two year,No,25.15,1683.6,Credit card (automatic),Yes,Female,0,No,No
4334,4378-BZYFP,1.6,Baixo,—,17,One year,No,20.5,365.8,Mailed check,Yes,Male,0,No,No
4335,7328-OWMOM,1.6,Baixo,—,31,One year,No,20.1,589.25,Credit card (automatic),No,Female,0,No,Yes
4336,2253-KPMNB,1.6,Baixo,—,69,Two year,DSL,46.25,3121.4,Bank transfer (automatic),No,Female,0,Yes,Yes
4337,2387-KDZQY,1.6,Baixo,—,17,One year,No,20.1,279.5,Mailed check,Yes,Male,0,No,No
4338,9680-NIAUV,1.6,Baixo,"Internet fibra óptica, Mensalidade alta",72,Two year,Fiber optic,109.7,8129.3,Credit card (automatic),No,Female,0,Yes,Yes
4339,1872-EBWSC,1.6,Baixo,—,29,One year,No,20.35,617.35,Mailed check,No,Female,0,No,No
4340,9509-MPYOD,1.6,Baixo,—,35,One year,No,20.75,700.45,Mailed check,No,Female,0,No,No
4341,1074-WVEVG,1.6,Baixo,—,59,One year,No,20.35,1267.0,Mailed check,No,Female,0,Yes,No
4342,7089-RKVSZ,1.6,Baixo,Cliente novo (≤12 meses),8,One year,No,24.4,203.95,Mailed check,No,Male,0,Yes,Yes
4343,2954-PIBKO,1.6,Baixo,—,69,Two year,DSL,64.15,4254.1,Credit card (automatic),Yes,Female,0,Yes,Yes
4344,1813-JYWTO,1.6,Baixo,"Internet fibra óptica, Mensalidade alta",72,Two year,Fiber optic,80.45,5737.6,Bank transfer (automatic),No,Female,0,Yes,No
4345,8544-JNBOX,1.6,Baixo,—,72,Two year,No,20.8,1521.2,Mailed check,Yes,Male,0,No,No
4346,2040-XBAVJ,1.6,Baixo,"Internet fibra óptica, Mensalidade alta",72,Two year,Fiber optic,114.45,8100.55,Bank transfer (automatic),No,Male,0,Yes,Yes
4347,8207-DMRVL,1.6,Baixo,"Internet fibra óptica, Mensalidade alta",72,Two year,Fiber optic,114.55,8306.05,Bank transfer (automatic),No,Male,0,Yes,Yes
4348,5148-HKFIR,1.6,Baixo,—,20,Two year,No,19.7,406.95,Mailed check,No,Female,0,No,No
4349,5214-CHIWJ,1.6,Baixo,—,27,One year,No,20.3,595.05,Mailed check,No,Male,0,No,No
4350,9795-NREXC,1.6,Baixo,Mensalidade alta,64,Two year,DSL,85.0,5484.4,Credit card (automatic),Yes,Female,0,Yes,No
4351,4452-ROHMO,1.6,Baixo,—,15,Two year,No,19.6,331.6,Mailed check,No,Female,0,No,No
4352,7945-PRBVF,1.5,Baixo,—,35,Two year,No,21.45,705.45,Bank transfer (automatic),No,Male,0,No,No
4353,8570-KLJYJ,1.5,Baixo,—,36,One year,DSL,54.45,1893.5,Mailed check,No,Female,0,No,No
4354,8873-TMKGR,1.5,Baixo,—,29,One year,No,19.1,529.5,Mailed check,No,Male,0,No,No
4355,1498-NHTLT,1.5,Baixo,"Pagamento por cheque eletrônico, Mensalidade alta",59,Two year,DSL,86.75,5186.0,Electronic check,Yes,Male,0,Yes,Yes
4356,6695-FRVEC,1.5,Baixo,—,67,Two year,DSL,60.4,3953.7,Bank transfer (automatic),Yes,Male,0,Yes,Yes
4357,4425-OWHWB,1.5,Baixo,—,20,One year,No,19.35,433.75,Credit card (automatic),Yes,Female,0,No,No
4358,6527-PZFPV,1.5,Baixo,—,24,One year,No,20.8,469.65,Credit card (automatic),Yes,Male,0,Yes,Yes
4359,6374-AFWOX,1.5,Baixo,—,46,Two year,DSL,65.65,3047.15,Mailed check,No,Male,0,Yes,No
4360,3486-NPGST,1.5,Baixo,—,36,One year,No,19.55,620.75,Mailed check,No,Female,0,No,No
4361,7190-XHTWJ,1.5,Baixo,—,38,One year,No,19.3,755.5,Mailed check,No,Female,0,No,No
4362,1998-VHJHK,1.5,Baixo,—,27,One year,No,19.15,501.35,Mailed check,No,Female,0,No,No
4363,2228-BZDEE,1.5,Baixo,—,54,Two year,No,20.1,1079.45,Mailed check,No,Female,0,No,No
4364,3727-OVPRY,1.5,Baixo,—,66,One year,No,25.7,1714.55,Credit card (automatic),Yes,Male,0,Yes,Yes
4365,2320-TZRRH,1.5,Baixo,—,20,One year,No,19.5,403.15,Mailed check,No,Female,0,No,No
4366,9170-ARBTB,1.5,Baixo,—,52,One year,No,19.6,1012.4,Credit card (automatic),No,Female,0,Yes,Yes
4367,6051-PTVNS,1.5,Baixo,—,55,One year,No,19.15,998.1,Credit card (automatic),No,Female,0,Yes,Yes
4368,3594-BDSOA,1.5,Baixo,—,24,One year,No,20.4,482.8,Credit card (automatic),No,Female,0,Yes,No
4369,8857-CUPFQ,1.5,Baixo,—,63,Two year,No,19.25,1237.65,Mailed check,No,Male,0,Yes,No
4370,5743-KHMNA,1.5,Baixo,—,71,Two year,No,25.55,1898.1,Bank transfer (automatic),No,Male,0,No,No
4371,5799-JRCZO,1.5,Baixo,—,63,Two year,No,19.5,1215.1,Credit card (automatic),No,Female,0,No,Yes
4372,5656-JAMLX,1.5,Baixo,—,62,Two year,No,19.85,1253.65,Bank transfer (automatic),No,Male,0,No,No
4373,5146-YYFRZ,1.5,Baixo,—,67,Two year,No,19.95,1311.75,Bank transfer (automatic),No,Male,0,No,No
4374,1790-NESIO,1.5,Baixo,—,13,Two year,No,20.4,261.3,Mailed check,Yes,Female,0,No,No
4375,8670-MEFCP,1.5,Baixo,Mensalidade alta,36,Two year,DSL,92.9,3379.25,Credit card (automatic),Yes,Female,0,Yes,Yes
4376,8510-BBWMU,1.5,Baixo,—,41,One year,No,19.75,806.95,Mailed check,Yes,Female,0,No,No
4377,0562-FGDCR,1.5,Baixo,Mensalidade alta,72,Two year,DSL,74.55,5430.65,Mailed check,No,Female,0,Yes,Yes
4378,7605-BDWDC,1.5,Baixo,—,31,Two year,DSL,49.85,1520.1,Bank transfer (automatic),Yes,Female,0,No,No
4379,6867-ACCZI,1.5,Baixo,—,24,Two year,DSL,52.5,1208.15,Mailed check,Yes,Female,0,Yes,Yes
4380,6010-DDPPW,1.5,Baixo,—,70,Two year,No,25.15,1940.85,Bank transfer (automatic),No,Male,0,Yes,No
4381,5135-RDDQL,1.5,Baixo,—,63,Two year,DSL,50.65,3221.25,Bank transfer (automatic),Yes,Female,0,Yes,Yes
4382,9617-UDPEU,1.5,Baixo,—,22,One year,No,19.25,412.55,Mailed check,Yes,Female,0,No,No
4383,3262-EIDHV,1.5,Baixo,Mensalidade alta,72,Two year,DSL,84.7,5893.9,Credit card (automatic),No,Female,0,Yes,Yes
4384,3938-YFPXD,1.5,Baixo,Mensalidade alta,72,Two year,DSL,84.3,5997.1,Credit card (automatic),No,Male,0,No,No
4385,1116-FRYVH,1.5,Baixo,—,48,Two year,DSL,39.4,1978.65,Mailed check,No,Female,0,Yes,Yes
4386,1682-VCOIO,1.5,Baixo,—,23,One year,No,20.45,481.1,Mailed check,No,Male,0,No,No
4387,9845-QOMAD,1.5,Baixo,—,14,One year,No,19.75,309.35,Mailed check,No,Male,0,Yes,Yes
4388,2068-WWXQZ,1.5,Baixo,—,46,Two year,No,20.05,902.0,Bank transfer (automatic),No,Male,0,No,No
4389,6961-MJKBO,1.5,Baixo,—,47,Two year,No,20.45,943.0,Bank transfer (automatic),No,Male,0,No,No
4390,9479-HYNYL,1.5,Baixo,Mensalidade alta,71,Two year,DSL,80.7,5705.05,Credit card (automatic),Yes,Female,0,Yes,No
4391,1635-HDGFT,1.5,Baixo,—,19,Two year,No,20.5,398.55,Mailed check,No,Female,0,No,Yes
4392,7026-YMSBE,1.5,Baixo,—,30,One year,No,19.7,625.05,Mailed check,No,Male,0,No,No
4393,4277-BWBML,1.5,Baixo,—,72,Two year,No,19.95,1322.85,Bank transfer (automatic),No,Male,0,Yes,Yes
4394,9888-ZCUMM,1.5,Baixo,—,64,Two year,DSL,60.05,3845.45,Bank transfer (automatic),Yes,Male,0,Yes,Yes
4395,8859-DZTGQ,1.5,Baixo,—,33,Two year,No,20.35,689.75,Mailed check,No,Male,0,No,No
4396,6546-OPBBH,1.5,Baixo,—,51,One year,No,23.95,1216.35,Mailed check,Yes,Male,0,Yes,Yes
4397,4807-IZYOZ,1.5,Baixo,—,51,Two year,No,20.65,1020.75,Bank transfer (automatic),No,Female,0,No,No
4398,8146-QQKZH,1.4,Baixo,Mensalidade alta,71,Two year,DSL,81.85,5924.4,Bank transfer (automatic),No,Female,0,Yes,No
4399,1093-YSWCA,1.4,Baixo,Cliente novo (≤12 meses),11,Two year,No,19.55,223.15,Credit card (automatic),No,Male,0,No,No
4400,3546-GHEAE,1.4,Baixo,Cliente novo (≤12 meses),7,Two year,No,19.45,165.35,Mailed check,No,Male,0,No,No
4401,3399-BMLVW,1.4,Baixo,—,51,Two year,DSL,60.5,3121.45,Credit card (automatic),No,Male,0,Yes,Yes
4402,7073-QETQY,1.4,Baixo,Pagamento por cheque eletrônico,66,One year,No,20.35,1359.5,Electronic check,Yes,Male,0,Yes,Yes
4403,0621-TSSMU,1.4,Baixo,—,56,One year,No,19.95,1126.75,Credit card (automatic),No,Male,0,Yes,No
4404,5546-QUERU,1.4,Baixo,—,13,One year,No,19.95,257.0,Mailed check,Yes,Male,0,No,No
4405,8874-EJNSR,1.4,Baixo,—,39,Two year,No,25.2,987.95,Mailed check,No,Male,0,Yes,Yes
4406,5847-MXBEO,1.4,Baixo,—,22,One year,No,20.3,475.1,Mailed check,No,Male,0,No,No
4407,4335-BSMJS,1.4,Baixo,—,62,Two year,No,25.8,1563.95,Credit card (automatic),Yes,Female,0,No,No
4408,9522-ZSINC,1.4,Baixo,Pagamento por cheque eletrônico,13,One year,No,19.95,253.8,Electronic check,Yes,Male,0,No,No
4409,4979-HPRFL,1.4,Baixo,—,56,Two year,No,24.15,1402.25,Bank transfer (automatic),No,Male,0,Yes,Yes
4410,1767-CJKBA,1.4,Baixo,—,66,Two year,No,25.1,1697.7,Mailed check,No,Male,0,No,No
4411,2097-YVPKN,1.4,Baixo,—,65,Two year,No,25.75,1654.75,Mailed check,No,Male,0,No,No
4412,9953-ZMKSM,1.4,Baixo,—,63,Two year,No,25.25,1559.3,Mailed check,No,Male,0,No,No
4413,1459-QNFQT,1.4,Baixo,—,70,Two year,DSL,59.5,4144.8,Bank transfer (automatic),No,Male,0,Yes,Yes
4414,5093-FEGLU,1.4,Baixo,—,47,Two year,No,19.65,921.55,Bank transfer (automatic),No,Female,0,Yes,No
4415,7319-ZNRTR,1.4,Baixo,Pagamento por cheque eletrônico,25,One year,No,19.6,411.15,Electronic check,No,Male,0,Yes,Yes
4416,4006-HKYHO,1.4,Baixo,Mensalidade alta,63,Two year,DSL,86.7,5309.5,Bank transfer (automatic),Yes,Male,0,No,No
4417,0902-RFHOF,1.4,Baixo,—,38,One year,No,20.1,730.1,Mailed check,No,Male,0,No,No
4418,5871-DGTXZ,1.4,Baixo,—,32,One year,No,19.8,607.7,Mailed check,No,Male,0,No,No
4419,1755-FZQEC,1.4,Baixo,—,39,One year,No,19.9,791.15,Mailed check,No,Male,0,No,No
4420,6762-QVYJO,1.4,Baixo,—,58,Two year,DSL,59.75,3624.35,Mailed check,No,Female,0,Yes,Yes
4421,1207-BLKSA,1.4,Baixo,—,52,Two year,No,23.05,1255.1,Mailed check,No,Female,0,Yes,Yes
4422,5968-HYJRZ,1.4,Baixo,—,47,Two year,No,24.55,1160.45,Mailed check,No,Male,0,Yes,Yes
4423,7480-SPLEF,1.4,Baixo,—,69,Two year,No,26.0,1796.55,Bank transfer (automatic),Yes,Male,0,Yes,Yes
4424,8292-ITGYJ,1.4,Baixo,—,45,Two year,No,24.65,1138.8,Bank transfer (automatic),Yes,Female,0,Yes,Yes
4425,3525-DVKFN,1.4,Baixo,—,17,Two year,No,19.4,358.05,Mailed check,No,Female,0,No,No
4426,0909-SELIE,1.4,Baixo,Mensalidade alta,61,Two year,DSL,80.8,4860.85,Bank transfer (automatic),Yes,Male,0,Yes,No
4427,6258-PVZWJ,1.4,Baixo,Mensalidade alta,68,Two year,DSL,90.8,6302.85,Credit card (automatic),Yes,Male,0,Yes,No
4428,0378-CJKPV,1.4,Baixo,"Internet fibra óptica, Mensalidade alta",72,Two year,Fiber optic,112.1,7965.95,Credit card (automatic),No,Female,0,Yes,No
4429,3472-QPRCH,1.4,Baixo,—,40,Two year,No,25.25,1006.9,Credit card (automatic),No,Male,0,Yes,Yes
4430,2384-OVPSA,1.4,Baixo,—,38,Two year,No,20.2,735.9,Mailed check,No,Female,1,No,No
4431,1027-LKKQQ,1.4,Baixo,Mensalidade alta,72,Two year,DSL,80.45,5886.85,Bank transfer (automatic),Yes,Female,0,Yes,Yes
4432,8194-PEEBY,1.4,Baixo,—,24,One year,No,19.9,533.5,Mailed check,No,Female,0,Yes,Yes
4433,7632-YUTXB,1.4,Baixo,—,25,One year,No,20.05,520.1,Mailed check,No,Female,0,Yes,Yes
4434,5876-QMYLD,1.4,Baixo,—,23,One year,No,20.05,415.1,Mailed check,No,Female,0,Yes,Yes
4435,9372-TXXPS,1.4,Baixo,—,60,Two year,DSL,59.85,3483.45,Bank transfer (automatic),No,Female,0,Yes,No
4436,8008-OTEZX,1.4,Baixo,—,35,One year,No,19.65,708.8,Mailed check,No,Female,0,Yes,Yes
4437,1627-AFWVJ,1.4,Baixo,—,29,Two year,No,19.4,554.25,Mailed check,No,Female,0,No,No
4438,4584-LBNMK,1.4,Baixo,—,45,One year,No,24.7,1174.35,Credit card (automatic),No,Male,1,Yes,No
4439,6202-JVYEU,1.4,Baixo,"Cliente novo (≤12 meses), Pagamento por cheque eletrônico",9,One year,No,19.9,164.6,Electronic check,Yes,Male,0,No,No
4440,5680-LQOGP,1.4,Baixo,Mensalidade alta,68,Two year,DSL,82.45,5646.6,Credit card (automatic),Yes,Female,0,No,No
4441,0224-NIJLP,1.4,Baixo,Cliente novo (≤12 meses),8,Two year,No,20.15,165.5,Mailed check,No,Male,0,Yes,Yes
4442,9945-PSVIP,1.4,Baixo,—,25,Two year,No,18.7,383.65,Mailed check,Yes,Female,0,Yes,Yes
4443,9624-EGDEQ,1.4,Baixo,—,37,Two year,No,19.8,813.3,Mailed check,No,Female,0,No,No
4444,4891-NLUBA,1.4,Baixo,—,61,Two year,DSL,61.45,3751.15,Bank transfer (automatic),Yes,Female,0,Yes,Yes
4445,8143-ETQTI,1.4,Baixo,—,23,Two year,No,19.65,451.55,Mailed check,Yes,Female,0,Yes,Yes
4446,1089-XZWHH,1.4,Baixo,—,24,Two year,No,19.7,494.05,Mailed check,Yes,Female,0,Yes,Yes
4447,1221-GHZEP,1.4,Baixo,—,62,Two year,DSL,65.1,3846.75,Mailed check,Yes,Female,0,No,No
4448,6253-GNHWH,1.4,Baixo,Mensalidade alta,71,Two year,DSL,71.1,5224.95,Mailed check,No,Female,0,Yes,Yes
4449,5310-NOOVA,1.4,Baixo,Pagamento por cheque eletrônico,46,Two year,No,19.95,907.05,Electronic check,No,Male,0,No,No
4450,0397-ZXWQF,1.4,Baixo,—,67,Two year,No,20.5,1430.95,Bank transfer (automatic),No,Male,0,No,No
4451,2429-AYKKO,1.4,Baixo,—,72,Two year,No,19.85,1434.1,Bank transfer (automatic),No,Male,0,No,No
4452,6348-SNFUS,1.4,Baixo,—,72,Two year,DSL,55.45,4179.2,Credit card (automatic),Yes,Male,0,Yes,Yes
4453,1069-QJOEE,1.4,Baixo,Pagamento por cheque eletrônico,25,One year,No,19.9,505.45,Electronic check,No,Male,0,Yes,Yes
4454,5095-ETBRJ,1.4,Baixo,—,55,Two year,DSL,56.8,3112.05,Mailed check,No,Female,0,Yes,No
4455,9732-OUYRN,1.4,Baixo,—,49,One year,No,19.0,918.7,Credit card (automatic),No,Female,0,Yes,No
4456,2773-MADBQ,1.4,Baixo,—,36,Two year,DSL,53.1,1901.25,Mailed check,Yes,Female,0,No,No
4457,7293-LSCDV,1.4,Baixo,—,60,Two year,No,19.25,1103.25,Credit card (automatic),Yes,Female,0,Yes,Yes
4458,9227-YBAXE,1.4,Baixo,Mensalidade alta,65,Two year,DSL,82.5,5215.1,Bank transfer (automatic),Yes,Female,0,Yes,Yes
4459,0795-XCCTE,1.4,Baixo,—,72,Two year,No,25.4,1809.35,Bank transfer (automatic),No,Male,1,No,No
4460,3985-HOYPM,1.4,Baixo,—,26,One year,No,19.4,525.55,Mailed check,No,Male,0,No,No
4461,2560-QTSBS,1.4,Baixo,—,72,One year,No,23.3,1623.15,Bank transfer (automatic),Yes,Female,0,Yes,Yes
4462,2819-GWENI,1.4,Baixo,—,28,One year,No,19.9,543.0,Mailed check,No,Female,0,Yes,Yes
4463,1403-LKLIK,1.4,Baixo,—,33,One year,No,20.1,579.4,Mailed check,No,Female,0,Yes,Yes
4464,8092-NLTGF,1.4,Baixo,—,72,Two year,No,24.75,1777.6,Bank transfer (automatic),No,Male,0,No,No
4465,8512-WIWYV,1.3,Baixo,—,32,One year,No,20.35,707.5,Credit card (automatic),No,Male,0,No,No
4466,6484-LATFU,1.3,Baixo,—,68,Two year,No,24.55,1657.4,Mailed check,No,Male,0,No,No
4467,5696-EXCYS,1.3,Baixo,—,17,Two year,No,19.45,369.05,Credit card (automatic),No,Male,0,No,No
4468,3785-KTYSH,1.3,Baixo,—,53,Two year,No,24.6,1279.0,Mailed check,No,Male,0,No,No
4469,1705-GUHPV,1.3,Baixo,—,63,Two year,No,24.2,1618.2,Mailed check,No,Female,0,No,No
4470,0017-IUDMW,1.3,Baixo,"Internet fibra óptica, Mensalidade alta",72,Two year,Fiber optic,116.8,8456.75,Credit card (automatic),Yes,Female,0,Yes,Yes
4471,0675-NCDYU,1.3,Baixo,"Internet fibra óptica, Mensalidade alta",72,Two year,Fiber optic,116.4,8543.25,Credit card (automatic),Yes,Female,0,Yes,Yes
4472,9348-ROUAI,1.3,Baixo,Mensalidade alta,59,Two year,DSL,90.3,5194.05,Credit card (automatic),No,Female,0,Yes,Yes
4473,0731-EBJQB,1.3,Baixo,Pagamento por cheque eletrônico,52,One year,No,20.4,1090.65,Electronic check,Yes,Female,0,Yes,Yes
4474,3474-BAFSJ,1.3,Baixo,—,57,Two year,DSL,57.5,3265.95,Bank transfer (automatic),Yes,Male,0,Yes,No
4475,3212-KXOCR,1.3,Baixo,—,52,Two year,No,21.0,1107.2,Bank transfer (automatic),No,Male,0,No,No
4476,9766-HGEDE,1.3,Baixo,—,17,One year,No,19.35,307.0,Mailed check,No,Female,0,Yes,No
4477,6016-NXBNJ,1.3,Baixo,—,35,One year,No,19.15,638.0,Mailed check,Yes,Male,0,No,No
4478,1047-RNXZV,1.3,Baixo,—,43,Two year,No,19.55,876.15,Mailed check,No,Male,0,No,No
4479,1241-FPMOF,1.3,Baixo,—,52,Two year,No,19.65,1025.05,Mailed check,No,Male,0,No,No
4480,3764-MNMOI,1.3,Baixo,—,46,Two year,No,19.2,908.15,Credit card (automatic),No,Male,0,No,No
4481,1333-PBMXB,1.3,Baixo,—,54,One year,No,24.75,1342.15,Bank transfer (automatic),Yes,Female,0,Yes,Yes
4482,0361-HJRDX,1.3,Baixo,—,68,Two year,DSL,64.35,4539.6,Credit card (automatic),No,Female,0,No,No
4483,8727-JQFHV,1.3,Baixo,—,57,Two year,No,20.75,1123.15,Mailed check,No,Male,0,Yes,Yes
4484,5495-GPSRW,1.3,Baixo,—,20,Two year,No,19.7,419.4,Mailed check,Yes,Male,0,No,No
4485,8532-UEFWH,1.3,Baixo,—,52,Two year,No,25.75,1345.85,Mailed check,No,Male,0,Yes,Yes
4486,6407-GSJNL,1.3,Baixo,—,51,Two year,No,24.95,1288.0,Bank transfer (automatic),No,Female,0,No,No
4487,7722-VJRQD,1.3,Baixo,—,72,Two year,DSL,60.95,4549.05,Bank transfer (automatic),No,Male,0,Yes,Yes
4488,9073-ZZIAY,1.3,Baixo,"Pagamento por cheque eletrônico, Mensalidade alta",62,Two year,DSL,86.1,5215.25,Electronic check,No,Male,0,Yes,Yes
4489,8174-TBVCF,1.3,Baixo,Mensalidade alta,70,Two year,DSL,94.8,6859.05,Credit card (automatic),Yes,Female,0,Yes,No
4490,6518-KZXCB,1.3,Baixo,—,22,Two year,No,25.25,566.5,Mailed check,No,Male,0,No,No
4491,3913-FCUUW,1.3,Baixo,Mensalidade alta,72,Two year,DSL,70.45,5165.7,Bank transfer (automatic),Yes,Female,0,Yes,Yes
4492,1734-ZMNTZ,1.3,Baixo,Cliente novo (≤12 meses),11,Two year,No,25.0,300.7,Mailed check,No,Female,0,Yes,Yes
4493,5567-GZKQY,1.3,Baixo,—,58,Two year,No,20.3,1131.5,Credit card (automatic),No,Male,0,No,No
4494,4955-VCWBI,1.3,Baixo,—,43,One year,No,20.0,817.95,Mailed check,No,Female,0,Yes,Yes
4495,8590-OHDIW,1.3,Baixo,—,38,One year,No,20.3,749.35,Mailed check,No,Female,0,Yes,Yes
4496,0885-HMGPY,1.3,Baixo,—,62,Two year,DSL,69.4,4237.5,Bank transfer (automatic),No,Male,0,No,No
4497,6134-KWTBV,1.3,Baixo,—,62,Two year,No,23.4,1429.65,Bank transfer (automatic),No,Male,0,No,No
4498,4656-CAURT,1.3,Baixo,—,69,Two year,No,23.95,1713.1,Bank transfer (automatic),No,Male,0,No,No
4499,2706-QZIHY,1.3,Baixo,—,15,Two year,No,25.2,387.9,Mailed check,No,Female,0,Yes,No
4500,5845-BZZIB,1.3,Baixo,—,35,Two year,No,20.1,655.3,Mailed check,No,Male,0,Yes,Yes
4501,0839-JTCUD,1.3,Baixo,Mensalidade alta,66,Two year,DSL,89.9,5958.85,Credit card (automatic),No,Female,0,Yes,Yes
4502,0804-YGEQV,1.3,Baixo,—,43,One year,No,24.45,993.15,Bank transfer (automatic),Yes,Female,0,Yes,Yes
4503,7503-EPSZW,1.3,Baixo,—,64,Two year,No,24.05,1559.15,Mailed check,Yes,Female,0,Yes,Yes
4504,3178-CIFOT,1.3,Baixo,—,23,One year,No,19.65,478.1,Credit card (automatic),Yes,Female,0,No,No
4505,4707-YNOQA,1.3,Baixo,—,34,One year,No,25.6,917.15,Credit card (automatic),Yes,Female,0,Yes,Yes
4506,3978-YNKDD,1.3,Baixo,—,19,Two year,No,20.85,467.5,Credit card (automatic),No,Male,0,No,Yes
4507,1022-RKXDR,1.3,Baixo,—,41,One year,No,24.85,962.25,Mailed check,Yes,Female,0,No,No
4508,7552-KEYGT,1.3,Baixo,—,27,Two year,No,19.55,520.55,Bank transfer (automatic),No,Male,0,Yes,No
4509,8098-TDCBU,1.3,Baixo,Pagamento por cheque eletrônico,42,Two year,No,25.25,1108.2,Electronic check,No,Female,0,Yes,No
4510,8174-LNWMW,1.3,Baixo,—,31,Two year,No,20.9,689.35,Credit card (automatic),No,Female,0,No,No
4511,1494-EJZDW,1.3,Baixo,Cliente novo (≤12 meses),10,Two year,No,20.15,220.8,Mailed check,No,Female,0,Yes,Yes
4512,6897-RWMUB,1.3,Baixo,—,61,Two year,DSL,68.05,4158.25,Bank transfer (automatic),Yes,Male,0,Yes,Yes
4513,0164-XAIRP,1.3,Baixo,—,24,Two year,No,19.55,470.2,Bank transfer (automatic),Yes,Female,0,No,No
4514,5317-FLPJF,1.3,Baixo,—,66,Two year,DSL,61.35,4193.4,Bank transfer (automatic),Yes,Female,0,No,No
4515,0732-OCQOC,1.3,Baixo,—,52,Two year,No,25.05,1270.25,Bank transfer (automatic),Yes,Female,0,Yes,Yes
4516,8295-KMENE,1.3,Baixo,Mensalidade alta,59,Two year,DSL,76.45,4519.5,Mailed check,Yes,Female,0,Yes,Yes
4517,8701-DGLVH,1.3,Baixo,—,51,Two year,No,20.45,1042.65,Mailed check,No,Male,0,No,No
4518,6725-TPKJO,1.3,Baixo,—,44,Two year,No,20.05,845.25,Mailed check,No,Male,0,No,No
4519,6000-UKLWI,1.3,Baixo,—,41,Two year,No,20.15,802.35,Mailed check,No,Male,0,No,No
4520,7963-SHNDT,1.2,Baixo,—,52,Two year,DSL,39.1,1982.1,Mailed check,No,Female,0,No,No
4521,0428-AXXLJ,1.2,Baixo,—,25,One year,No,19.5,516.3,Bank transfer (automatic),Yes,Male,0,No,No
4522,5787-KXGIY,1.2,Baixo,—,72,Two year,No,19.3,1304.8,Credit card (automatic),No,Male,0,Yes,No
4523,8450-LUGUK,1.2,Baixo,—,37,Two year,No,24.1,861.85,Bank transfer (automatic),Yes,Female,0,Yes,Yes
4524,3778-FOAQW,1.2,Baixo,—,24,One year,No,20.15,456.85,Mailed check,No,Female,0,Yes,No
4525,3865-ZFZIB,1.2,Baixo,—,19,Two year,No,19.65,358.15,Mailed check,No,Male,0,No,No
4526,8022-BECSI,1.2,Baixo,—,22,One year,No,19.6,422.5,Mailed check,No,Male,0,No,No
4527,4487-ZYJZK,1.2,Baixo,—,38,One year,No,19.6,763.1,Credit card (automatic),No,Female,0,Yes,Yes
4528,6772-WFQRD,1.2,Baixo,—,40,One year,No,20.4,854.9,Bank transfer (automatic),Yes,Male,0,No,Yes
4529,0318-ZOPWS,1.2,Baixo,—,49,Two year,No,20.15,973.35,Bank transfer (automatic),Yes,Female,0,Yes,No
4530,7813-TKCVO,1.2,Baixo,—,20,One year,No,20.35,393.15,Mailed check,No,Female,0,Yes,No
4531,6695-AMZUF,1.2,Baixo,Mensalidade alta,70,Two year,DSL,86.45,5950.2,Credit card (automatic),No,Female,0,Yes,No
4532,8763-KIAFH,1.2,Baixo,—,27,One year,No,20.55,583.3,Mailed check,Yes,Female,0,Yes,Yes
4533,2808-CHTDM,1.2,Baixo,—,23,Two year,No,25.1,611.45,Mailed check,No,Female,0,Yes,Yes
4534,5666-MBJPT,1.2,Baixo,—,65,Two year,No,25.1,1725.0,Bank transfer (automatic),Yes,Male,0,No,No
4535,5003-XZWWO,1.2,Baixo,Mensalidade alta,71,Two year,DSL,84.2,5956.85,Credit card (automatic),No,Male,0,Yes,No
4536,9339-FIIJL,1.2,Baixo,Mensalidade alta,72,Two year,DSL,85.95,6151.9,Bank transfer (automatic),No,Male,0,Yes,No
4537,8277-RVRSV,1.2,Baixo,—,33,One year,No,24.15,800.3,Credit card (automatic),No,Female,0,Yes,Yes
4538,2300-RQGOI,1.2,Baixo,—,38,Two year,No,20.05,741.5,Mailed check,No,Female,0,No,No
4539,0582-AVCLN,1.2,Baixo,—,38,Two year,No,20.3,743.05,Mailed check,No,Female,0,No,No
4540,5529-GIBVH,1.2,Baixo,—,47,Two year,No,20.15,1046.2,Mailed check,No,Female,0,No,No
4541,4735-BJKOU,1.2,Baixo,—,40,Two year,No,20.15,804.85,Mailed check,No,Female,0,No,No
4542,8402-OOOHJ,1.2,Baixo,—,41,Two year,No,20.65,835.15,Mailed check,No,Female,0,No,No
4543,8917-FAEMR,1.2,Baixo,—,37,Two year,No,19.85,784.25,Mailed check,No,Female,0,No,No
4544,9504-YAZWB,1.2,Baixo,—,53,Two year,No,20.25,1048.45,Mailed check,No,Female,0,No,No
4545,9710-NJERN,1.2,Baixo,—,39,Two year,No,20.15,826.0,Mailed check,No,Female,0,No,No
4546,3097-FQTVJ,1.2,Baixo,—,41,Two year,No,20.0,810.3,Mailed check,No,Female,0,No,No
4547,8606-CIQUL,1.2,Baixo,"Internet fibra óptica, Mensalidade alta",72,Two year,Fiber optic,115.75,8399.15,Credit card (automatic),Yes,Male,1,Yes,Yes
4548,8990-YOZLV,1.2,Baixo,—,69,Two year,DSL,66.9,4577.9,Mailed check,Yes,Female,0,No,No
4549,5124-EOGYE,1.2,Baixo,—,31,Two year,No,20.45,638.55,Mailed check,No,Male,0,No,No
4550,2977-CEBSX,1.2,Baixo,Mensalidade alta,66,Two year,DSL,90.05,5965.95,Credit card (automatic),Yes,Female,0,No,No
4551,1407-DIGZV,1.2,Baixo,Cliente novo (≤12 meses),3,Two year,No,19.1,52.0,Mailed check,No,Female,0,Yes,Yes
4552,1395-WSWXR,1.2,Baixo,—,24,Two year,No,20.75,487.05,Mailed check,No,Male,0,No,No
4553,8413-YNHNV,1.2,Baixo,Mensalidade alta,69,Two year,DSL,90.65,6322.1,Mailed check,No,Male,0,No,No
4554,5115-GZDEL,1.2,Baixo,—,72,Two year,DSL,67.2,4671.7,Credit card (automatic),No,Male,0,No,Yes
4555,5803-NQJZO,1.2,Baixo,—,72,Two year,DSL,67.8,4804.65,Bank transfer (automatic),Yes,Male,0,Yes,No
4556,8461-EFQYM,1.2,Baixo,Pagamento por cheque eletrônico,38,One year,No,24.25,914.4,Electronic check,Yes,Female,0,No,No
4557,9224-VTYID,1.2,Baixo,Mensalidade alta,47,Two year,DSL,90.5,4318.35,Mailed check,Yes,Male,0,Yes,Yes
4558,6439-PKTRR,1.2,Baixo,"Pagamento por cheque eletrônico, Mensalidade alta",70,Two year,DSL,80.7,5617.95,Electronic check,No,Female,0,Yes,Yes
4559,6080-LNESI,1.2,Baixo,—,51,Two year,No,24.75,1234.6,Mailed check,No,Male,0,No,No
4560,2143-LJULT,1.2,Baixo,—,67,Two year,No,25.25,1733.15,Credit card (automatic),Yes,Female,0,Yes,No
4561,3125-RAHBV,1.2,Baixo,—,22,One year,No,20.3,467.15,Credit card (automatic),No,Male,0,No,No
4562,3070-FNFZQ,1.2,Baixo,—,23,Two year,No,20.4,478.75,Bank transfer (automatic),No,Female,0,Yes,Yes
4563,4176-RELJR,1.2,Baixo,—,67,Two year,No,25.1,1672.15,Credit card (automatic),No,Male,1,No,No
4564,2088-IEBAU,1.2,Baixo,"Pagamento por cheque eletrônico, Mensalidade alta",68,Two year,DSL,88.15,6148.45,Electronic check,Yes,Female,0,No,No
4565,9975-GPKZU,1.2,Baixo,—,46,Two year,No,19.75,856.5,Credit card (automatic),No,Male,0,Yes,Yes
4566,7493-GVFIO,1.2,Baixo,—,57,Two year,No,20.55,1252.85,Credit card (automatic),No,Male,0,No,No
4567,0229-LFJAF,1.2,Baixo,—,72,Two year,DSL,69.65,4908.25,Bank transfer (automatic),No,Male,0,No,No
4568,2000-DHJUY,1.2,Baixo,Mensalidade alta,70,Two year,DSL,92.2,6474.45,Bank transfer (automatic),Yes,Female,1,Yes,No
4569,1092-WPIVQ,1.2,Baixo,—,18,Two year,No,25.1,428.45,Mailed check,No,Female,0,Yes,Yes
4570,2817-LVCPP,1.2,Baixo,—,50,Two year,No,19.4,1023.95,Credit card (automatic),No,Female,0,No,No
4571,0362-RAOQO,1.2,Baixo,—,40,Two year,No,19.65,830.25,Credit card (automatic),No,Female,0,No,No
4572,0730-BGQGF,1.2,Baixo,Mensalidade alta,71,Two year,DSL,90.3,6287.3,Credit card (automatic),No,Male,0,Yes,Yes
4573,4674-HGNUA,1.2,Baixo,Mensalidade alta,71,Two year,DSL,89.9,6457.15,Credit card (automatic),No,Male,0,Yes,Yes
4574,0839-QNXME,1.2,Baixo,—,30,Two year,No,19.4,578.5,Credit card (automatic),No,Female,0,No,No
4575,8780-YRMTT,1.2,Baixo,—,66,Two year,DSL,47.4,3177.25,Mailed check,Yes,Female,0,No,No
4576,3557-HTYWR,1.2,Baixo,Mensalidade alta,47,Two year,DSL,74.05,3496.3,Mailed check,No,Female,0,No,No
4577,4782-OSFXZ,1.2,Baixo,Mensalidade alta,71,Two year,DSL,82.7,5831.2,Bank transfer (automatic),Yes,Female,1,Yes,No
4578,7508-DQAKK,1.2,Baixo,Mensalidade alta,64,Two year,DSL,86.4,5442.05,Credit card (automatic),Yes,Female,0,No,No
4579,8060-HIWJJ,1.2,Baixo,Mensalidade alta,64,Two year,DSL,86.55,5632.55,Credit card (automatic),No,Male,0,No,No
4580,0795-LAFGP,1.2,Baixo,"Pagamento por cheque eletrônico, Mensalidade alta",71,Two year,DSL,90.4,6668.05,Electronic check,No,Male,0,Yes,Yes
4581,3887-PBQAO,1.1,Baixo,—,45,One year,No,25.9,1216.6,Credit card (automatic),Yes,Female,0,Yes,Yes
4582,9365-CSLBQ,1.1,Baixo,—,71,Two year,No,24.35,1654.6,Mailed check,No,Male,0,No,Yes
4583,9067-SQTNS,1.1,Baixo,—,44,One year,No,20.6,926.0,Bank transfer (automatic),No,Male,0,Yes,Yes
4584,5231-FIQPA,1.1,Baixo,—,41,Two year,No,19.85,810.45,Mailed check,Yes,Female,0,No,No
4585,5176-LMJXE,1.1,Baixo,—,47,Two year,No,20.55,945.7,Mailed check,Yes,Female,0,No,No
4586,3662-FXJFO,1.1,Baixo,—,54,Two year,No,20.5,1035.7,Mailed check,Yes,Female,0,No,No
4587,6479-OAUSD,1.1,Baixo,—,25,One year,No,19.9,510.8,Credit card (automatic),No,Male,0,No,No
4588,9114-DPSIA,1.1,Baixo,Mensalidade alta,72,Two year,DSL,81.0,5750.0,Credit card (automatic),No,Male,0,Yes,Yes
4589,5485-ITNPC,1.1,Baixo,Mensalidade alta,66,Two year,DSL,85.9,5595.3,Bank transfer (automatic),Yes,Male,0,Yes,No
4590,6508-NJYRO,1.1,Baixo,—,15,One year,No,18.8,294.95,Mailed check,No,Male,0,Yes,No
4591,7114-AEOZE,1.1,Baixo,—,60,Two year,No,19.85,1128.1,Bank transfer (automatic),No,Female,0,No,No
4592,7560-QRBXH,1.1,Baixo,—,48,One year,No,19.95,936.7,Mailed check,No,Female,0,No,Yes
4593,7873-CVMAW,1.1,Baixo,Mensalidade alta,72,Two year,DSL,88.55,6362.35,Credit card (automatic),No,Male,0,No,No
4594,6188-UXBBR,1.1,Baixo,—,38,One year,No,20.25,814.75,Credit card (automatic),Yes,Female,0,Yes,No
4595,5006-MXVRN,1.1,Baixo,—,39,Two year,No,20.7,762.45,Credit card (automatic),No,Female,0,No,No
4596,6349-JDHQP,1.1,Baixo,—,53,Two year,No,19.85,1049.6,Credit card (automatic),No,Female,0,No,No
4597,0932-YIXYU,1.1,Baixo,—,47,Two year,No,20.25,1029.8,Credit card (automatic),No,Female,0,No,No
4598,5914-GXMDA,1.1,Baixo,—,32,One year,No,19.3,593.2,Mailed check,No,Female,0,Yes,No
4599,3721-WKIIL,1.1,Baixo,—,27,Two year,No,19.6,561.15,Mailed check,Yes,Female,0,No,No
4600,1439-LCGVL,1.1,Baixo,—,26,One year,No,19.2,459.6,Mailed check,No,Female,0,Yes,No
4601,6223-DHJGV,1.1,Baixo,—,42,One year,No,20.65,958.1,Mailed check,Yes,Female,0,No,No
4602,0374-FIUCA,1.1,Baixo,—,65,Two year,No,20.4,1414.45,Credit card (automatic),Yes,Male,0,Yes,No
4603,1561-BWHIN,1.1,Baixo,—,19,One year,No,19.8,344.5,Mailed check,No,Male,0,Yes,Yes
4604,7109-CQYUZ,1.1,Baixo,Mensalidade alta,52,Two year,DSL,89.25,4652.4,Mailed check,Yes,Male,0,No,No
4605,3556-BVQGL,1.1,Baixo,—,20,One year,No,20.0,416.45,Mailed check,Yes,Female,0,Yes,No
4606,2650-GYRYL,1.1,Baixo,—,33,One year,No,19.45,600.25,Bank transfer (automatic),Yes,Male,0,Yes,Yes
4607,2908-WGAXL,1.1,Baixo,—,56,Two year,No,24.95,1468.9,Credit card (automatic),Yes,Female,0,Yes,Yes
4608,2030-BTZRO,1.1,Baixo,Cliente novo (≤12 meses),6,Two year,No,20.4,107.6,Credit card (automatic),Yes,Male,0,Yes,Yes
4609,5917-RYRMG,1.1,Baixo,—,32,One year,No,19.8,587.7,Credit card (automatic),No,Male,1,No,No
4610,1837-YQUCE,1.1,Baixo,—,70,Two year,DSL,58.35,4214.25,Bank transfer (automatic),Yes,Female,0,No,No
4611,4795-UXVCJ,1.1,Baixo,—,26,One year,No,19.8,457.3,Credit card (automatic),No,Male,0,No,No
4612,0270-THENM,1.1,Baixo,—,72,Two year,DSL,69.85,5102.35,Bank transfer (automatic),No,Male,0,Yes,Yes
4613,3654-ARMGP,1.1,Baixo,Mensalidade alta,61,Two year,DSL,88.65,5321.25,Credit card (automatic),No,Female,0,No,No
4614,8908-SLFCJ,1.1,Baixo,—,21,Two year,No,20.85,435.25,Credit card (automatic),Yes,Female,0,No,No
4615,8232-UTFOZ,1.1,Baixo,—,69,Two year,No,19.95,1399.35,Credit card (automatic),No,Male,0,No,No
4616,2863-IMQDR,1.1,Baixo,"Pagamento por cheque eletrônico, Mensalidade alta",61,Two year,DSL,89.65,5308.7,Electronic check,No,Female,0,No,No
4617,0266-GMEAO,1.1,Baixo,"Internet fibra óptica, Mensalidade alta",72,Two year,Fiber optic,114.3,8058.55,Credit card (automatic),Yes,Male,0,Yes,Yes
4618,7216-KAOID,1.1,Baixo,—,41,One year,No,19.5,798.2,Bank transfer (automatic),No,Male,0,Yes,Yes
4619,7941-RCJOW,1.1,Baixo,—,65,Two year,No,19.55,1218.65,Credit card (automatic),Yes,Male,0,No,No
4620,6100-FJZDG,1.1,Baixo,—,26,One year,No,20.05,505.9,Bank transfer (automatic),Yes,Male,0,Yes,Yes
4621,7515-LODFU,1.1,Baixo,—,69,Two year,No,20.3,1356.3,Credit card (automatic),No,Male,1,No,No
4622,5519-TEEUH,1.1,Baixo,—,33,One year,No,20.15,682.15,Mailed check,Yes,Male,0,No,Yes
4623,0042-JVWOJ,1.1,Baixo,—,26,One year,No,19.6,471.85,Bank transfer (automatic),Yes,Male,0,No,No
4624,0531-XBKMM,1.1,Baixo,—,66,Two year,DSL,65.7,4378.9,Bank transfer (automatic),No,Male,0,No,Yes
4625,3170-NMYVV,1.1,Baixo,—,50,Two year,No,20.15,930.9,Bank transfer (automatic),No,Female,0,Yes,Yes
4626,9068-FHQHD,1.1,Baixo,—,40,Two year,No,20.15,777.35,Bank transfer (automatic),No,Female,0,Yes,Yes
4627,4701-LKOZD,1.1,Baixo,Mensalidade alta,70,Two year,DSL,89.75,6367.2,Credit card (automatic),No,Female,0,No,No
4628,8468-FZTOE,1.1,Baixo,"Pagamento por cheque eletrônico, Mensalidade alta",72,Two year,DSL,74.35,5237.4,Electronic check,Yes,Female,0,Yes,Yes
4629,1814-WFGVS,1.1,Baixo,—,72,Two year,DSL,48.9,3527.0,Mailed check,No,Male,0,Yes,Yes
4630,3967-KXAPS,1.1,Baixo,Mensalidade alta,72,Two year,DSL,92.3,6719.9,Credit card (automatic),No,Male,0,Yes,No
4631,2587-YNLES,1.0,Baixo,Cliente novo (≤12 meses),6,Two year,No,20.1,100.35,Mailed check,No,Female,0,Yes,Yes
4632,8807-OPMBM,1.0,Baixo,—,55,Two year,No,25.65,1388.0,Credit card (automatic),Yes,Female,0,Yes,Yes
4633,2211-RMNHO,1.0,Baixo,Mensalidade alta,68,Two year,DSL,85.3,5560.0,Bank transfer (automatic),No,Female,0,Yes,Yes
4634,8100-PNJMH,1.0,Baixo,Mensalidade alta,68,Two year,DSL,88.85,6132.7,Credit card (automatic),Yes,Male,0,Yes,Yes
4635,6122-LJADA,1.0,Baixo,Mensalidade alta,70,Two year,DSL,90.15,6237.05,Credit card (automatic),Yes,Male,0,Yes,Yes
4636,4092-OFQZS,1.0,Baixo,—,20,One year,No,20.65,417.5,Mailed check,No,Male,0,Yes,No
4637,7729-XBTWX,1.0,Baixo,—,66,Two year,No,19.75,1344.5,Mailed check,Yes,Male,0,Yes,Yes
4638,2560-WBWXF,1.0,Baixo,—,68,Two year,No,24.15,1498.85,Bank transfer (automatic),Yes,Male,0,No,No
4639,5075-JSDKI,1.0,Baixo,Pagamento por cheque eletrônico,59,Two year,No,24.45,1493.1,Electronic check,No,Female,0,No,No
4640,7274-CGTOD,1.0,Baixo,—,62,Two year,DSL,43.7,2618.3,Bank transfer (automatic),Yes,Male,0,No,No
4641,6734-PSBAW,1.0,Baixo,—,72,Two year,No,23.55,1723.95,Bank transfer (automatic),Yes,Male,0,Yes,No
4642,6701-DHKWQ,1.0,Baixo,—,61,Two year,DSL,51.35,3244.4,Credit card (automatic),No,Female,0,Yes,Yes
4643,6365-HITVU,1.0,Baixo,Mensalidade alta,71,Two year,DSL,87.25,6328.7,Credit card (automatic),No,Female,0,Yes,Yes
4644,8690-ZVLCL,1.0,Baixo,Mensalidade alta,68,Two year,DSL,88.0,6161.9,Credit card (automatic),No,Female,0,Yes,Yes
4645,8717-VCTXJ,1.0,Baixo,—,42,One year,No,19.55,839.4,Mailed check,Yes,Male,0,No,No
4646,1269-FOYWN,1.0,Baixo,—,44,One year,No,20.0,860.85,Bank transfer (automatic),No,Male,0,Yes,Yes
4647,1757-TCATG,1.0,Baixo,—,35,One year,No,20.05,746.75,Bank transfer (automatic),No,Male,0,Yes,Yes
4648,7321-KKSDU,1.0,Baixo,—,32,Two year,No,20.5,696.8,Mailed check,No,Male,0,No,Yes
4649,8626-XHBIE,1.0,Baixo,—,56,Two year,No,24.8,1424.2,Mailed check,Yes,Male,0,No,Yes
4650,1568-LJSZU,1.0,Baixo,Mensalidade alta,68,Two year,DSL,92.2,6392.85,Credit card (automatic),Yes,Male,0,Yes,Yes
4651,1087-GRUYI,1.0,Baixo,—,38,Two year,No,20.4,743.5,Bank transfer (automatic),No,Male,0,Yes,No
4652,8218-FFJDS,1.0,Baixo,Mensalidade alta,72,Two year,DSL,86.4,6058.95,Bank transfer (automatic),Yes,Female,0,Yes,No
4653,3523-BRGUW,1.0,Baixo,—,26,One year,No,19.3,504.2,Credit card (automatic),No,Male,1,No,No
4654,9786-YWNHU,1.0,Baixo,—,63,Two year,DSL,63.55,4014.2,Mailed check,No,Female,0,Yes,Yes
4655,4698-KVLLG,1.0,Baixo,—,51,Two year,No,19.6,967.9,Credit card (automatic),No,Female,1,No,No
4656,6963-KQYQB,1.0,Baixo,—,70,Two year,No,24.05,1764.75,Mailed check,No,Female,0,Yes,Yes
4657,5848-FHRFC,1.0,Baixo,—,68,Two year,No,20.05,1386.9,Bank transfer (automatic),No,Female,0,No,No
4658,7113-HIPFI,1.0,Baixo,—,66,Two year,DSL,65.85,4097.05,Mailed check,No,Male,0,Yes,Yes
4659,8748-HFWBO,1.0,Baixo,—,19,One year,No,19.9,357.7,Mailed check,No,Male,0,Yes,Yes
4660,0238-WHBIQ,1.0,Baixo,Mensalidade alta,72,Two year,DSL,89.7,6339.3,Credit card (automatic),No,Male,0,Yes,Yes
4661,1775-KWJKQ,1.0,Baixo,Mensalidade alta,72,Two year,DSL,89.85,6562.9,Credit card (automatic),No,Male,0,Yes,Yes
4662,2925-VDZHY,1.0,Baixo,Mensalidade alta,72,Two year,DSL,88.7,6501.35,Credit card (automatic),No,Male,0,Yes,Yes
4663,2990-OGYTD,1.0,Baixo,Mensalidade alta,67,Two year,DSL,86.15,5883.85,Bank transfer (automatic),No,Female,0,Yes,No
4664,5248-KWLAR,1.0,Baixo,"Pagamento por cheque eletrônico, Mensalidade alta",71,Two year,DSL,90.35,6325.25,Electronic check,No,Male,0,Yes,Yes
4665,6823-SIDFQ,1.0,Baixo,—,28,One year,No,18.25,534.7,Credit card (automatic),No,Male,0,No,No
4666,1843-TLSGD,1.0,Baixo,—,13,Two year,No,20.85,272.35,Mailed check,No,Female,0,Yes,Yes
4667,9435-JMLSX,1.0,Baixo,Mensalidade alta,71,Two year,DSL,86.1,6045.9,Bank transfer (automatic),Yes,Male,0,Yes,No
4668,8779-YIQQA,1.0,Baixo,—,21,One year,No,19.8,350.1,Mailed check,No,Male,0,Yes,Yes
4669,4636-TVXVG,1.0,Baixo,—,62,One year,No,19.95,1244.8,Bank transfer (automatic),No,Male,0,Yes,Yes
4670,6917-FIJHC,1.0,Baixo,—,72,Two year,No,26.0,1776.0,Mailed check,Yes,Female,0,Yes,No
4671,0463-TXOAK,1.0,Baixo,—,52,Two year,No,25.6,1334.5,Credit card (automatic),No,Male,0,No,Yes
4672,7301-ABVAD,1.0,Baixo,Mensalidade alta,72,Two year,DSL,86.6,6350.5,Bank transfer (automatic),No,Female,0,No,No
4673,6425-JWTDV,1.0,Baixo,—,48,Two year,No,19.25,855.1,Mailed check,No,Male,0,Yes,No
4674,1930-BZLHI,1.0,Baixo,—,21,One year,No,20.35,422.7,Mailed check,Yes,Male,0,No,No
4675,9805-FILKB,1.0,Baixo,—,46,One year,No,20.2,845.6,Bank transfer (automatic),Yes,Male,0,Yes,Yes
4676,1852-QSWCD,1.0,Baixo,—,64,Two year,No,24.8,1514.85,Mailed check,Yes,Male,0,Yes,Yes
4677,3873-WOSBC,1.0,Baixo,—,67,Two year,No,25.6,1784.9,Credit card (automatic),No,Male,0,Yes,No
4678,0336-KXKFK,1.0,Baixo,—,72,Two year,DSL,61.2,4390.25,Credit card (automatic),Yes,Male,0,No,No
4679,3769-MHZNV,1.0,Baixo,—,33,Two year,No,20.1,670.35,Mailed check,No,Female,0,Yes,Yes
4680,1642-HMARX,1.0,Baixo,"Pagamento por cheque eletrônico, Mensalidade alta",68,Two year,DSL,91.7,6424.7,Electronic check,Yes,Female,0,Yes,No
4681,3129-AAQOU,1.0,Baixo,—,19,Two year,No,25.6,485.9,Mailed check,No,Female,0,Yes,Yes
4682,2176-OSJUV,1.0,Baixo,—,71,Two year,DSL,65.15,4681.75,Bank transfer (automatic),No,Male,0,Yes,No
4683,8327-WKMIE,1.0,Baixo,—,37,One year,No,20.15,785.75,Credit card (automatic),No,Male,0,No,No
4684,9602-WCXPI,1.0,Baixo,—,50,One year,No,20.15,989.05,Credit card (automatic),No,Male,0,No,No
4685,5456-ITGIC,1.0,Baixo,—,72,Two year,DSL,64.45,4641.1,Credit card (automatic),Yes,Male,1,Yes,No
4686,4334-HOWRP,1.0,Baixo,—,72,Two year,DSL,64.95,4546.0,Credit card (automatic),Yes,Male,1,Yes,No
4687,9135-MGVPY,1.0,Baixo,Mensalidade alta,69,Two year,DSL,84.7,5878.9,Mailed check,Yes,Male,0,Yes,No
4688,7083-MIOPC,1.0,Baixo,—,72,Two year,No,20.25,1566.9,Credit card (automatic),No,Female,0,No,No
4689,7695-PKLCZ,1.0,Baixo,—,68,Two year,No,20.5,1424.9,Credit card (automatic),No,Female,0,No,No
4690,0129-QMPDR,1.0,Baixo,—,44,One year,No,20.5,865.05,Bank transfer (automatic),Yes,Male,0,Yes,Yes
4691,9065-ZCPQX,1.0,Baixo,Mensalidade alta,72,Two year,DSL,78.85,5763.15,Bank transfer (automatic),No,Male,0,Yes,No
4692,7696-CFTAT,1.0,Baixo,—,37,Two year,No,19.8,726.1,Bank transfer (automatic),No,Male,0,Yes,Yes
4693,4707-MAXGU,1.0,Baixo,—,72,Two year,No,25.85,1872.2,Credit card (automatic),No,Male,0,Yes,No
4694,2509-TFPJU,1.0,Baixo,—,72,Two year,No,25.75,1864.2,Credit card (automatic),No,Male,0,Yes,No
4695,5647-URDKA,1.0,Baixo,Cliente novo (≤12 meses),8,Two year,No,19.7,130.25,Mailed check,No,Male,0,Yes,Yes
4696,7815-PDTHL,1.0,Baixo,—,35,Two year,No,20.2,684.4,Mailed check,Yes,Male,0,No,No
4697,5208-FVQKB,1.0,Baixo,—,70,Two year,DSL,67.95,4664.15,Mailed check,No,Male,0,Yes,No
4698,5148-ORICT,1.0,Baixo,Mensalidade alta,64,Two year,DSL,74.35,4759.55,Mailed check,Yes,Female,0,Yes,No
4699,3458-IDMFK,1.0,Baixo,—,25,Two year,No,20.75,499.4,Mailed check,Yes,Male,0,No,No
4700,0114-IGABW,0.9,Baixo,—,71,Two year,DSL,58.25,4145.9,Bank transfer (automatic),No,Female,0,Yes,No
4701,0214-JHPFW,0.9,Baixo,—,70,Two year,DSL,57.8,4039.3,Bank transfer (automatic),No,Female,0,Yes,No
4702,0269-XFESX,0.9,Baixo,—,23,One year,No,24.35,538.5,Mailed check,No,Male,0,Yes,Yes
4703,5849-ASHZJ,0.9,Baixo,—,27,One year,No,20.05,552.9,Credit card (automatic),No,Male,0,No,Yes
4704,8395-ETZKQ,0.9,Baixo,—,68,One year,No,19.5,1193.55,Bank transfer (automatic),No,Male,1,Yes,Yes
4705,5171-EPLKN,0.9,Baixo,—,27,Two year,No,19.85,470.0,Credit card (automatic),No,Male,0,No,No
4706,9916-AYHTC,0.9,Baixo,—,48,Two year,No,19.85,916.0,Credit card (automatic),No,Male,0,No,No
4707,4625-LAMOB,0.9,Baixo,—,44,Two year,No,20.4,905.55,Credit card (automatic),No,Male,0,No,No
4708,4361-FEBGN,0.9,Baixo,—,48,Two year,No,20.15,982.95,Credit card (automatic),No,Male,0,No,No
4709,4376-KFVRS,0.9,Baixo,"Internet fibra óptica, Mensalidade alta",72,Two year,Fiber optic,114.05,8468.2,Credit card (automatic),Yes,Male,0,Yes,Yes
4710,3520-FJGCV,0.9,Baixo,"Internet fibra óptica, Mensalidade alta",72,Two year,Fiber optic,112.6,8126.65,Credit card (automatic),Yes,Male,0,Yes,Yes
4711,3892-NXAZG,0.9,Baixo,"Internet fibra óptica, Mensalidade alta",72,Two year,Fiber optic,114.05,8289.2,Credit card (automatic),Yes,Male,0,Yes,Yes
4712,1306-RPWXZ,0.9,Baixo,—,49,Two year,No,20.45,1024.65,Credit card (automatic),No,Female,0,No,Yes
4713,8957-THMOA,0.9,Baixo,—,50,Two year,No,20.15,970.85,Credit card (automatic),No,Female,0,No,Yes
4714,9337-SRRNI,0.9,Baixo,—,66,Two year,No,25.3,1673.8,Credit card (automatic),Yes,Male,0,No,Yes
4715,2481-SBOYW,0.9,Baixo,—,61,Two year,No,25.0,1498.35,Credit card (automatic),Yes,Female,0,No,Yes
4716,1985-MBRYP,0.9,Baixo,—,43,Two year,No,19.65,779.25,Bank transfer (automatic),Yes,Female,0,No,No
4717,4774-HHGGS,0.9,Baixo,—,30,Two year,No,19.05,637.55,Mailed check,No,Male,0,Yes,No
4718,2961-VNFKL,0.9,Baixo,—,71,Two year,No,25.95,1801.9,Credit card (automatic),Yes,Female,0,Yes,No
4719,3712-PKXZA,0.9,Baixo,—,61,One year,No,20.55,1252.0,Credit card (automatic),Yes,Male,0,Yes,No
4720,2194-IIQOF,0.9,Baixo,Mensalidade alta,71,Two year,DSL,89.3,6388.65,Credit card (automatic),No,Female,0,Yes,No
4721,6885-PKOAM,0.9,Baixo,Mensalidade alta,71,Two year,DSL,85.75,6223.8,Credit card (automatic),No,Female,0,Yes,No
4722,2829-HYVZP,0.9,Baixo,—,29,One year,No,19.8,572.2,Mailed check,Yes,Male,0,No,No
4723,9548-LERKT,0.9,Baixo,—,24,Two year,No,19.75,483.15,Mailed check,No,Male,0,Yes,No
4724,2682-KEVRP,0.9,Baixo,—,22,One year,No,20.05,417.0,Mailed check,Yes,Female,1,No,No
4725,5474-LAMUQ,0.9,Baixo,—,24,One year,No,20.1,533.9,Mailed check,No,Male,0,Yes,No
4726,3891-NLXJB,0.9,Baixo,—,37,Two year,DSL,40.55,1390.85,Mailed check,Yes,Male,0,No,No
4727,3779-OSWCF,0.9,Baixo,Mensalidade alta,71,Two year,DSL,93.2,6506.15,Credit card (automatic),No,Female,0,Yes,No
4728,5469-NUJUR,0.9,Baixo,—,19,Two year,No,19.95,373.5,Mailed check,Yes,Male,0,No,No
4729,5605-XNWEN,0.9,Baixo,—,72,Two year,No,25.0,1802.55,Bank transfer (automatic),Yes,Male,1,Yes,No
4730,4827-DPADN,0.9,Baixo,Mensalidade alta,72,Two year,DSL,83.3,6042.7,Bank transfer (automatic),Yes,Female,0,Yes,Yes
4731,2725-TTRIQ,0.9,Baixo,Mensalidade alta,72,Two year,DSL,84.2,5986.55,Bank transfer (automatic),Yes,Female,0,Yes,Yes
4732,2511-ALLCS,0.9,Baixo,—,35,Two year,No,24.3,821.6,Bank transfer (automatic),No,Female,0,Yes,Yes
4733,1328-EUZHC,0.9,Baixo,—,18,Two year,No,20.1,370.5,Mailed check,No,Female,0,Yes,No
4734,2346-CZYIL,0.9,Baixo,—,27,Two year,No,20.35,531.6,Credit card (automatic),No,Male,0,No,No
4735,9824-QCJPK,0.9,Baixo,—,36,One year,No,20.0,666.75,Mailed check,No,Male,0,Yes,No
4736,9418-RUKPH,0.9,Baixo,—,38,Two year,No,19.95,756.4,Mailed check,Yes,Female,0,Yes,Yes
4737,4538-WNTMJ,0.9,Baixo,—,46,One year,No,24.95,1165.9,Mailed check,No,Female,0,Yes,Yes
4738,6625-FLENO,0.9,Baixo,—,58,Two year,No,20.75,1185.95,Mailed check,No,Male,0,Yes,No
4739,2892-GESUL,0.9,Baixo,—,18,Two year,No,19.35,309.25,Mailed check,No,Female,0,Yes,Yes
4740,1399-OUPJN,0.9,Baixo,—,57,Two year,No,19.75,1272.05,Bank transfer (automatic),No,Female,0,Yes,Yes
4741,0827-ITJPH,0.9,Baixo,—,36,Two year,No,18.55,689.0,Credit card (automatic),Yes,Male,0,No,No
4742,5821-MMEIL,0.9,Baixo,—,57,Two year,No,19.9,1115.6,Bank transfer (automatic),No,Female,0,Yes,No
4743,7606-BPHHN,0.9,Baixo,—,72,Two year,No,19.8,1468.75,Credit card (automatic),Yes,Male,0,No,No
4744,4709-LKHYG,0.9,Baixo,Pagamento por cheque eletrônico,29,One year,No,20.0,540.05,Electronic check,No,Female,0,Yes,Yes
4745,7205-BAIAD,0.9,Baixo,—,40,Two year,No,20.6,827.3,Bank transfer (automatic),Yes,Female,0,No,No
4746,5542-NKVRU,0.9,Baixo,—,42,Two year,No,20.75,844.45,Bank transfer (automatic),Yes,Female,0,No,No
4747,9087-EYCPR,0.9,Baixo,—,60,Two year,No,25.0,1505.05,Mailed check,No,Female,0,No,No
4748,2796-NNUFI,0.9,Baixo,—,46,Two year,No,19.95,927.1,Mailed check,Yes,Female,0,Yes,Yes
4749,2122-SZZZD,0.9,Baixo,—,44,One year,No,19.5,835.5,Credit card (automatic),No,Male,0,No,No
4750,0301-KOBTQ,0.9,Baixo,—,32,Two year,No,20.05,614.45,Bank transfer (automatic),Yes,Male,0,No,No
4751,7305-ZWMAJ,0.9,Baixo,—,30,One year,No,20.7,587.1,Credit card (automatic),No,Male,0,Yes,No
4752,6997-UVGOX,0.9,Baixo,Mensalidade alta,71,Two year,DSL,85.45,6029.9,Bank transfer (automatic),No,Male,0,Yes,Yes
4753,0505-SPOOW,0.9,Baixo,—,70,Two year,No,19.8,1397.65,Bank transfer (automatic),No,Female,0,Yes,No
4754,9938-PRCVK,0.9,Baixo,—,41,Two year,No,19.7,804.25,Bank transfer (automatic),No,Female,0,Yes,Yes
4755,6828-HMKWP,0.9,Baixo,Cliente novo (≤12 meses),12,Two year,No,21.05,262.05,Bank transfer (automatic),No,Male,0,Yes,Yes
4756,4742-TXUEX,0.9,Baixo,—,47,Two year,No,19.3,890.5,Bank transfer (automatic),No,Female,0,Yes,Yes
4757,5465-BUBFA,0.9,Baixo,—,41,Two year,No,19.3,772.4,Bank transfer (automatic),No,Female,0,Yes,Yes
4758,1073-XXCZD,0.9,Baixo,—,55,Two year,No,25.7,1443.65,Bank transfer (automatic),No,Male,0,Yes,No
4759,4291-TPNFG,0.9,Baixo,Mensalidade alta,72,Two year,DSL,82.3,5980.55,Bank transfer (automatic),Yes,Male,0,Yes,No
4760,8540-ZQGEA,0.8,Baixo,—,54,Two year,No,20.05,1102.4,Credit card (automatic),No,Female,0,Yes,No
4761,7596-IIWYC,0.8,Baixo,—,27,Two year,No,20.25,538.2,Bank transfer (automatic),Yes,Female,0,No,No
4762,7398-HPYZQ,0.8,Baixo,Mensalidade alta,71,Two year,DSL,90.55,6404.0,Bank transfer (automatic),No,Male,0,Yes,No
4763,1699-TLDLZ,0.8,Baixo,—,16,Two year,No,19.7,301.55,Mailed check,No,Female,0,Yes,Yes
4764,0219-QAERP,0.8,Baixo,—,30,One year,No,19.8,576.65,Credit card (automatic),No,Male,0,Yes,No
4765,4933-BSAIP,0.8,Baixo,—,40,Two year,No,19.1,780.1,Mailed check,No,Female,0,Yes,No
4766,6368-TZZDT,0.8,Baixo,Cliente novo (≤12 meses),4,Two year,No,19.5,96.85,Credit card (automatic),No,Male,0,Yes,Yes
4767,1460-UZPRJ,0.8,Baixo,—,60,Two year,No,19.95,1258.15,Mailed check,No,Male,0,Yes,No
4768,3118-UHVVQ,0.8,Baixo,—,68,Two year,No,25.8,1911.5,Credit card (automatic),No,Female,0,Yes,No
4769,3717-FDJFU,0.8,Baixo,Cliente novo (≤12 meses),5,Two year,No,20.45,106.9,Mailed check,No,Male,0,No,Yes
4770,2428-HYUNX,0.8,Baixo,—,44,Two year,No,19.35,847.25,Credit card (automatic),Yes,Male,1,Yes,No
4771,0936-NQLJU,0.8,Baixo,—,41,Two year,No,20.65,875.55,Credit card (automatic),No,Female,0,Yes,No
4772,5480-XTFFL,0.8,Baixo,—,31,Two year,No,21.0,697.7,Mailed check,No,Female,0,Yes,Yes
4773,0404-AHASP,0.8,Baixo,—,72,Two year,No,19.7,1421.9,Credit card (automatic),No,Male,0,Yes,No
4774,4872-JCVCA,0.8,Baixo,—,71,Two year,DSL,47.6,3377.8,Bank transfer (automatic),Yes,Female,0,Yes,No
4775,0206-OYVOC,0.8,Baixo,—,46,Two year,No,19.25,864.2,Mailed check,Yes,Female,0,Yes,Yes
4776,2169-RRLFW,0.8,Baixo,—,71,Two year,No,25.6,1888.25,Credit card (automatic),No,Female,0,Yes,No
4777,7096-ZNBZI,0.8,Baixo,—,72,Two year,No,26.45,1914.5,Credit card (automatic),No,Female,0,Yes,No
4778,3148-AOIQT,0.8,Baixo,—,69,Two year,No,24.95,1718.35,Credit card (automatic),Yes,Female,0,Yes,No
4779,1619-YWUBB,0.8,Baixo,—,68,Two year,No,24.95,1614.9,Credit card (automatic),Yes,Female,0,Yes,No
4780,5924-SNGKP,0.8,Baixo,—,41,One year,No,20.25,865.0,Credit card (automatic),Yes,Female,0,No,Yes
4781,6563-VRERX,0.8,Baixo,—,33,One year,No,20.6,690.25,Mailed check,No,Male,0,Yes,Yes
4782,0608-JDVEC,0.8,Baixo,Pagamento por cheque eletrônico,50,Two year,No,19.8,1013.2,Electronic check,No,Male,0,Yes,No
4783,5774-QPLTF,0.8,Baixo,—,50,One year,No,20.35,938.95,Mailed check,Yes,Male,0,Yes,Yes
4784,4884-LEVMQ,0.8,Baixo,—,39,Two year,No,20.45,790.0,Bank transfer (automatic),Yes,Male,0,Yes,No
4785,8966-SNIZF,0.8,Baixo,—,70,Two year,No,19.45,1303.5,Bank transfer (automatic),No,Female,0,Yes,No
4786,6139-ZZRBQ,0.8,Baixo,—,64,Two year,No,20.05,1198.05,Bank transfer (automatic),Yes,Male,1,No,No
4787,8125-QPFJD,0.8,Baixo,Mensalidade alta,72,Two year,DSL,84.9,6065.3,Bank transfer (automatic),Yes,Female,0,Yes,No
4788,6922-NCEDI,0.8,Baixo,—,56,One year,No,21.2,1238.65,Mailed check,Yes,Male,0,No,Yes
4789,9646-NMHXE,0.8,Baixo,—,47,Two year,No,19.65,973.1,Mailed check,No,Male,0,Yes,No
4790,5804-JMYIO,0.8,Baixo,—,39,Two year,No,19.75,757.95,Mailed check,No,Female,0,Yes,Yes
4791,1709-EJDOX,0.8,Baixo,—,47,Two year,No,19.75,948.9,Mailed check,No,Female,0,Yes,Yes
4792,3768-VHXQO,0.8,Baixo,—,67,Two year,No,24.85,1583.5,Credit card (automatic),No,Male,0,Yes,No
4793,2696-RZVZW,0.8,Baixo,—,68,Two year,No,25.05,1629.2,Credit card (automatic),No,Male,0,Yes,No
4794,3911-RSNHI,0.8,Baixo,—,71,Two year,DSL,61.4,4310.35,Credit card (automatic),Yes,Female,0,Yes,No
4795,2226-ICFDO,0.8,Baixo,Mensalidade alta,72,Two year,DSL,85.9,6110.75,Credit card (automatic),Yes,Female,0,Yes,Yes
4796,9488-FVZCC,0.8,Baixo,Mensalidade alta,72,Two year,DSL,79.5,5661.7,Bank transfer (automatic),Yes,Female,0,Yes,Yes
4797,9242-TKFSV,0.8,Baixo,—,72,Two year,DSL,65.1,4754.3,Credit card (automatic),Yes,Male,0,Yes,Yes
4798,9443-JUBUO,0.8,Baixo,—,72,Two year,DSL,65.25,4478.85,Credit card (automatic),Yes,Male,0,Yes,Yes
4799,6696-YDAYZ,0.8,Baixo,—,16,Two year,No,20.5,290.55,Mailed check,No,Male,0,Yes,Yes
4800,6115-ZTBFQ,0.8,Baixo,—,72,Two year,DSL,65.5,4919.7,Bank transfer (automatic),No,Female,0,Yes,No
4801,7408-OFWXJ,0.8,Baixo,Mensalidade alta,72,Two year,DSL,89.8,6510.45,Credit card (automatic),No,Female,0,Yes,Yes
4802,1215-EXRMO,0.8,Baixo,—,50,Two year,No,20.55,1067.65,Mailed check,No,Male,0,Yes,No
4803,1245-HARPS,0.8,Baixo,—,14,Two year,No,20.4,292.4,Mailed check,No,Female,0,Yes,No
4804,8749-TZYEC,0.8,Baixo,—,72,Two year,No,24.8,1874.3,Credit card (automatic),No,Male,0,Yes,No
4805,8219-VYBVI,0.8,Baixo,—,39,Two year,No,25.0,1004.35,Mailed check,No,Male,0,No,Yes
4806,9534-NSXEM,0.8,Baixo,—,26,One year,No,20.65,595.5,Credit card (automatic),Yes,Male,0,No,No
4807,3982-JGSFD,0.8,Baixo,—,36,One year,No,20.35,695.85,Credit card (automatic),Yes,Male,0,No,No
4808,8390-FESFV,0.8,Baixo,Mensalidade alta,62,Two year,DSL,84.5,5193.2,Bank transfer (automatic),No,Female,0,No,No
4809,0442-TDYUO,0.8,Baixo,—,48,Two year,No,20.05,1036.0,Mailed check,Yes,Male,0,Yes,No
4810,0754-EEBDC,0.8,Baixo,Cliente novo (≤12 meses),4,Two year,No,19.9,76.65,Mailed check,No,Male,0,Yes,Yes
4811,5201-CBWYG,0.8,Baixo,—,62,One year,No,24.8,1476.25,Bank transfer (automatic),No,Male,0,Yes,Yes
4812,6024-RUGGH,0.8,Baixo,—,72,Two year,No,25.2,1798.9,Bank transfer (automatic),Yes,Male,0,Yes,Yes
4813,9392-XBGTD,0.8,Baixo,—,27,Two year,No,20.6,581.85,Mailed check,No,Male,0,No,Yes
4814,6916-HIJSE,0.8,Baixo,Mensalidade alta,65,Two year,DSL,84.85,5459.2,Bank transfer (automatic),Yes,Female,0,No,No
4815,9503-XJUME,0.8,Baixo,—,52,One year,No,19.65,928.4,Credit card (automatic),No,Male,0,No,Yes
4816,6898-RBTLU,0.8,Baixo,Mensalidade alta,49,Two year,DSL,79.3,3902.45,Bank transfer (automatic),No,Female,0,Yes,Yes
4817,3227-WLKLI,0.8,Baixo,Mensalidade alta,65,Two year,DSL,91.55,5963.95,Bank transfer (automatic),No,Female,0,Yes,Yes
4818,1657-DYMBM,0.8,Baixo,—,53,Two year,No,19.9,1110.05,Credit card (automatic),No,Male,0,Yes,No
4819,2266-FUBDZ,0.8,Baixo,—,15,Two year,No,19.35,278.85,Mailed check,No,Male,0,Yes,Yes
4820,1764-VUUMT,0.8,Baixo,—,66,Two year,No,19.95,1269.1,Credit card (automatic),No,Male,0,No,Yes
4821,0363-SVHYR,0.8,Baixo,Mensalidade alta,71,Two year,DSL,86.85,6263.8,Bank transfer (automatic),No,Male,0,Yes,Yes
4822,9588-YRFHY,0.8,Baixo,—,49,Two year,No,19.9,1022.6,Credit card (automatic),Yes,Male,0,No,No
4823,0784-ZQJZX,0.8,Baixo,—,72,Two year,No,19.9,1529.65,Credit card (automatic),No,Male,0,No,Yes
4824,3635-QQRQD,0.8,Baixo,—,62,Two year,No,20.05,1201.65,Credit card (automatic),Yes,Male,0,No,No
4825,3973-SKMLN,0.8,Baixo,—,71,Two year,No,19.9,1355.1,Credit card (automatic),Yes,Male,0,No,No
4826,3910-MRQOY,0.8,Baixo,—,72,Two year,No,19.4,1496.45,Bank transfer (automatic),No,Female,0,Yes,No
4827,8165-ZJRNM,0.8,Baixo,—,72,Two year,No,23.75,1679.25,Bank transfer (automatic),No,Female,0,Yes,Yes
4828,0281-CNTZX,0.8,Baixo,—,63,Two year,No,19.95,1234.8,Bank transfer (automatic),Yes,Male,0,Yes,No
4829,6603-YRDCJ,0.8,Baixo,—,33,Two year,DSL,61.05,2018.4,Mailed check,Yes,Male,0,Yes,No
4830,8661-BOYNW,0.8,Baixo,Mensalidade alta,72,Two year,DSL,84.4,6096.45,Credit card (automatic),Yes,Female,0,Yes,No
4831,9489-JMTTN,0.7,Baixo,Mensalidade alta,72,Two year,DSL,89.75,6595.9,Credit card (automatic),No,Female,0,Yes,Yes
4832,3359-DSRKA,0.7,Baixo,—,58,Two year,No,19.85,1158.85,Mailed check,Yes,Female,0,Yes,Yes
4833,0626-QXNGV,0.7,Baixo,—,72,Two year,No,24.15,1776.45,Credit card (automatic),Yes,Female,0,Yes,No
4834,7014-ZZXAW,0.7,Baixo,—,71,Two year,No,24.25,1732.95,Credit card (automatic),Yes,Female,0,Yes,No
4835,3612-YVGSJ,0.7,Baixo,—,71,Two year,No,24.45,1681.6,Credit card (automatic),Yes,Female,0,Yes,No
4836,9964-WBQDJ,0.7,Baixo,—,71,Two year,No,24.4,1725.4,Credit card (automatic),Yes,Female,0,Yes,No
4837,4302-ZYFEL,0.7,Baixo,—,69,One year,No,20.55,1403.1,Credit card (automatic),Yes,Male,0,Yes,Yes
4838,7503-MIOGA,0.7,Baixo,Mensalidade alta,72,Two year,DSL,89.85,6697.35,Bank transfer (automatic),Yes,Female,1,Yes,No
4839,0769-MURVM,0.7,Baixo,—,72,Two year,DSL,65.7,4575.35,Bank transfer (automatic),No,Female,0,Yes,Yes
4840,0854-UYHZD,0.7,Baixo,—,13,Two year,No,19.55,265.3,Mailed check,No,Female,0,Yes,Yes
4841,5044-XDPYX,0.7,Baixo,—,51,Two year,No,25.5,1281.25,Mailed check,No,Female,0,Yes,No
4842,3284-SVCRO,0.7,Baixo,—,45,Two year,No,25.5,1121.05,Mailed check,No,Female,0,Yes,No
4843,0230-WEQUW,0.7,Baixo,—,66,Two year,DSL,56.6,3789.2,Bank transfer (automatic),Yes,Male,0,Yes,No
4844,5982-XMDEX,0.7,Baixo,—,65,Two year,No,26.5,1698.55,Bank transfer (automatic),No,Female,0,No,No
4845,3696-DFHHB,0.7,Baixo,—,68,Two year,No,25.5,1821.8,Bank transfer (automatic),No,Female,0,No,No
4846,2984-RGEYA,0.7,Baixo,—,69,Two year,No,19.75,1375.4,Bank transfer (automatic),No,Female,0,Yes,Yes
4847,8966-KZXXA,0.7,Baixo,—,36,Two year,No,25.1,930.95,Credit card (automatic),No,Male,0,Yes,Yes
4848,9650-VBUOG,0.7,Baixo,—,38,Two year,No,25.05,963.95,Credit card (automatic),No,Male,0,Yes,Yes
4849,5583-EJXRD,0.7,Baixo,—,44,Two year,DSL,54.05,2375.2,Credit card (automatic),Yes,Male,0,Yes,Yes
4850,9347-AERRL,0.7,Baixo,—,23,One year,No,19.3,486.2,Credit card (automatic),No,Male,0,Yes,No
4851,5627-TVBPP,0.7,Baixo,—,35,One year,No,20.1,644.5,Credit card (automatic),Yes,Female,0,No,Yes
4852,7649-SIJJF,0.7,Baixo,Mensalidade alta,71,Two year,DSL,80.1,5585.4,Mailed check,Yes,Male,0,Yes,No
4853,9415-ZNBSX,0.7,Baixo,Mensalidade alta,70,Two year,DSL,89.0,6293.2,Bank transfer (automatic),Yes,Female,0,Yes,Yes
4854,6369-MCAKO,0.7,Baixo,Mensalidade alta,68,Two year,DSL,89.05,6185.8,Bank transfer (automatic),Yes,Female,0,Yes,Yes
4855,3569-JFODW,0.7,Baixo,Mensalidade alta,72,Two year,DSL,90.95,6652.45,Credit card (automatic),No,Female,0,Yes,Yes
4856,3190-ITQXP,0.7,Baixo,—,46,Two year,No,20.25,890.35,Bank transfer (automatic),No,Female,0,Yes,Yes
4857,3154-HMWUU,0.7,Baixo,—,60,Two year,No,20.5,1198.8,Bank transfer (automatic),Yes,Male,0,Yes,No
4858,8148-WOCMK,0.7,Baixo,Cliente novo (≤12 meses),8,Two year,No,19.6,125.0,Credit card (automatic),No,Male,0,Yes,Yes
4859,4962-CHQPW,0.7,Baixo,—,29,One year,No,19.85,535.05,Mailed check,No,Male,0,No,Yes
4860,7473-ZBDSN,0.7,Baixo,—,14,Two year,No,18.8,255.55,Mailed check,No,Female,0,Yes,Yes
4861,7781-HVGMK,0.7,Baixo,—,72,Two year,DSL,65.2,4784.45,Credit card (automatic),Yes,Female,0,Yes,Yes
4862,9620-QJREV,0.7,Baixo,—,47,One year,No,20.55,1013.05,Credit card (automatic),No,Male,0,No,Yes
4863,1209-VFFOC,0.7,Baixo,—,68,Two year,DSL,56.4,3948.45,Mailed check,Yes,Male,0,Yes,Yes
4864,8164-OCKUJ,0.7,Baixo,—,59,Two year,No,20.6,1286.0,Mailed check,No,Female,0,Yes,Yes
4865,6345-FZOQH,0.7,Baixo,—,69,Two year,No,19.9,1363.45,Mailed check,No,Male,0,Yes,No
4866,6082-OQFBA,0.7,Baixo,—,23,One year,No,19.65,436.9,Mailed check,No,Male,0,Yes,Yes
4867,2378-YIZKA,0.7,Baixo,Mensalidade alta,68,Two year,DSL,85.0,5607.75,Credit card (automatic),Yes,Female,0,Yes,Yes
4868,0988-AADSA,0.7,Baixo,Mensalidade alta,72,Two year,DSL,80.85,5824.75,Bank transfer (automatic),No,Female,0,Yes,Yes
4869,1265-ZFOSD,0.7,Baixo,Mensalidade alta,64,Two year,DSL,81.3,5129.3,Mailed check,Yes,Female,0,Yes,No
4870,8249-THVEC,0.7,Baixo,—,51,One year,No,19.4,997.75,Mailed check,No,Male,0,Yes,Yes
4871,4644-OBGFZ,0.7,Baixo,—,55,One year,No,19.5,1026.35,Mailed check,No,Male,0,Yes,Yes
4872,7558-IMLMT,0.7,Baixo,—,67,Two year,No,20.8,1411.9,Mailed check,Yes,Male,0,Yes,Yes
4873,7463-IFMQU,0.7,Baixo,—,72,Two year,No,20.05,1423.65,Bank transfer (automatic),No,Female,0,Yes,No
4874,6549-BTYPG,0.7,Baixo,—,60,Two year,DSL,60.8,3603.45,Credit card (automatic),No,Female,0,Yes,No
4875,5360-XGYAZ,0.7,Baixo,—,72,Two year,DSL,65.65,4664.5,Bank transfer (automatic),Yes,Male,0,Yes,Yes
4876,5699-BNCAS,0.7,Baixo,—,71,Two year,No,24.65,1766.75,Mailed check,Yes,Male,1,No,No
4877,7164-BPTUT,0.7,Baixo,Mensalidade alta,57,Two year,DSL,89.55,5012.35,Mailed check,No,Male,0,No,Yes
4878,6518-PPLMZ,0.7,Baixo,—,53,Two year,No,19.4,1110.35,Mailed check,Yes,Male,0,Yes,Yes
4879,9801-NOSHQ,0.7,Baixo,—,23,One year,No,19.8,465.45,Mailed check,No,Male,0,No,Yes
4880,6551-VLJMV,0.7,Baixo,—,34,Two year,No,20.05,679.0,Credit card (automatic),No,Male,0,Yes,No
4881,9585-KKMFD,0.7,Baixo,—,41,Two year,No,20.0,879.8,Mailed check,Yes,Male,0,Yes,Yes
4882,0506-YLVKJ,0.7,Baixo,—,46,Two year,No,20.2,917.45,Mailed check,Yes,Male,0,Yes,Yes
4883,5296-BFCYD,0.7,Baixo,—,46,Two year,No,20.1,936.85,Mailed check,Yes,Male,0,Yes,Yes
4884,2167-FQSTQ,0.7,Baixo,"Pagamento por cheque eletrônico, Mensalidade alta",72,Two year,DSL,92.4,6786.1,Electronic check,Yes,Female,0,Yes,No
4885,5016-LIPDW,0.7,Baixo,—,57,One year,No,19.4,1061.6,Mailed check,No,Male,0,Yes,Yes
4886,2642-MAWLJ,0.7,Baixo,—,36,Two year,No,20.25,717.95,Bank transfer (automatic),No,Female,0,Yes,Yes
4887,5248-RPYWW,0.7,Baixo,Mensalidade alta,72,Two year,DSL,90.15,6716.45,Bank transfer (automatic),Yes,Female,1,Yes,Yes
4888,6685-XSHHU,0.7,Baixo,—,60,Two year,No,20.95,1270.55,Bank transfer (automatic),Yes,Male,0,Yes,Yes
4889,6060-QBMGV,0.7,Baixo,—,70,Two year,No,19.85,1433.8,Credit card (automatic),No,Male,0,Yes,No
4890,3027-YNWZU,0.7,Baixo,—,64,Two year,No,25.0,1584.8,Credit card (automatic),No,Female,0,Yes,No
4891,9135-HSWOC,0.7,Baixo,—,64,Two year,No,19.7,1274.05,Bank transfer (automatic),Yes,Male,0,Yes,Yes
4892,8404-VIOMB,0.7,Baixo,—,66,Two year,DSL,62.5,4136.4,Bank transfer (automatic),Yes,Female,0,No,No
4893,5939-SXWHM,0.7,Baixo,—,48,Two year,No,26.3,1245.05,Bank transfer (automatic),No,Male,0,Yes,Yes
4894,4896-CPRPF,0.7,Baixo,—,35,Two year,No,25.45,809.25,Bank transfer (automatic),No,Male,0,Yes,Yes
4895,8514-VZHEB,0.7,Baixo,—,59,Two year,No,19.5,1147.85,Mailed check,No,Male,0,Yes,Yes
4896,2181-TIDSV,0.7,Baixo,—,68,Two year,No,19.95,1303.25,Bank transfer (automatic),Yes,Male,0,Yes,Yes
4897,4973-MGTON,0.7,Baixo,Mensalidade alta,71,Two year,DSL,84.4,5969.3,Credit card (automatic),Yes,Female,0,Yes,No
4898,5275-PMFUT,0.7,Baixo,—,72,Two year,DSL,64.8,4719.75,Credit card (automatic),Yes,Male,0,Yes,Yes
4899,2535-PBCGC,0.7,Baixo,—,70,Two year,DSL,64.55,4504.9,Bank transfer (automatic),No,Female,0,Yes,No
4900,8237-ULIXL,0.7,Baixo,—,72,Two year,No,24.85,1871.85,Credit card (automatic),No,Female,0,Yes,No
4901,1987-AUELQ,0.7,Baixo,—,71,Two year,No,25.05,1873.7,Credit card (automatic),No,Female,0,Yes,No
4902,4836-WNFNO,0.7,Baixo,—,72,Two year,No,25.0,1849.2,Credit card (automatic),No,Female,0,Yes,No
4903,4012-YCFAI,0.7,Baixo,—,60,Two year,DSL,61.35,3766.2,Mailed check,Yes,Male,0,Yes,No
4904,3620-EHIMZ,0.7,Baixo,—,52,Two year,No,19.35,1031.7,Mailed check,No,Female,0,Yes,Yes
4905,4825-FUREZ,0.7,Baixo,Pagamento por cheque eletrônico,42,Two year,No,20.25,835.5,Electronic check,No,Male,0,Yes,No
4906,4632-PAOYU,0.7,Baixo,—,22,One year,No,19.95,433.5,Mailed check,No,Male,0,Yes,Yes
4907,2749-CTKAJ,0.7,Baixo,—,22,One year,No,20.15,419.9,Mailed check,No,Male,0,Yes,Yes
4908,5248-YGIJN,0.6,Baixo,Mensalidade alta,72,Two year,DSL,90.25,6369.45,Credit card (automatic),Yes,Male,0,Yes,No
4909,6701-YVNQG,0.6,Baixo,Mensalidade alta,72,Two year,DSL,88.7,6301.7,Credit card (automatic),Yes,Male,0,Yes,No
4910,7608-RGIRO,0.6,Baixo,—,62,Two year,No,24.4,1413.0,Mailed check,Yes,Male,0,No,Yes
4911,1830-IPXVJ,0.6,Baixo,—,61,Two year,No,19.75,1311.6,Credit card (automatic),No,Female,0,Yes,Yes
4912,1926-QUZNN,0.6,Baixo,—,72,Two year,No,25.25,1841.2,Bank transfer (automatic),Yes,Female,0,Yes,No
4913,5997-OPVFA,0.6,Baixo,Mensalidade alta,72,Two year,DSL,89.05,6254.45,Bank transfer (automatic),Yes,Male,0,Yes,No
4914,5980-BDHPY,0.6,Baixo,Mensalidade alta,72,Two year,DSL,87.1,6230.1,Bank transfer (automatic),Yes,Male,0,Yes,No
4915,1834-WULEG,0.6,Baixo,—,24,One year,No,20.25,439.75,Mailed check,No,Male,0,Yes,Yes
4916,3454-JFUBC,0.6,Baixo,—,68,Two year,No,20.0,1396.0,Credit card (automatic),Yes,Male,1,No,No
4917,1945-XISKS,0.6,Baixo,—,67,Two year,No,19.65,1335.2,Mailed check,No,Female,0,Yes,No
4918,9778-OGKQZ,0.6,Baixo,Mensalidade alta,72,Two year,DSL,92.0,6782.15,Credit card (automatic),Yes,Male,0,Yes,No
4919,3460-TJBWI,0.6,Baixo,—,24,Two year,No,24.2,609.05,Mailed check,No,Male,0,Yes,Yes
4920,8067-NIOYM,0.6,Baixo,—,24,Two year,No,21.1,490.65,Credit card (automatic),Yes,Female,0,Yes,Yes
4921,3088-FVYWK,0.6,Baixo,—,53,Two year,No,25.55,1336.1,Credit card (automatic),No,Male,0,Yes,Yes
4922,8181-YHCMF,0.6,Baixo,—,68,Two year,DSL,60.3,4109.0,Credit card (automatic),No,Female,0,Yes,Yes
4923,8028-PNXHQ,0.6,Baixo,—,62,Two year,No,24.25,1424.6,Bank transfer (automatic),Yes,Male,0,Yes,Yes
4924,6164-HAQTX,0.6,Baixo,—,71,Two year,DSL,53.95,3888.65,Bank transfer (automatic),No,Male,0,No,No
4925,2607-DHDAK,0.6,Baixo,—,72,Two year,No,19.8,1414.65,Credit card (automatic),Yes,Male,0,Yes,Yes
4926,5266-PFRQK,0.6,Baixo,—,52,One year,No,20.85,1071.6,Credit card (automatic),Yes,Male,0,Yes,Yes
4927,0704-VCUMB,0.6,Baixo,—,61,Two year,No,20.25,1278.8,Credit card (automatic),No,Female,0,Yes,No
4928,4367-NUYAO,0.6,Baixo,Cliente novo (≤12 meses),0,Two year,No,25.75,0.0,Mailed check,No,Male,0,Yes,Yes
4929,3213-VVOLG,0.6,Baixo,Cliente novo (≤12 meses),0,Two year,No,25.35,0.0,Mailed check,No,Male,0,Yes,Yes
4930,8908-NMQTX,0.6,Baixo,—,72,Two year,DSL,65.6,4566.5,Bank transfer (automatic),Yes,Male,0,No,No
4931,4079-WWQQQ,0.6,Baixo,—,72,Two year,DSL,65.55,4807.45,Bank transfer (automatic),Yes,Male,0,No,No
4932,0744-BIKKF,0.6,Baixo,Mensalidade alta,72,Two year,DSL,86.65,6224.8,Bank transfer (automatic),No,Male,0,No,No
4933,7673-BQGKU,0.6,Baixo,—,69,Two year,No,20.15,1337.5,Bank transfer (automatic),No,Female,0,Yes,Yes
4934,3957-SQXML,0.6,Baixo,—,34,Two year,No,24.95,894.3,Credit card (automatic),No,Female,0,Yes,Yes
4935,1722-LDZJS,0.6,Baixo,—,53,One year,No,20.2,1068.15,Credit card (automatic),No,Male,0,Yes,Yes
4936,7328-ZJAJO,0.6,Baixo,—,59,Two year,No,19.5,1222.65,Credit card (automatic),No,Female,0,Yes,Yes
4937,7579-KKLOE,0.6,Baixo,Mensalidade alta,71,Two year,DSL,91.25,6589.6,Mailed check,Yes,Male,0,Yes,Yes
4938,2208-MPXIO,0.6,Baixo,—,45,Two year,No,20.0,886.4,Bank transfer (automatic),Yes,Female,0,Yes,Yes
4939,1839-FBNFR,0.6,Baixo,—,39,Two year,No,19.85,854.8,Bank transfer (automatic),Yes,Female,0,Yes,Yes
4940,8711-LOBKY,0.6,Baixo,—,59,Two year,No,19.85,1188.25,Mailed check,No,Male,0,Yes,Yes
4941,3745-HRPHI,0.6,Baixo,—,66,Two year,DSL,54.65,3632.0,Bank transfer (automatic),No,Male,0,Yes,Yes
4942,2569-WGERO,0.6,Baixo,—,72,Two year,No,21.15,1419.4,Bank transfer (automatic),Yes,Female,0,No,No
4943,2799-TSLAG,0.6,Baixo,—,65,Two year,No,25.3,1748.55,Bank transfer (automatic),Yes,Female,0,Yes,Yes
4944,1897-OKVMW,0.6,Baixo,Mensalidade alta,64,Two year,DSL,90.6,5817.45,Mailed check,Yes,Female,0,Yes,Yes
4945,0016-QLJIS,0.6,Baixo,Mensalidade alta,65,Two year,DSL,90.45,5957.9,Mailed check,Yes,Female,0,Yes,Yes
4946,4139-DETXS,0.6,Baixo,—,72,Two year,DSL,64.45,4528.0,Bank transfer (automatic),No,Female,0,Yes,Yes
4947,7602-DBTOU,0.6,Baixo,—,71,Two year,No,19.6,1416.5,Mailed check,No,Female,0,Yes,No
4948,8922-NPKBJ,0.6,Baixo,—,42,Two year,No,19.35,867.3,Mailed check,No,Male,0,Yes,Yes
4949,4967-WPNCF,0.6,Baixo,—,72,Two year,DSL,63.7,4464.8,Bank transfer (automatic),Yes,Male,0,No,No
4950,6619-RPLQZ,0.6,Baixo,—,45,Two year,No,20.85,892.15,Mailed check,No,Female,0,Yes,Yes
4951,2990-IAJSV,0.6,Baixo,Mensalidade alta,72,Two year,DSL,92.0,6632.75,Bank transfer (automatic),No,Male,0,No,No
4952,8902-ZEOVF,0.6,Baixo,—,47,One year,No,20.05,951.55,Mailed check,No,Male,0,Yes,Yes
4953,9257-AZMTZ,0.6,Baixo,—,52,Two year,No,20.1,1078.75,Bank transfer (automatic),No,Female,0,Yes,Yes
4954,8285-ABVLB,0.6,Baixo,—,70,Two year,No,19.85,1328.35,Credit card (automatic),No,Female,0,Yes,No
4955,2452-MRMZF,0.6,Baixo,—,72,Two year,No,25.7,1937.4,Credit card (automatic),Yes,Female,1,Yes,No
4956,6770-UAYGJ,0.6,Baixo,—,49,Two year,No,25.25,1211.65,Mailed check,No,Female,0,Yes,Yes
4957,5442-PPTJY,0.6,Baixo,Cliente novo (≤12 meses),12,Two year,No,19.7,258.35,Mailed check,No,Male,0,Yes,Yes
4958,3970-XGJDU,0.6,Baixo,—,62,Two year,No,19.2,1123.65,Credit card (automatic),Yes,Female,0,No,No
4959,5766-FTRTS,0.6,Baixo,Mensalidade alta,72,Two year,DSL,84.45,6033.1,Mailed check,No,Male,0,Yes,No
4960,0123-CRBRT,0.6,Baixo,Mensalidade alta,61,Two year,DSL,88.1,5526.75,Mailed check,No,Female,0,Yes,Yes
4961,0508-SQWPL,0.6,Baixo,—,57,Two year,No,20.1,1087.7,Bank transfer (automatic),Yes,Female,0,Yes,Yes
4962,6370-ZVHDV,0.6,Baixo,—,61,Two year,No,25.3,1554.9,Bank transfer (automatic),No,Female,0,Yes,No
4963,7416-CKTEP,0.6,Baixo,—,57,Two year,No,19.6,1134.25,Bank transfer (automatic),Yes,Female,0,Yes,No
4964,8204-YJCLA,0.6,Baixo,—,72,Two year,DSL,64.8,4732.35,Bank transfer (automatic),Yes,Male,1,Yes,Yes
4965,1591-XWLGB,0.6,Baixo,—,71,Two year,No,19.85,1379.6,Credit card (automatic),No,Female,0,Yes,No
4966,4518-FZBSX,0.6,Baixo,—,42,One year,No,20.25,854.9,Mailed check,No,Male,0,Yes,Yes
4967,3373-DIUUN,0.6,Baixo,—,30,Two year,No,21.25,711.9,Mailed check,No,Male,0,Yes,Yes
4968,4652-ODEVH,0.6,Baixo,—,45,Two year,No,24.45,1088.25,Mailed check,No,Male,0,Yes,Yes
4969,2208-NKVVH,0.6,Baixo,—,43,Two year,No,24.25,1077.95,Mailed check,No,Male,0,Yes,Yes
4970,4779-ZGICK,0.6,Baixo,—,48,Two year,No,23.55,1173.35,Mailed check,No,Male,0,Yes,Yes
4971,2718-YSKCS,0.6,Baixo,—,71,Two year,No,19.6,1387.45,Bank transfer (automatic),Yes,Male,0,Yes,Yes
4972,1293-BSEUN,0.6,Baixo,—,72,Two year,No,20.7,1482.3,Mailed check,Yes,Female,0,Yes,Yes
4973,5902-WBLSE,0.6,Baixo,—,70,Two year,No,20.15,1411.2,Credit card (automatic),Yes,Female,0,Yes,Yes
4974,1241-EZFMJ,0.6,Baixo,—,61,Two year,No,25.45,1538.6,Bank transfer (automatic),No,Male,0,Yes,No
4975,0486-LGCCH,0.6,Baixo,Cliente novo (≤12 meses),11,Two year,No,19.65,225.75,Mailed check,No,Male,0,Yes,Yes
4976,8347-GDTMP,0.6,Baixo,—,64,Two year,No,19.45,1225.65,Credit card (automatic),No,Female,0,Yes,No
4977,6848-HJTXY,0.6,Baixo,—,64,Two year,No,19.45,1208.6,Credit card (automatic),No,Female,0,Yes,No
4978,5220-AGAAX,0.6,Baixo,—,68,Two year,No,24.0,1664.3,Bank transfer (automatic),Yes,Male,0,Yes,Yes
4979,1167-OYZJF,0.6,Baixo,—,67,Two year,No,20.05,1263.05,Bank transfer (automatic),Yes,Female,1,Yes,No
4980,8755-OGKNA,0.5,Baixo,—,57,Two year,No,19.5,1167.6,Bank transfer (automatic),No,Female,0,Yes,Yes
4981,4077-HWUYD,0.5,Baixo,Mensalidade alta,72,Two year,DSL,87.55,6463.15,Bank transfer (automatic),Yes,Male,0,Yes,Yes
4982,7033-CLAMM,0.5,Baixo,—,48,Two year,No,20.2,1027.25,Bank transfer (automatic),No,Female,0,Yes,Yes
4983,1934-MKPXS,0.5,Baixo,—,33,One year,No,20.1,620.55,Credit card (automatic),No,Male,0,Yes,Yes
4984,3283-WCWXT,0.5,Baixo,Cliente novo (≤12 meses),6,Two year,No,25.4,153.3,Mailed check,No,Male,0,Yes,Yes
4985,5727-MYATE,0.5,Baixo,Mensalidade alta,72,Two year,DSL,90.8,6397.6,Credit card (automatic),Yes,Male,0,Yes,Yes
4986,4718-WXBGI,0.5,Baixo,Mensalidade alta,72,Two year,DSL,91.95,6614.9,Credit card (automatic),Yes,Male,0,Yes,Yes
4987,1951-IEYXM,0.5,Baixo,Mensalidade alta,72,Two year,DSL,90.6,6441.85,Credit card (automatic),Yes,Male,0,Yes,Yes
4988,5115-SQAAU,0.5,Baixo,—,69,Two year,No,25.6,1673.4,Bank transfer (automatic),Yes,Female,0,Yes,Yes
4989,8999-EXMNO,0.5,Baixo,—,19,Two year,No,20.15,387.7,Mailed check,No,Female,0,Yes,Yes
4990,0613-WUXUM,0.5,Baixo,—,70,Two year,No,19.2,1401.4,Mailed check,Yes,Female,0,Yes,Yes
4991,6169-PPETC,0.5,Baixo,—,35,Two year,No,20.5,759.35,Bank transfer (automatic),No,Male,0,Yes,Yes
4992,7647-GYYKX,0.5,Baixo,—,54,Two year,No,20.35,1092.35,Bank transfer (automatic),Yes,Female,0,Yes,Yes
4993,6248-BSHKG,0.5,Baixo,—,61,One year,No,20.4,1226.45,Mailed check,No,Male,0,Yes,Yes
4994,2545-LXYVJ,0.5,Baixo,—,72,Two year,No,20.7,1492.1,Bank transfer (automatic),No,Male,0,Yes,No
4995,0825-CPPQH,0.5,Baixo,—,71,Two year,No,19.1,1372.45,Credit card (automatic),No,Female,0,Yes,No
4996,4625-XMOYM,0.5,Baixo,—,72,Two year,No,26.25,1988.05,Bank transfer (automatic),Yes,Female,0,Yes,Yes
4997,1401-FTHFQ,0.5,Baixo,—,23,One year,No,20.0,445.3,Credit card (automatic),Yes,Male,0,Yes,Yes
4998,2888-ADFAO,0.5,Baixo,—,47,Two year,No,21.3,1041.8,Bank transfer (automatic),Yes,Female,0,Yes,Yes
4999,9173-IVZVP,0.5,Baixo,—,53,Two year,No,20.9,1146.05,Mailed check,No,Female,0,Yes,Yes
5000,5793-YOLJN,0.5,Baixo,—,55,Two year,No,21.0,1210.3,Mailed check,No,Female,0,Yes,Yes
5001,1862-QRWPE,0.5,Baixo,—,48,Two year,No,20.65,1057.0,Bank transfer (automatic),No,Female,0,Yes,Yes
5002,9297-EONCV,0.5,Baixo,Mensalidade alta,72,Two year,DSL,91.35,6697.2,Bank transfer (automatic),Yes,Female,0,No,No
5003,7161-DFHUF,0.5,Baixo,—,71,Two year,No,23.85,1672.1,Mailed check,No,Female,0,Yes,No
5004,2274-XUATA,0.5,Baixo,—,72,Two year,DSL,63.1,4685.55,Bank transfer (automatic),Yes,Male,1,Yes,No
5005,8441-SHIPE,0.5,Baixo,—,67,Two year,No,25.6,1790.35,Bank transfer (automatic),Yes,Female,0,No,No
5006,1927-QEWMY,0.5,Baixo,—,72,Two year,No,20.5,1502.25,Credit card (automatic),No,Female,0,Yes,No
5007,0301-FIDRB,0.5,Baixo,—,72,Two year,DSL,63.8,4684.3,Bank transfer (automatic),Yes,Female,0,Yes,Yes
5008,2072-ZVJJX,0.5,Baixo,—,68,Two year,No,25.25,1728.2,Bank transfer (automatic),No,Male,0,Yes,No
5009,6734-JDTTV,0.5,Baixo,—,65,Two year,No,19.85,1267.05,Credit card (automatic),Yes,Male,0,Yes,Yes
5010,1080-BWSYE,0.5,Baixo,—,64,Two year,No,25.65,1740.8,Credit card (automatic),No,Male,1,Yes,No
5011,1599-EAHXY,0.5,Baixo,—,60,One year,No,23.95,1506.4,Credit card (automatic),No,Male,0,Yes,Yes
5012,2418-TPEUN,0.5,Baixo,—,56,Two year,No,19.8,1119.9,Credit card (automatic),Yes,Female,0,Yes,Yes
5013,7850-THJMU,0.5,Baixo,—,26,Two year,No,19.65,494.9,Credit card (automatic),No,Female,0,Yes,Yes
5014,8896-RAZCR,0.5,Baixo,—,44,Two year,No,19.9,868.1,Mailed check,No,Female,0,No,Yes
5015,2632-TACXW,0.5,Baixo,—,62,Two year,No,23.65,1416.75,Bank transfer (automatic),No,Female,0,Yes,No
5016,7267-FRMJW,0.5,Baixo,—,25,Two year,No,20.1,486.05,Mailed check,No,Female,0,Yes,Yes
5017,1574-DYCWE,0.5,Baixo,—,51,Two year,No,19.95,1028.75,Mailed check,No,Female,0,Yes,Yes
5018,9251-AWQGT,0.5,Baixo,—,48,Two year,No,20.0,935.9,Mailed check,No,Female,0,Yes,Yes
5019,8215-NGSPE,0.5,Baixo,—,42,Two year,No,20.0,833.55,Mailed check,No,Female,0,Yes,Yes
5020,2400-FEQME,0.5,Baixo,—,55,Two year,No,20.5,1177.95,Mailed check,No,Male,0,Yes,Yes
5021,8173-RXAYP,0.5,Baixo,—,24,Two year,No,19.7,452.55,Mailed check,No,Female,0,Yes,Yes
5022,0386-CWRGM,0.5,Baixo,—,46,Two year,No,19.4,967.85,Mailed check,No,Female,0,Yes,Yes
5023,2230-XTUWL,0.5,Baixo,—,48,Two year,No,19.55,883.35,Mailed check,No,Female,0,Yes,Yes
5024,0625-AFOHS,0.5,Baixo,—,29,Two year,No,20.2,558.8,Mailed check,No,Female,0,Yes,Yes
5025,4609-KNNWG,0.5,Baixo,—,27,Two year,No,19.9,550.1,Mailed check,No,Female,0,Yes,Yes
5026,1270-XKUCC,0.5,Baixo,—,30,Two year,No,19.7,599.25,Mailed check,No,Female,0,Yes,Yes
5027,1635-NZATJ,0.5,Baixo,—,71,Two year,No,25.45,1789.65,Credit card (automatic),No,Male,1,Yes,No
5028,0354-VXMJC,0.5,Baixo,—,23,Two year,No,19.6,426.65,Credit card (automatic),No,Male,0,Yes,Yes
5029,1468-DEFNC,0.5,Baixo,—,64,Two year,No,24.4,1548.65,Bank transfer (automatic),Yes,Male,1,Yes,Yes
5030,3508-VLHCZ,0.5,Baixo,Mensalidade alta,71,Two year,DSL,90.55,6239.05,Credit card (automatic),Yes,Female,0,Yes,Yes
5031,0603-TPMIB,0.5,Baixo,—,59,Two year,No,25.45,1534.05,Mailed check,No,Female,0,Yes,Yes
5032,0969-RGKCU,0.5,Baixo,—,37,One year,No,19.8,677.05,Credit card (automatic),No,Male,0,Yes,Yes
5033,6892-BOGQE,0.5,Baixo,—,71,Two year,No,20.9,1493.2,Bank transfer (automatic),Yes,Female,0,Yes,No
5034,4565-NLZBV,0.5,Baixo,—,71,Two year,No,24.65,1710.15,Bank transfer (automatic),Yes,Female,0,Yes,No
5035,5242-UOWHD,0.5,Baixo,—,45,Two year,No,20.35,929.2,Mailed check,No,Male,0,Yes,Yes
5036,9537-JALFH,0.5,Baixo,—,69,Two year,No,19.9,1356.7,Bank transfer (automatic),No,Male,0,Yes,Yes
5037,3678-MNGZX,0.5,Baixo,—,68,Two year,No,19.95,1377.7,Bank transfer (automatic),No,Male,0,Yes,Yes
5038,4641-FROLU,0.5,Baixo,—,30,Two year,No,19.3,602.9,Mailed check,No,Female,0,Yes,Yes
5039,8380-MQINP,0.4,Baixo,—,55,Two year,No,20.3,1079.05,Mailed check,No,Female,0,Yes,Yes
5040,8129-GMVGI,0.4,Baixo,—,56,Two year,No,20.05,1090.1,Mailed check,No,Female,0,Yes,Yes
5041,9371-BITHB,0.4,Baixo,—,52,Two year,No,19.85,1070.5,Mailed check,No,Female,0,Yes,Yes
5042,9950-MTGYX,0.4,Baixo,—,28,Two year,No,20.3,487.95,Credit card (automatic),Yes,Male,0,Yes,Yes
5043,4312-KFRXN,0.4,Baixo,—,72,Two year,No,25.4,1710.9,Mailed check,No,Male,0,Yes,No
5044,8774-GSBUN,0.4,Baixo,—,72,Two year,No,25.4,1797.1,Mailed check,No,Male,0,Yes,No
5045,2400-XIWIO,0.4,Baixo,"Pagamento por cheque eletrônico, Mensalidade alta",71,Two year,DSL,90.1,6310.9,Electronic check,No,Female,0,Yes,No
5046,5859-HZYLF,0.4,Baixo,—,26,Two year,No,19.15,515.75,Credit card (automatic),Yes,Male,0,Yes,Yes
5047,2900-PHPLN,0.4,Baixo,—,70,Two year,No,19.55,1462.05,Credit card (automatic),Yes,Female,1,Yes,No
5048,7268-WNTCP,0.4,Baixo,—,62,Two year,No,20.45,1297.35,Bank transfer (automatic),No,Male,0,Yes,Yes
5049,5117-ZSMHQ,0.4,Baixo,Mensalidade alta,71,Two year,DSL,89.9,6342.7,Bank transfer (automatic),No,Female,0,Yes,Yes
5050,5549-ZGHFB,0.4,Baixo,—,50,Two year,No,24.95,1261.45,Mailed check,No,Male,0,Yes,Yes
5051,1248-DYXUB,0.4,Baixo,—,52,Two year,No,24.8,1229.1,Mailed check,No,Male,0,Yes,Yes
5052,7634-HLQJR,0.4,Baixo,—,47,Two year,No,20.05,1016.7,Credit card (automatic),No,Female,0,Yes,Yes
5053,3280-NMUVX,0.4,Baixo,—,34,One year,No,19.6,678.8,Credit card (automatic),No,Male,0,Yes,Yes
5054,8207-VVMYB,0.4,Baixo,—,70,Two year,No,26.0,2006.95,Bank transfer (automatic),Yes,Female,0,Yes,No
5055,0042-RLHYP,0.4,Baixo,—,69,Two year,No,19.7,1396.9,Bank transfer (automatic),No,Female,0,Yes,Yes
5056,1106-HRLKZ,0.4,Baixo,—,40,Two year,No,19.6,808.95,Mailed check,No,Male,0,Yes,Yes
5057,6461-SZMCV,0.4,Baixo,Mensalidade alta,71,Two year,DSL,87.95,6365.35,Bank transfer (automatic),No,Female,0,Yes,No
5058,3498-LZGQZ,0.4,Baixo,—,63,Two year,No,19.15,1177.05,Mailed check,Yes,Male,0,Yes,Yes
5059,1166-PQLGG,0.4,Baixo,—,72,Two year,No,19.55,1463.45,Bank transfer (automatic),No,Female,0,Yes,Yes
5060,6479-VDGRK,0.4,Baixo,Mensalidade alta,72,Two year,DSL,85.3,6129.2,Bank transfer (automatic),No,Female,0,Yes,Yes
5061,8917-SZTTJ,0.4,Baixo,—,60,Two year,No,19.65,1161.75,Credit card (automatic),No,Male,0,Yes,Yes
5062,9574-BOSMD,0.4,Baixo,—,68,Two year,No,25.4,1620.2,Bank transfer (automatic),No,Male,0,Yes,Yes
5063,0902-XKXPN,0.4,Baixo,—,69,Two year,No,20.2,1376.5,Bank transfer (automatic),No,Male,0,Yes,Yes
5064,7101-HRBLJ,0.4,Baixo,Mensalidade alta,72,Two year,DSL,83.7,6096.9,Bank transfer (automatic),Yes,Female,0,Yes,Yes
5065,2626-VEEWG,0.4,Baixo,—,67,Two year,No,19.4,1284.2,Credit card (automatic),Yes,Male,0,Yes,Yes
5066,9453-PATOS,0.4,Baixo,Mensalidade alta,72,Two year,DSL,85.1,6155.4,Mailed check,No,Female,0,Yes,No
5067,4804-NCPET,0.4,Baixo,—,19,Two year,No,20.2,387.4,Mailed check,No,Male,0,Yes,Yes
5068,0794-YVSGE,0.4,Baixo,—,72,Two year,No,20.3,1401.15,Bank transfer (automatic),No,Male,0,Yes,Yes
5069,0244-LGNFY,0.4,Baixo,Mensalidade alta,72,Two year,DSL,92.65,6733.0,Bank transfer (automatic),No,Female,0,Yes,Yes
5070,1971-DTCZB,0.4,Baixo,Mensalidade alta,72,Two year,DSL,90.95,6468.6,Bank transfer (automatic),Yes,Female,0,Yes,No
5071,1227-UDMZR,0.4,Baixo,Mensalidade alta,72,Two year,DSL,91.15,6637.9,Bank transfer (automatic),Yes,Female,0,Yes,No
5072,1820-DJFPH,0.4,Baixo,—,72,Two year,No,24.05,1709.15,Bank transfer (automatic),Yes,Female,0,Yes,Yes
5073,2729-VNVAP,0.4,Baixo,—,33,Two year,No,19.8,641.35,Credit card (automatic),No,Female,0,Yes,Yes
5074,5879-HMFFH,0.4,Baixo,Mensalidade alta,72,Two year,DSL,88.05,6520.8,Bank transfer (automatic),No,Female,0,Yes,No
5075,5377-NDTOU,0.4,Baixo,Mensalidade alta,71,Two year,DSL,91.05,6293.75,Mailed check,No,Female,0,Yes,Yes
5076,1098-KFQEC,0.4,Baixo,—,55,Two year,No,19.4,1083.0,Credit card (automatic),No,Female,0,Yes,Yes
5077,6762-NSODU,0.4,Baixo,—,46,Two year,No,19.4,958.15,Credit card (automatic),No,Female,0,Yes,Yes
5078,9565-AXSMR,0.4,Baixo,—,52,Two year,No,19.2,1054.75,Mailed check,No,Male,0,Yes,Yes
5079,4475-NVTLU,0.4,Baixo,Pagamento por cheque eletrônico,45,Two year,No,19.2,903.7,Electronic check,No,Male,0,Yes,Yes
5080,7601-GNDYK,0.4,Baixo,—,35,Two year,No,19.6,686.95,Mailed check,No,Male,0,Yes,Yes
5081,4534-WGCIR,0.4,Baixo,—,58,Two year,No,25.15,1509.9,Credit card (automatic),No,Female,0,Yes,Yes
5082,0962-CQPWQ,0.4,Baixo,—,62,Two year,No,20.3,1296.15,Bank transfer (automatic),No,Female,0,Yes,Yes
5083,3777-XROBG,0.4,Baixo,—,58,Two year,No,19.55,1079.65,Credit card (automatic),No,Female,0,Yes,Yes
5084,3913-RDSJZ,0.4,Baixo,—,64,Two year,No,25.55,1714.95,Mailed check,No,Female,0,Yes,No
5085,9625-RZFUK,0.3,Baixo,—,63,Two year,No,19.7,1275.85,Mailed check,No,Male,0,Yes,Yes
5086,8043-PNYSD,0.3,Baixo,—,63,Two year,No,19.55,1245.6,Mailed check,No,Male,0,Yes,Yes
5087,0040-HALCW,0.3,Baixo,—,54,Two year,No,20.4,1090.6,Credit card (automatic),No,Male,0,Yes,Yes
5088,6479-SZPLM,0.3,Baixo,—,36,Two year,No,19.45,754.5,Credit card (automatic),No,Male,0,Yes,Yes
5089,6582-PLFUU,0.3,Baixo,—,51,Two year,No,19.55,1086.75,Credit card (automatic),No,Male,0,Yes,Yes
5090,8750-QWZAJ,0.3,Baixo,—,70,Two year,No,19.8,1378.75,Bank transfer (automatic),No,Female,0,Yes,Yes
5091,7064-JHXCE,0.3,Baixo,—,62,Two year,No,20.05,1263.9,Credit card (automatic),No,Male,0,Yes,Yes
5092,3084-DOWLE,0.3,Baixo,Mensalidade alta,72,Two year,DSL,92.0,6474.4,Bank transfer (automatic),No,Female,0,Yes,No
5093,4086-WITJG,0.3,Baixo,—,71,Two year,No,19.7,1301.1,Credit card (automatic),No,Male,0,Yes,Yes
5094,6408-WHTEF,0.3,Baixo,Mensalidade alta,72,Two year,DSL,89.4,6376.55,Mailed check,Yes,Male,0,Yes,Yes
5095,4635-EJYPD,0.3,Baixo,—,32,Two year,No,18.95,613.95,Mailed check,No,Male,0,Yes,Yes
5096,6614-YWYSC,0.3,Baixo,—,61,Two year,No,25.0,1501.75,Bank transfer (automatic),No,Male,1,Yes,No
5097,6340-DACFT,0.3,Baixo,—,50,Two year,No,20.55,1070.25,Credit card (automatic),No,Female,0,Yes,Yes
5098,9081-WWXKP,0.3,Baixo,—,47,Two year,No,20.25,873.4,Credit card (automatic),No,Female,0,Yes,Yes
5099,3774-VBNXY,0.3,Baixo,—,64,Two year,No,20.2,1277.75,Mailed check,No,Female,0,Yes,Yes
5100,1240-HCBOH,0.3,Baixo,—,67,Two year,No,26.1,1759.55,Mailed check,Yes,Female,0,No,No
5101,2848-YXSMW,0.3,Baixo,—,72,Two year,No,19.4,1363.25,Credit card (automatic),No,Male,0,Yes,Yes
5102,3642-BYHDO,0.3,Baixo,—,71,Two year,No,19.9,1389.35,Bank transfer (automatic),No,Female,0,Yes,Yes
5103,0264-CNITK,0.3,Baixo,—,71,Two year,No,20.1,1389.6,Bank transfer (automatic),No,Female,0,Yes,Yes
5104,0464-WJTKO,0.3,Baixo,—,72,Two year,No,20.1,1460.85,Bank transfer (automatic),No,Female,0,Yes,Yes
5105,2346-LOCWC,0.3,Baixo,—,58,Two year,No,20.5,1191.4,Credit card (automatic),No,Female,0,Yes,Yes
5106,3457-PQBYH,0.3,Baixo,—,58,Two year,No,20.3,1160.75,Credit card (automatic),No,Female,0,Yes,Yes
5107,0640-YJTPY,0.3,Baixo,—,72,Two year,No,21.0,1493.75,Bank transfer (automatic),No,Male,0,Yes,Yes
5108,7980-MHFLQ,0.3,Baixo,—,72,Two year,No,24.9,1859.2,Mailed check,No,Female,0,Yes,Yes
5109,5970-GHJAW,0.3,Baixo,—,46,Two year,No,19.95,862.4,Credit card (automatic),No,Male,0,Yes,Yes
5110,1403-GYAFU,0.3,Baixo,—,70,Two year,No,20.05,1360.25,Credit card (automatic),No,Male,0,Yes,Yes
5111,9800-OUIGR,0.3,Baixo,—,66,Two year,No,20.0,1374.2,Credit card (automatic),No,Male,0,Yes,Yes
5112,6923-AQONU,0.3,Baixo,—,23,Two year,No,20.9,454.0,Mailed check,No,Male,0,Yes,Yes
5113,3451-VAWLI,0.3,Baixo,—,35,Two year,No,19.7,730.4,Credit card (automatic),No,Female,0,Yes,Yes
5114,4878-BUNFV,0.3,Baixo,—,42,Two year,No,20.7,828.85,Mailed check,No,Male,0,Yes,Yes
5115,8148-NLEGT,0.3,Baixo,Pagamento por cheque eletrônico,42,Two year,No,22.95,1014.25,Electronic check,No,Female,0,Yes,Yes
5116,8197-BFWVU,0.3,Baixo,Mensalidade alta,72,Two year,DSL,93.25,6688.95,Bank transfer (automatic),Yes,Female,0,Yes,Yes
5117,4589-IUAJB,0.3,Baixo,—,70,Two year,No,24.25,1724.15,Bank transfer (automatic),No,Male,0,Yes,No
5118,0971-QIFJK,0.3,Baixo,—,69,Two year,No,24.25,1641.8,Bank transfer (automatic),No,Female,0,Yes,No
5119,1223-UNPKS,0.3,Baixo,—,20,Two year,No,20.05,400.0,Mailed check,No,Male,0,Yes,Yes
5120,8434-VGEQQ,0.3,Baixo,—,61,Two year,No,20.55,1305.95,Credit card (automatic),No,Male,0,Yes,Yes
5121,5346-BZCHP,0.3,Baixo,—,69,Two year,No,19.4,1346.2,Mailed check,No,Female,0,Yes,Yes
5122,6621-NRZAK,0.3,Baixo,—,63,Two year,No,20.0,1209.25,Credit card (automatic),No,Female,0,Yes,Yes
5123,2007-QVGAW,0.3,Baixo,—,68,Two year,No,19.35,1292.65,Bank transfer (automatic),Yes,Female,0,Yes,Yes
5124,5846-ABOBJ,0.3,Baixo,—,71,Two year,No,24.45,1730.65,Bank transfer (automatic),No,Male,0,Yes,No
5125,3279-DYZQM,0.3,Baixo,—,71,Two year,No,19.45,1378.45,Mailed check,No,Male,0,Yes,Yes
5126,7969-FFOWG,0.3,Baixo,—,65,Two year,No,19.9,1292.6,Mailed check,No,Male,0,Yes,Yes
5127,7876-DNYAP,0.3,Baixo,—,69,Two year,No,19.8,1436.95,Credit card (automatic),No,Female,0,Yes,Yes
5128,7717-BICXI,0.3,Baixo,—,60,Two year,No,20.55,1205.05,Mailed check,No,Male,0,Yes,Yes
5129,6980-IMXXE,0.3,Baixo,—,69,Two year,No,20.2,1412.65,Bank transfer (automatic),No,Female,0,Yes,Yes
5130,2236-HILPA,0.3,Baixo,—,62,Two year,No,20.65,1218.45,Credit card (automatic),No,Male,0,Yes,Yes
5131,1052-QJIBV,0.3,Baixo,—,71,Two year,No,19.9,1397.3,Credit card (automatic),No,Female,0,Yes,Yes
5132,8229-BUJHX,0.3,Baixo,—,71,Two year,No,20.5,1500.95,Bank transfer (automatic),No,Female,0,Yes,Yes
5133,9972-EWRJS,0.3,Baixo,—,67,Two year,No,19.25,1372.9,Bank transfer (automatic),Yes,Female,0,Yes,Yes
5134,9153-BTBVV,0.3,Baixo,—,71,Two year,No,25.0,1753.0,Bank transfer (automatic),No,Female,0,Yes,No
5135,4443-EMBNA,0.3,Baixo,—,71,Two year,No,24.75,1836.9,Bank transfer (automatic),No,Female,0,Yes,No
5136,7115-IRDHS,0.3,Baixo,—,72,Two year,No,24.65,1830.05,Bank transfer (automatic),No,Female,0,Yes,No
5137,4957-SREEC,0.3,Baixo,—,70,Two year,No,20.35,1458.1,Credit card (automatic),No,Male,0,Yes,Yes
5138,1131-QQZEB,0.2,Baixo,—,71,Two year,No,23.95,1756.2,Bank transfer (automatic),No,Male,1,Yes,No
5139,8735-SDUFN,0.2,Baixo,—,72,Two year,No,24.3,1778.7,Bank transfer (automatic),No,Female,1,Yes,No
5140,3996-ZNWYK,0.2,Baixo,—,71,Two year,No,19.8,1388.45,Credit card (automatic),No,Male,1,Yes,Yes
5141,4231-LZUYM,0.2,Baixo,—,72,Two year,No,25.65,1887.0,Bank transfer (automatic),No,Female,0,Yes,No
5142,4195-PNGZS,0.2,Baixo,—,69,Two year,No,24.45,1718.2,Bank transfer (automatic),No,Male,0,Yes,Yes
5143,1299-AURJA,0.2,Baixo,—,70,Two year,No,24.7,1685.9,Bank transfer (automatic),No,Female,0,Yes,Yes
5144,6928-ONTRW,0.2,Baixo,—,72,Two year,No,19.7,1379.8,Credit card (automatic),No,Female,0,Yes,Yes
5145,3173-WSSUE,0.2,Baixo,—,71,Two year,No,19.7,1415.85,Credit card (automatic),No,Female,0,Yes,Yes
5146,0485-ZBSLN,0.2,Baixo,—,65,Two year,No,24.75,1715.1,Credit card (automatic),No,Male,0,Yes,Yes
5147,8780-IHCRN,0.2,Baixo,—,63,Two year,No,24.65,1574.5,Credit card (automatic),No,Male,0,Yes,Yes
5148,0831-JNISG,0.2,Baixo,—,71,Two year,No,19.8,1396.25,Mailed check,No,Male,0,Yes,Yes
5149,7684-XSZIY,0.2,Baixo,—,72,Two year,No,24.3,1643.25,Bank transfer (automatic),No,Male,0,Yes,Yes
5150,6857-TKDJV,0.2,Baixo,—,67,Two year,No,24.65,1620.45,Bank transfer (automatic),No,Male,0,Yes,Yes
5151,0562-HKHML,0.2,Baixo,—,71,Two year,No,23.9,1626.4,Credit card (automatic),No,Male,0,Yes,Yes
5152,7010-BRBUU,0.2,Baixo,—,72,Two year,No,24.1,1734.65,Credit card (automatic),No,Male,0,Yes,Yes
5153,7711-GQBZC,0.2,Baixo,—,71,Two year,No,24.7,1810.55,Bank transfer (automatic),No,Female,0,Yes,Yes
5154,5884-FBCTL,0.2,Baixo,—,72,Two year,No,25.1,1857.85,Bank transfer (automatic),No,Female,0,Yes,Yes
5155,0394-YONDK,0.2,Baixo,—,70,Two year,No,25.15,1790.15,Credit card (automatic),No,Male,0,Yes,Yes
5156,1555-HAPSU,0.2,Baixo,—,71,Two year,No,23.9,1663.5,Credit card (automatic),No,Female,0,Yes,Yes
5157,0480-KYJVA,0.2,Baixo,—,72,Two year,No,24.25,1784.5,Credit card (automatic),No,Female,0,Yes,Yes
5158,8224-KDLKN,0.2,Baixo,—,72,Two year,No,25.0,1738.9,Bank transfer (automatic),No,Male,0,Yes,Yes
5159,4193-IBKSW,0.2,Baixo,—,72,Two year,No,24.75,1769.6,Bank transfer (automatic),No,Male,0,Yes,Yes
5160,6285-FTQBF,0.2,Baixo,—,72,Two year,No,25.55,1867.7,Credit card (automatic),No,Male,0,Yes,Yes
5161,0174-QRVVY,0.2,Baixo,—,71,Two year,No,25.35,1847.55,Credit card (automatic),No,Male,0,Yes,Yes
5162,6181-AXXYF,0.2,Baixo,—,72,Two year,No,24.75,1859.1,Credit card (automatic),No,Male,0,Yes,Yes
5163,3261-CQXOL,0.2,Baixo,—,71,Two year,No,25.45,1813.35,Bank transfer (automatic),No,Female,0,Yes,Yes
5164,6976-BWGLQ,0.2,Baixo,—,72,Two year,No,25.2,1787.35,Bank transfer (automatic),No,Female,0,Yes,Yes
5165,3836-FZSDJ,0.2,Baixo,—,71,Two year,No,24.85,1901.0,Bank transfer (automatic),No,Male,1,Yes,No
5166,2050-ONYDQ,0.2,Baixo,—,65,Two year,No,26.0,1654.85,Credit card (automatic),No,Female,0,Yes,Yes
5167,0402-OAMEN,0.2,Baixo,—,72,Two year,No,24.45,1709.1,Bank transfer (automatic),No,Female,0,Yes,Yes
5168,8946-BFWSG,0.2,Baixo,—,63,Two year,No,25.25,1573.05,Mailed check,No,Male,0,Yes,Yes
5169,3810-PJUHR,0.1,Baixo,—,70,Two year,No,25.35,1715.15,Mailed check,No,Male,0,Yes,Yes
5170,6651-RLGGM,0.1,Baixo,—,67,Two year,No,26.3,1688.9,Mailed check,No,Male,0,Yes,Yes
5171,5854-KSRBJ,0.1,Baixo,—,70,Two year,No,25.4,1782.05,Mailed check,No,Male,0,Yes,Yes
5172,7225-IILWY,0.1,Baixo,—,68,Two year,No,25.75,1686.15,Mailed check,No,Male,0,Yes,Yes
5173,9838-BFCQT,0.1,Baixo,—,72,Two year,No,26.1,1851.45,Mailed check,No,Male,0,Yes,Yes
5174,7643-RCHXS,0.1,Baixo,Pagamento por cheque eletrônico,63,Two year,No,19.35,1263.85,Electronic check,No,Female,0,Yes,Yes
